Timestamp,OutdoorTemperature,IndoorTemperature,AC_Setpoint,DesiredTemperature,Occupancy,ElectricityPrice,ShiftableLoad,NonShiftableLoad,MiscLoad,AC_Power,TotalDemand,PredictedOccupancy,UncertaintyBudget,DRP_Active,PenaltyOrReward,EnergyCost,ThermalDiscomfort
2022-06-01 00:00:00,25.5,23.34,23.09,23.33,1,0.082,2.485,1.356,1.192,2.472,7.506,1.0,1.03,1,0.048,0.663,0.238
2022-06-01 01:00:00,24.97,22.96,22.39,23.33,0,0.119,2.175,0.813,0.587,2.284,5.859,0.0,0.94,0,0.0,0.697,0.0
2022-06-01 02:00:00,25.87,24.58,22.0,23.33,1,0.113,1.165,2.0,0.665,2.8,6.63,1.0,1.0,1,0.024,0.775,1.33
2022-06-01 03:00:00,26.86,24.61,25.45,23.33,0,0.085,1.666,1.44,1.005,1.365,5.475,1.0,0.96,0,0.0,0.467,0.0
2022-06-01 04:00:00,25.21,23.67,23.19,23.33,1,0.117,1.678,2.539,0.778,2.444,7.439,1.0,1.09,0,0.0,0.869,0.144
2022-06-01 05:00:00,25.33,23.35,23.48,23.33,1,0.098,0.486,1.577,0.237,2.357,4.657,1.0,0.95,1,0.045,0.501,0.148
2022-06-01 06:00:00,27.25,26.09,22.93,23.33,3,0.095,0.5,2.171,1.043,3.321,7.035,2.0,0.98,1,-0.026,0.641,1.198
2022-06-01 07:00:00,26.55,24.63,22.12,23.33,3,0.098,1.174,1.271,0.251,3.565,6.261,3.0,1.09,0,0.0,0.616,3.636
2022-06-01 08:00:00,25.43,23.81,22.78,23.33,3,0.113,2.279,1.024,0.371,3.367,7.04,3.0,0.96,0,0.0,0.798,1.659
2022-06-01 09:00:00,26.55,23.91,22.0,23.33,1,0.106,0.025,1.47,0.302,2.8,4.597,1.0,1.03,1,-0.019,0.47,1.33
2022-06-01 10:00:00,25.66,24.54,25.73,23.33,0,0.164,1.956,2.017,0.278,1.28,5.531,0.0,0.96,0,0.0,0.91,0.0
2022-06-01 11:00:00,25.77,23.93,22.0,23.33,2,0.142,0.144,2.142,0.226,3.2,5.712,2.0,0.92,1,-0.04,0.768,2.66
2022-06-01 12:00:00,26.58,24.67,22.0,23.33,2,0.143,1.196,1.946,0.255,3.2,6.596,2.0,1.03,0,0.0,0.946,2.66
2022-06-01 13:00:00,24.54,22.09,22.47,23.33,0,0.191,1.595,2.97,0.642,2.258,7.466,0.0,1.08,0,0.0,1.429,0.0
2022-06-01 14:00:00,24.84,22.69,24.55,23.33,0,0.198,1.717,2.228,0.453,1.636,6.034,0.0,0.99,1,0.006,1.199,0.0
2022-06-01 15:00:00,26.11,23.78,23.02,23.33,0,0.181,0.146,2.829,0.327,2.095,5.396,0.0,1.03,1,0.013,0.991,0.0
2022-06-01 16:00:00,25.77,23.22,22.0,23.33,1,0.162,1.047,0.795,0.859,2.8,5.5,2.0,1.02,1,0.042,0.932,1.33
2022-06-01 17:00:00,27.21,24.49,24.51,23.33,1,0.196,1.46,0.653,0.426,2.048,4.588,1.0,0.98,1,0.004,0.905,1.175
2022-06-01 18:00:00,26.1,24.47,23.88,23.33,3,0.097,0.165,1.277,0.219,3.037,4.698,2.0,1.02,0,0.0,0.455,1.642
2022-06-01 19:00:00,25.7,23.63,23.65,23.33,2,0.106,0.338,0.841,0.618,2.706,4.504,2.0,0.95,1,-0.044,0.434,0.632
2022-06-01 20:00:00,28.69,26.01,23.86,23.33,3,0.1,1.659,1.815,0.51,3.042,7.027,3.0,0.98,0,0.0,0.704,1.587
2022-06-01 21:00:00,27.11,24.13,25.87,23.33,1,0.109,1.304,1.797,0.519,1.638,5.258,1.0,0.99,1,-0.002,0.572,2.543
2022-06-01 22:00:00,27.51,24.73,25.62,23.33,1,0.099,0.405,1.938,0.645,1.713,4.701,1.0,1.07,0,0.0,0.466,2.292
2022-06-01 23:00:00,26.13,24.39,22.18,23.33,1,0.091,1.338,2.363,0.869,2.747,7.317,1.0,0.97,0,0.0,0.669,1.154
2022-06-02 00:00:00,27.12,25.73,24.95,23.33,0,0.095,2.282,2.928,0.816,1.515,7.542,0.0,1.03,0,0.0,0.713,0.0
2022-06-02 01:00:00,27.88,25.9,23.46,23.33,0,0.114,0.039,2.696,1.137,1.962,5.834,0.0,0.94,1,-0.017,0.65,0.0
2022-06-02 02:00:00,26.73,24.24,23.6,23.33,1,0.099,1.607,0.796,0.718,2.32,5.441,1.0,0.95,0,0.0,0.537,0.269
2022-06-02 03:00:00,28.36,26.37,22.0,23.33,1,0.089,0.184,1.346,0.673,2.8,5.003,1.0,1.03,1,0.028,0.471,1.33
2022-06-02 04:00:00,27.49,25.52,22.8,23.33,0,0.117,0.016,1.14,0.413,2.161,3.73,1.0,1.05,0,0.0,0.438,0.0
2022-06-02 05:00:00,27.91,25.23,22.02,23.33,0,0.112,0.377,0.942,0.955,2.393,4.667,0.0,0.99,0,0.0,0.522,0.0
2022-06-02 06:00:00,27.7,25.98,23.99,23.33,1,0.082,1.057,1.862,0.341,2.202,5.462,1.0,0.97,0,0.0,0.449,0.664
2022-06-02 07:00:00,30.26,27.54,24.29,23.33,2,0.12,2.006,1.883,0.691,2.514,7.095,2.0,1.08,0,0.0,0.851,1.911
2022-06-02 08:00:00,28.5,26.69,22.0,23.33,1,0.108,0.704,1.068,0.621,2.8,5.194,1.0,0.93,1,-0.05,0.51,1.33
2022-06-02 09:00:00,27.56,25.91,22.97,23.33,2,0.086,1.564,2.28,0.858,2.908,7.61,2.0,1.04,1,0.044,0.702,0.713
2022-06-02 10:00:00,29.55,27.64,24.35,23.33,1,0.14,1.028,2.332,1.118,2.096,6.574,1.0,1.04,1,-0.024,0.898,1.016
2022-06-02 11:00:00,27.61,25.08,22.78,23.33,0,0.199,0.586,0.552,1.147,2.167,4.452,0.0,1.04,0,0.0,0.888,0.0
2022-06-02 12:00:00,29.14,27.89,23.87,23.33,2,0.162,1.286,1.489,0.368,2.638,5.78,2.0,1.09,1,0.032,0.967,1.09
2022-06-02 13:00:00,27.07,25.68,23.42,23.33,2,0.191,1.994,2.725,0.462,2.774,7.954,2.0,1.05,0,0.0,1.518,0.183
2022-06-02 14:00:00,27.81,24.91,23.41,23.33,1,0.172,2.081,1.801,1.012,2.377,7.271,1.0,0.96,1,-0.003,1.249,0.08
2022-06-02 15:00:00,29.44,28.08,22.67,23.33,2,0.148,2.116,1.369,0.718,2.998,7.201,2.0,0.97,0,0.0,1.065,1.311
2022-06-02 16:00:00,30.08,27.94,22.0,23.33,2,0.188,0.846,1.134,0.653,3.2,5.834,2.0,0.98,1,-0.015,1.081,2.66
2022-06-02 17:00:00,29.61,27.45,22.0,23.33,2,0.183,1.984,1.108,0.911,3.2,7.203,2.0,0.91,1,0.023,1.338,2.66
2022-06-02 18:00:00,29.43,27.45,23.85,23.33,3,0.084,0.53,0.749,0.802,3.045,5.126,3.0,1.08,0,0.0,0.431,1.564
2022-06-02 19:00:00,29.34,27.05,23.02,23.33,3,0.107,1.846,2.543,1.171,3.293,8.853,3.0,0.91,0,0.0,0.949,0.92
2022-06-02 20:00:00,28.26,26.8,22.83,23.33,3,0.111,2.371,0.717,0.784,3.35,7.221,3.0,1.04,1,0.001,0.803,1.489
2022-06-02 21:00:00,29.12,27.01,22.49,23.33,1,0.1,0.034,1.231,0.666,2.653,4.584,2.0,1.05,0,0.0,0.459,0.839
2022-06-02 22:00:00,29.48,27.73,22.63,23.33,2,0.095,1.101,0.614,0.743,3.01,5.468,2.0,1.07,1,0.018,0.535,1.392
2022-06-02 23:00:00,31.09,28.77,24.26,23.33,1,0.097,1.619,2.453,1.009,2.123,7.205,0.0,1.01,1,0.026,0.727,0.926
2022-06-03 00:00:00,30.47,29.19,22.6,23.33,0,0.096,1.754,0.598,0.813,2.221,5.386,0.0,1.05,1,0.02,0.534,0.0
2022-06-03 01:00:00,28.46,26.32,22.0,23.33,0,0.118,0.44,1.271,0.847,2.4,4.958,0.0,0.96,1,0.035,0.622,0.0
2022-06-03 02:00:00,30.65,29.28,23.89,23.33,0,0.111,2.43,1.933,1.171,1.832,7.367,0.0,1.05,0,0.0,0.816,0.0
2022-06-03 03:00:00,30.03,28.47,22.75,23.33,1,0.088,1.538,1.524,0.818,2.574,6.454,1.0,0.97,0,0.0,0.57,0.576
2022-06-03 04:00:00,29.83,28.4,23.04,23.33,2,0.095,0.411,1.206,0.58,2.889,5.086,2.0,1.08,0,0.0,0.485,0.585
2022-06-03 05:00:00,31.22,29.85,24.93,23.33,1,0.102,0.051,1.188,0.891,1.921,4.052,1.0,0.93,1,0.046,0.459,1.599
2022-06-03 06:00:00,31.73,29.08,22.98,23.33,3,0.105,1.958,2.494,0.859,3.307,8.619,3.0,0.96,1,-0.006,0.895,1.064
2022-06-03 07:00:00,31.72,30.15,23.35,23.33,1,0.099,0.199,2.935,0.214,2.396,5.744,1.0,1.0,1,0.046,0.613,0.017
2022-06-03 08:00:00,30.04,27.19,22.0,23.33,1,0.112,0.353,1.37,0.667,2.8,5.19,1.0,1.06,1,0.027,0.61,1.33
2022-06-03 09:00:00,30.66,27.72,22.74,23.33,3,0.111,1.437,0.598,0.943,3.379,6.357,3.0,1.05,1,0.022,0.726,1.781
2022-06-03 10:00:00,31.39,29.25,23.73,23.33,2,0.185,1.509,0.591,0.699,2.681,5.48,2.0,0.94,1,-0.001,1.012,0.803
2022-06-03 11:00:00,32.12,30.84,22.0,23.33,0,0.18,1.717,2.398,0.98,2.4,7.495,0.0,0.93,0,0.0,1.351,0.0
2022-06-03 12:00:00,30.76,29.01,23.24,23.33,0,0.179,0.984,1.881,0.651,2.028,5.543,0.0,0.96,1,0.003,0.993,0.0
2022-06-03 13:00:00,31.14,28.54,23.12,23.33,1,0.155,1.935,2.459,1.183,2.464,8.041,1.0,1.0,1,-0.021,1.223,0.209
2022-06-03 14:00:00,30.3,28.57,23.05,23.33,0,0.141,2.436,2.244,0.493,2.085,7.258,0.0,1.01,0,0.0,1.026,0.0
2022-06-03 15:00:00,30.3,29.13,24.24,23.33,0,0.189,0.678,2.769,0.292,1.727,5.465,0.0,0.99,0,0.0,1.03,0.0
2022-06-03 16:00:00,32.39,30.28,23.4,23.33,0,0.169,1.758,2.715,0.63,1.98,7.082,0.0,1.03,0,0.0,1.2,0.0
2022-06-03 17:00:00,33.02,30.33,24.77,23.33,0,0.158,2.321,2.471,0.742,1.568,7.102,0.0,0.99,1,-0.007,1.118,0.0
2022-06-03 18:00:00,31.68,29.08,22.0,23.33,2,0.111,1.716,1.688,0.549,3.2,7.153,3.0,1.09,1,-0.043,0.75,2.66
2022-06-03 19:00:00,32.83,31.48,23.16,23.33,2,0.117,1.703,1.27,0.442,2.851,6.266,2.0,0.95,0,0.0,0.734,0.334
2022-06-03 20:00:00,32.27,29.93,23.1,23.33,1,0.083,0.559,1.768,0.872,2.47,5.669,2.0,1.03,1,-0.013,0.455,0.229
2022-06-03 21:00:00,31.35,29.91,22.0,23.33,2,0.105,1.338,1.755,0.577,3.2,6.87,2.0,1.02,0,0.0,0.722,2.66
2022-06-03 22:00:00,32.43,31.0,24.15,23.33,3,0.086,1.406,2.026,0.831,2.956,7.219,3.0,0.96,1,0.028,0.647,2.453
2022-06-03 23:00:00,33.69,30.94,25.79,23.33,3,0.1,1.75,0.965,0.979,2.463,6.158,3.0,0.98,1,-0.035,0.581,7.379
2022-06-04 00:00:00,32.19,30.69,22.98,23.33,0,0.086,2.492,2.139,0.961,2.106,7.698,0.0,0.97,1,0.01,0.674,0.0
2022-06-04 01:00:00,33.87,32.35,23.61,23.33,0,0.085,0.084,1.642,0.575,1.918,4.219,0.0,0.93,0,0.0,0.359,0.0
2022-06-04 02:00:00,29.76,28.76,23.1,23.33,0,0.08,0.163,2.051,0.768,2.07,5.051,0.0,1.0,1,0.007,0.413,0.0
2022-06-04 03:00:00,33.28,30.54,22.14,23.33,1,0.105,0.195,1.099,0.65,2.757,4.7,1.0,0.98,0,0.0,0.495,1.186
2022-06-04 04:00:00,32.62,30.03,22.0,23.33,0,0.094,1.857,1.586,1.071,2.4,6.914,0.0,0.94,0,0.0,0.652,0.0
2022-06-04 05:00:00,32.31,30.05,22.15,23.33,1,0.084,0.341,1.026,1.079,2.754,5.199,1.0,0.99,0,0.0,0.438,1.177
2022-06-04 06:00:00,32.77,30.27,22.0,23.33,2,0.093,1.556,2.688,0.544,3.2,7.988,2.0,0.98,1,0.027,0.769,2.66
2022-06-04 07:00:00,30.76,29.46,25.04,23.33,2,0.087,0.812,1.72,0.292,2.287,5.11,2.0,0.93,1,-0.048,0.395,3.43
2022-06-04 08:00:00,32.6,30.68,22.86,23.33,3,0.118,1.143,1.062,0.368,3.341,5.915,3.0,0.93,1,0.028,0.724,1.404
2022-06-04 09:00:00,33.25,31.54,22.58,23.33,1,0.093,0.539,0.603,0.567,2.625,4.334,1.0,1.03,1,0.003,0.405,0.745
2022-06-04 10:00:00,34.44,33.25,24.07,23.33,0,0.149,2.165,2.189,0.764,1.78,6.899,0.0,1.04,0,0.0,1.03,0.0
2022-06-04 11:00:00,32.51,30.54,22.0,23.33,0,0.167,1.465,1.037,0.857,2.4,5.759,0.0,1.09,0,0.0,0.963,0.0
2022-06-04 12:00:00,32.28,29.44,22.08,23.33,1,0.192,2.361,2.974,0.531,2.776,8.643,1.0,0.92,1,0.016,1.68,1.25
2022-06-04 13:00:00,32.66,31.58,23.08,23.33,1,0.174,1.436,1.834,0.867,2.475,6.614,1.0,0.92,0,0.0,1.152,0.248
2022-06-04 14:00:00,34.14,32.55,24.23,23.33,0,0.193,0.31,1.222,1.138,1.73,4.4,0.0,0.91,1,-0.002,0.845,0.0
2022-06-04 15:00:00,33.61,32.2,23.6,23.33,0,0.152,0.427,2.144,0.852,1.919,5.343,0.0,1.01,1,-0.03,0.781,0.0
2022-06-04 16:00:00,32.82,31.34,23.3,23.33,0,0.15,2.473,1.188,0.359,2.011,6.03,1.0,1.02,0,0.0,0.905,0.0
2022-06-04 17:00:00,33.92,31.11,23.09,23.33,0,0.175,1.814,2.551,0.78,2.072,7.216,0.0,0.98,1,0.008,1.267,0.0
2022-06-04 18:00:00,33.57,31.63,23.48,23.33,2,0.113,0.123,1.271,0.742,2.756,4.892,2.0,1.06,0,0.0,0.554,0.301
2022-06-04 19:00:00,34.5,32.56,23.24,23.33,3,0.104,1.759,2.971,1.071,3.227,9.028,3.0,1.04,0,0.0,0.935,0.264
2022-06-04 20:00:00,32.88,30.36,22.0,23.33,3,0.106,1.03,2.013,0.55,3.6,7.194,3.0,1.1,1,-0.008,0.758,3.99
2022-06-04 21:00:00,33.32,32.01,23.06,23.33,3,0.106,0.768,2.611,0.623,3.283,7.285,3.0,0.93,1,0.005,0.777,0.824
2022-06-04 22:00:00,33.31,31.33,22.0,23.33,2,0.082,0.385,0.682,0.799,3.2,5.066,2.0,0.91,1,0.041,0.458,2.66
2022-06-04 23:00:00,32.29,30.43,23.1,23.33,3,0.089,2.1,1.371,0.724,3.271,7.466,3.0,0.95,0,0.0,0.662,0.698
2022-06-05 00:00:00,34.1,31.91,22.42,23.33,0,0.118,0.16,2.344,0.919,2.273,5.695,0.0,0.9,1,-0.026,0.648,0.0
2022-06-05 01:00:00,34.12,31.12,26.05,23.33,0,0.101,0.725,2.138,0.24,1.186,4.288,0.0,1.09,0,0.0,0.435,0.0
2022-06-05 02:00:00,33.92,31.38,22.95,23.33,1,0.095,0.766,0.986,0.764,2.514,5.029,1.0,0.96,0,0.0,0.478,0.378
2022-06-05 03:00:00,33.73,31.93,22.0,23.33,1,0.11,0.402,1.391,0.322,2.8,4.914,0.0,1.01,1,0.016,0.559,1.33
2022-06-05 04:00:00,32.6,29.94,22.84,23.33,0,0.101,1.27,1.159,0.515,2.148,5.093,0.0,0.96,0,0.0,0.514,0.0
2022-06-05 05:00:00,33.64,32.3,23.62,23.33,2,0.081,0.029,2.033,0.862,2.713,5.637,1.0,0.95,1,-0.012,0.442,0.586
2022-06-05 06:00:00,33.76,32.7,25.01,23.33,1,0.109,0.752,1.361,0.357,1.898,4.369,1.0,0.93,1,-0.003,0.475,1.678
2022-06-05 07:00:00,33.35,31.94,22.29,23.33,3,0.109,2.334,1.273,0.509,3.512,7.628,3.0,0.96,0,0.0,0.834,3.112
2022-06-05 08:00:00,34.04,32.35,22.0,23.33,2,0.087,0.776,1.018,0.903,3.2,5.898,2.0,1.02,0,0.0,0.511,2.66
2022-06-05 09:00:00,34.64,32.62,23.98,23.33,2,0.118,0.901,1.523,0.851,2.606,5.88,2.0,1.09,0,0.0,0.695,1.3
2022-06-05 10:00:00,36.17,33.94,22.0,23.33,1,0.183,1.183,0.989,0.291,2.8,5.263,0.0,1.01,1,0.001,0.962,1.33
2022-06-05 11:00:00,34.5,31.68,22.48,23.33,2,0.18,1.404,2.906,0.777,3.057,8.145,2.0,1.01,0,0.0,1.463,1.707
2022-06-05 12:00:00,34.62,32.6,22.69,23.33,0,0.147,2.022,0.886,0.347,2.193,5.448,0.0,0.91,0,0.0,0.8,0.0
2022-06-05 13:00:00,34.33,32.33,22.92,23.33,2,0.157,0.476,2.783,0.452,2.925,6.636,2.0,1.07,1,0.042,1.087,0.827
2022-06-05 14:00:00,32.52,31.42,23.83,23.33,2,0.148,2.179,1.571,0.659,2.652,7.062,2.0,0.91,1,0.042,1.085,0.994
2022-06-05 15:00:00,34.45,33.38,22.18,23.33,0,0.191,1.894,1.445,0.309,2.346,5.994,0.0,1.08,1,-0.027,1.115,0.0
2022-06-05 16:00:00,34.57,32.47,22.67,23.33,1,0.185,1.807,1.078,1.194,2.599,6.677,1.0,1.01,0,0.0,1.234,0.658
2022-06-05 17:00:00,37.01,35.13,22.98,23.33,0,0.152,0.217,2.089,0.365,2.105,4.777,0.0,0.93,0,0.0,0.727,0.0
2022-06-05 18:00:00,34.39,31.71,23.18,23.33,2,0.112,0.054,2.214,0.981,2.846,6.095,2.0,0.99,1,0.043,0.725,0.301
2022-06-05 19:00:00,34.91,33.59,23.12,23.33,2,0.103,1.485,1.669,1.03,2.865,7.049,2.0,1.1,1,-0.01,0.715,0.425
2022-06-05 20:00:00,34.61,33.56,23.52,23.33,1,0.119,2.158,0.639,1.194,2.343,6.335,1.0,0.96,0,0.0,0.757,0.193
2022-06-05 21:00:00,33.5,31.6,24.01,23.33,3,0.104,1.461,2.796,0.629,2.996,7.882,3.0,0.95,0,0.0,0.816,2.048
2022-06-05 22:00:00,35.84,34.37,23.47,23.33,2,0.082,0.533,2.951,1.074,2.759,7.317,2.0,0.92,0,0.0,0.602,0.282
2022-06-05 23:00:00,35.48,34.38,23.54,23.33,3,0.082,0.226,1.578,1.158,3.137,6.098,3.0,1.02,0,0.0,0.5,0.643
2022-06-06 00:00:00,35.54,33.09,22.0,23.33,0,0.115,1.749,2.034,0.373,2.4,6.556,0.0,0.92,1,-0.006,0.75,0.0
2022-06-06 01:00:00,33.87,32.64,23.06,23.33,0,0.114,1.804,1.626,0.679,2.082,6.192,0.0,1.05,0,0.0,0.704,0.0
2022-06-06 02:00:00,36.2,33.98,23.58,23.33,0,0.094,0.431,1.305,0.26,1.927,3.923,0.0,1.08,0,0.0,0.368,0.0
2022-06-06 03:00:00,33.42,31.86,23.87,23.33,1,0.105,0.07,0.693,0.821,2.238,3.822,1.0,1.09,0,0.0,0.4,0.545
2022-06-06 04:00:00,35.43,34.08,22.17,23.33,0,0.1,1.021,1.64,0.781,2.349,5.792,0.0,0.92,0,0.0,0.577,0.0
2022-06-06 05:00:00,37.05,35.29,22.21,23.33,1,0.119,1.457,2.546,0.404,2.737,7.144,1.0,1.01,0,0.0,0.848,1.121
2022-06-06 06:00:00,33.89,31.28,22.31,23.33,3,0.118,1.765,0.543,0.998,3.507,6.812,3.0,0.92,0,0.0,0.804,3.057
2022-06-06 07:00:00,34.33,32.54,23.64,23.33,2,0.119,2.025,1.955,0.237,2.707,6.924,2.0,1.01,1,0.038,0.864,0.627
2022-06-06 08:00:00,35.01,32.51,24.24,23.33,2,0.115,1.526,2.702,1.006,2.528,7.762,2.0,1.06,0,0.0,0.89,1.821
2022-06-06 09:00:00,34.42,33.17,22.51,23.33,1,0.116,0.277,1.044,0.227,2.647,4.194,1.0,1.01,1,-0.046,0.442,0.819
2022-06-06 10:00:00,33.39,30.84,24.09,23.33,1,0.173,1.706,0.958,0.857,2.173,5.695,1.0,1.07,1,0.014,0.998,0.76
2022-06-06 11:00:00,35.02,33.54,23.15,23.33,2,0.182,2.46,2.431,0.279,2.856,8.025,2.0,1.06,0,0.0,1.462,0.364
2022-06-06 12:00:00,33.9,31.54,22.85,23.33,0,0.2,2.264,1.138,0.451,2.145,5.998,0.0,0.96,0,0.0,1.2,0.0
2022-06-06 13:00:00,35.44,33.31,22.75,23.33,1,0.166,2.179,0.98,0.922,2.576,6.657,1.0,1.03,0,0.0,1.106,0.584
2022-06-06 14:00:00,34.06,31.2,23.9,23.33,0,0.166,0.755,1.445,0.48,1.831,4.512,0.0,0.9,1,0.047,0.795,0.0
2022-06-06 15:00:00,36.53,34.76,23.39,23.33,1,0.191,1.877,1.481,0.711,2.383,6.452,1.0,0.98,1,0.013,1.243,0.061
2022-06-06 16:00:00,34.21,33.07,25.73,23.33,0,0.188,2.128,2.685,1.115,1.281,7.209,0.0,0.95,0,0.0,1.358,0.0
2022-06-06 17:00:00,34.67,33.63,22.0,23.33,1,0.184,1.696,2.046,0.25,2.8,6.792,1.0,1.09,1,0.033,1.281,1.33
2022-06-06 18:00:00,35.81,33.16,23.62,23.33,3,0.089,0.626,1.515,1.011,3.113,6.266,3.0,0.98,1,-0.029,0.528,0.875
2022-06-06 19:00:00,33.77,31.72,22.36,23.33,1,0.096,2.385,1.836,0.265,2.691,7.176,1.0,1.03,0,0.0,0.687,0.965
2022-06-06 20:00:00,35.23,32.68,22.0,23.33,3,0.104,1.127,2.885,0.327,3.6,7.939,3.0,1.05,1,0.003,0.828,3.99
2022-06-06 21:00:00,36.31,34.84,22.99,23.33,3,0.095,0.325,0.783,0.319,3.304,4.731,3.0,1.05,0,0.0,0.449,1.029
2022-06-06 22:00:00,33.39,31.7,23.16,23.33,3,0.095,0.274,1.019,1.194,3.251,5.738,3.0,1.05,1,0.042,0.587,0.496
2022-06-06 23:00:00,35.18,34.12,26.5,23.33,3,0.085,1.619,2.906,0.38,2.249,7.155,3.0,0.96,0,0.0,0.61,9.515
2022-06-07 00:00:00,35.25,32.33,22.78,23.33,0,0.118,1.094,2.893,1.097,2.166,7.251,0.0,1.04,1,-0.044,0.809,0.0
2022-06-07 01:00:00,35.77,33.43,22.0,23.33,0,0.11,0.236,0.943,1.191,2.4,4.77,0.0,1.01,0,0.0,0.525,0.0
2022-06-07 02:00:00,33.74,30.87,23.33,23.33,0,0.08,1.851,0.863,0.584,2.002,5.299,0.0,1.02,1,-0.028,0.396,0.0
2022-06-07 03:00:00,33.65,32.12,22.0,23.33,0,0.111,1.998,1.553,0.831,2.4,6.782,0.0,0.9,0,0.0,0.75,0.0
2022-06-07 04:00:00,35.48,33.26,22.89,23.33,0,0.11,1.814,0.624,0.979,2.133,5.55,0.0,0.95,1,0.003,0.611,0.0
2022-06-07 05:00:00,35.25,32.89,23.02,23.33,1,0.08,0.506,2.137,0.593,2.494,5.73,1.0,1.09,0,0.0,0.461,0.311
2022-06-07 06:00:00,35.19,33.55,23.95,23.33,3,0.095,1.724,0.694,0.362,3.014,5.794,3.0,0.96,0,0.0,0.549,1.871
2022-06-07 07:00:00,35.27,32.57,24.17,23.33,2,0.104,0.027,0.645,0.634,2.549,3.855,2.0,0.99,0,0.0,0.402,1.677
2022-06-07 08:00:00,34.23,31.33,22.4,23.33,2,0.098,0.763,1.713,0.972,3.081,6.529,2.0,0.94,0,0.0,0.641,1.869
2022-06-07 09:00:00,35.13,32.36,22.82,23.33,1,0.111,0.997,2.894,0.981,2.554,7.427,1.0,0.93,1,0.047,0.872,0.511
2022-06-07 10:00:00,35.17,32.69,22.08,23.33,2,0.168,2.088,1.567,0.431,3.176,7.261,2.0,0.94,1,0.032,1.249,2.499
2022-06-07 11:00:00,34.14,32.59,22.0,23.33,1,0.166,0.976,1.391,0.375,2.8,5.542,1.0,1.01,1,-0.033,0.886,1.33
2022-06-07 12:00:00,36.7,35.14,23.37,23.33,0,0.194,0.028,2.995,1.121,1.988,6.132,0.0,1.08,1,0.03,1.219,0.0
2022-06-07 13:00:00,35.29,32.36,22.0,23.33,0,0.157,0.881,1.83,0.244,2.4,5.355,0.0,0.97,0,0.0,0.842,0.0
2022-06-07 14:00:00,33.6,32.58,22.5,23.33,0,0.155,1.247,1.438,0.935,2.249,5.869,1.0,0.96,0,0.0,0.909,0.0
2022-06-07 15:00:00,35.43,33.0,22.0,23.33,0,0.196,2.373,1.465,0.246,2.4,6.484,0.0,1.01,1,0.016,1.289,0.0
2022-06-07 16:00:00,33.77,31.36,23.66,23.33,2,0.189,2.353,0.987,1.038,2.702,7.08,2.0,0.97,1,-0.006,1.329,0.659
2022-06-07 17:00:00,35.51,33.26,25.16,23.33,2,0.189,0.452,1.781,1.105,2.251,5.59,2.0,1.08,1,0.014,1.072,3.663
2022-06-07 18:00:00,35.85,32.87,22.0,23.33,3,0.088,0.463,1.597,0.497,3.6,6.157,3.0,0.98,0,0.0,0.54,3.99
2022-06-07 19:00:00,33.85,32.22,22.0,23.33,3,0.098,0.408,1.177,0.274,3.6,5.459,3.0,1.0,0,0.0,0.535,3.99
2022-06-07 20:00:00,35.6,33.92,22.85,23.33,3,0.086,1.972,0.901,0.681,3.345,6.899,3.0,1.01,0,0.0,0.595,1.44
2022-06-07 21:00:00,35.02,33.86,23.02,23.33,2,0.102,0.015,1.278,0.498,2.894,4.686,2.0,1.06,0,0.0,0.48,0.622
2022-06-07 22:00:00,35.4,33.51,23.26,23.33,3,0.107,0.318,1.772,0.617,3.221,5.928,3.0,1.01,1,0.034,0.666,0.203
2022-06-07 23:00:00,36.44,34.92,22.46,23.33,2,0.082,1.345,0.646,0.865,3.061,5.916,2.0,0.95,0,0.0,0.488,1.731
2022-06-08 00:00:00,34.26,32.58,22.76,23.33,0,0.115,0.619,0.884,0.41,2.172,4.085,0.0,0.92,1,-0.005,0.464,0.0
2022-06-08 01:00:00,33.72,31.05,23.44,23.33,0,0.087,0.231,2.869,0.557,1.968,5.625,0.0,1.09,1,0.033,0.524,0.0
2022-06-08 02:00:00,33.55,30.68,24.25,23.33,2,0.089,0.9,1.857,0.983,2.525,6.265,2.0,1.06,1,0.022,0.579,1.837
2022-06-08 03:00:00,33.58,32.21,22.0,23.33,1,0.106,0.686,0.659,0.844,2.8,4.988,1.0,0.9,1,0.041,0.572,1.33
2022-06-08 04:00:00,34.28,32.54,22.56,23.33,0,0.099,1.278,2.233,0.526,2.233,6.27,0.0,1.06,0,0.0,0.619,0.0
2022-06-08 05:00:00,34.66,31.8,23.26,23.33,0,0.1,2.448,0.655,0.864,2.023,5.99,0.0,1.02,1,0.001,0.6,0.0
2022-06-08 06:00:00,34.56,33.43,22.0,23.33,2,0.085,0.311,2.347,0.965,3.2,6.823,2.0,1.0,0,0.0,0.581,2.66
2022-06-08 07:00:00,35.06,33.88,25.08,23.33,1,0.112,0.932,2.375,0.792,1.877,5.976,1.0,0.9,1,-0.029,0.641,1.747
2022-06-08 08:00:00,34.21,32.88,22.24,23.33,2,0.105,2.33,2.128,0.439,3.129,8.026,3.0,1.06,0,0.0,0.84,2.185
2022-06-08 09:00:00,35.6,33.41,22.95,23.33,2,0.085,2.192,2.331,0.2,2.915,7.638,2.0,0.94,0,0.0,0.652,0.759
2022-06-08 10:00:00,33.84,32.54,23.67,23.33,1,0.182,0.986,0.72,1.003,2.3,5.008,1.0,1.05,0,0.0,0.91,0.337
2022-06-08 11:00:00,36.77,33.84,22.29,23.33,1,0.189,1.747,2.317,1.023,2.713,7.8,1.0,0.9,0,0.0,1.475,1.04
2022-06-08 12:00:00,34.63,32.74,22.0,23.33,0,0.173,0.22,0.842,0.898,2.4,4.359,0.0,1.06,1,-0.001,0.752,0.0
2022-06-08 13:00:00,33.1,31.1,22.49,23.33,0,0.142,1.781,1.349,0.277,2.254,5.661,0.0,0.9,1,-0.007,0.797,0.0
2022-06-08 14:00:00,32.84,31.34,24.24,23.33,1,0.177,2.432,2.857,0.785,2.129,8.204,2.0,0.95,1,-0.027,1.426,0.905
2022-06-08 15:00:00,34.34,32.4,22.6,23.33,1,0.143,1.344,1.757,1.021,2.621,6.743,1.0,0.95,1,0.042,1.009,0.734
2022-06-08 16:00:00,33.58,31.26,22.0,23.33,1,0.177,1.246,2.919,0.59,2.8,7.554,1.0,0.93,1,-0.018,1.319,1.33
2022-06-08 17:00:00,34.46,31.96,24.11,23.33,2,0.181,0.468,0.722,0.398,2.567,4.155,2.0,1.0,0,0.0,0.753,1.562
2022-06-08 18:00:00,34.17,31.66,22.6,23.33,3,0.097,1.584,1.694,0.788,3.419,7.485,3.0,0.96,1,-0.035,0.694,2.181
2022-06-08 19:00:00,33.56,31.41,22.39,23.33,2,0.097,1.476,0.656,1.026,3.084,6.242,2.0,1.1,0,0.0,0.608,1.884
2022-06-08 20:00:00,32.73,29.93,23.18,23.33,3,0.116,1.63,2.076,0.249,3.246,7.2,3.0,1.02,1,0.04,0.877,0.452
2022-06-08 21:00:00,32.01,29.37,23.92,23.33,2,0.103,0.065,0.697,0.797,2.623,4.181,3.0,1.01,1,0.05,0.48,1.19
2022-06-08 22:00:00,33.02,30.5,25.86,23.33,2,0.103,1.372,0.938,0.843,2.043,5.196,2.0,0.94,0,0.0,0.533,5.056
2022-06-08 23:00:00,34.26,33.15,23.99,23.33,2,0.09,1.487,1.147,0.802,2.602,6.039,2.0,0.98,0,0.0,0.546,1.325
2022-06-09 00:00:00,33.56,32.54,24.39,23.33,1,0.104,0.519,2.372,0.85,2.082,5.823,1.0,0.92,1,-0.019,0.589,1.062
2022-06-09 01:00:00,32.03,30.61,22.39,23.33,0,0.103,0.521,0.91,0.831,2.282,4.544,0.0,1.05,1,-0.017,0.451,0.0
2022-06-09 02:00:00,33.39,31.06,22.0,23.33,1,0.096,0.691,2.617,0.33,2.8,6.438,1.0,0.97,1,0.014,0.632,1.33
2022-06-09 03:00:00,33.54,31.71,23.07,23.33,2,0.12,1.779,0.83,0.435,2.878,5.922,2.0,1.05,1,-0.0,0.708,0.51
2022-06-09 04:00:00,32.2,30.4,23.13,23.33,1,0.115,1.516,0.588,0.819,2.461,5.384,1.0,0.97,0,0.0,0.621,0.201
2022-06-09 05:00:00,33.17,30.4,22.0,23.33,0,0.11,2.114,1.488,0.218,2.4,6.22,0.0,1.1,0,0.0,0.684,0.0
2022-06-09 06:00:00,33.01,30.22,22.79,23.33,1,0.101,0.739,2.949,0.835,2.563,7.086,1.0,0.93,0,0.0,0.719,0.54
2022-06-09 07:00:00,31.74,28.92,23.48,23.33,3,0.098,2.28,0.776,0.865,3.156,7.078,3.0,0.9,1,0.028,0.725,0.448
2022-06-09 08:00:00,33.17,31.54,23.43,23.33,3,0.087,1.859,0.754,0.439,3.17,6.223,3.0,1.02,0,0.0,0.544,0.307
2022-06-09 09:00:00,33.3,30.92,23.61,23.33,2,0.092,0.988,2.378,0.798,2.718,6.882,2.0,1.09,1,0.01,0.645,0.55
2022-06-09 10:00:00,33.75,32.21,23.35,23.33,2,0.154,0.238,1.28,0.734,2.795,5.048,2.0,1.03,1,0.043,0.82,0.038
2022-06-09 11:00:00,33.65,32.27,22.39,23.33,1,0.194,0.642,2.293,0.461,2.683,6.079,1.0,0.92,1,0.028,1.209,0.938
2022-06-09 12:00:00,31.15,29.78,22.38,23.33,1,0.151,2.392,1.0,0.663,2.685,6.74,1.0,1.01,0,0.0,1.015,0.947
2022-06-09 13:00:00,31.51,29.83,22.0,23.33,1,0.181,0.776,1.65,1.11,2.8,6.336,2.0,1.08,0,0.0,1.146,1.33
2022-06-09 14:00:00,32.89,31.03,25.14,23.33,0,0.172,0.825,1.163,0.627,1.457,4.072,0.0,0.9,1,0.01,0.71,0.0
2022-06-09 15:00:00,32.81,30.15,23.02,23.33,2,0.145,0.474,1.629,0.83,2.895,5.828,2.0,0.93,1,0.002,0.847,0.628
2022-06-09 16:00:00,32.74,31.5,22.73,23.33,0,0.157,2.017,2.423,0.235,2.181,6.856,0.0,1.06,1,-0.014,1.063,0.0
2022-06-09 17:00:00,36.0,33.53,22.0,23.33,0,0.171,0.689,2.405,0.278,2.4,5.772,0.0,1.08,1,0.038,1.027,0.0
2022-06-09 18:00:00,32.64,30.57,26.52,23.33,2,0.12,0.826,1.789,0.281,1.843,4.74,2.0,1.04,0,0.0,0.567,6.386
2022-06-09 19:00:00,33.12,31.54,22.0,23.33,3,0.085,1.036,2.821,0.978,3.6,8.435,3.0,1.1,0,0.0,0.714,3.99
2022-06-09 20:00:00,32.86,30.87,22.49,23.33,2,0.085,1.084,1.159,0.55,3.054,5.848,2.0,0.92,0,0.0,0.498,1.689
2022-06-09 21:00:00,32.47,30.87,23.5,23.33,1,0.085,1.028,1.101,0.428,2.35,4.907,1.0,1.01,1,0.005,0.424,0.169
2022-06-09 22:00:00,31.43,29.23,23.72,23.33,3,0.107,1.259,2.035,0.947,3.084,7.325,3.0,1.04,0,0.0,0.786,1.171
2022-06-09 23:00:00,32.42,30.55,24.15,23.33,3,0.095,2.036,2.053,0.37,2.955,7.415,3.0,1.04,1,0.001,0.704,2.459
2022-06-10 00:00:00,30.8,29.47,25.17,23.33,0,0.109,2.048,0.616,0.446,1.449,4.56,0.0,1.06,1,-0.024,0.474,0.0
2022-06-10 01:00:00,31.25,30.02,23.61,23.33,2,0.096,1.996,2.019,0.631,2.718,7.364,2.0,1.08,0,0.0,0.709,0.555
2022-06-10 02:00:00,30.92,28.82,22.0,23.33,2,0.105,0.253,1.436,0.531,3.2,5.42,2.0,0.97,1,0.016,0.585,2.66
2022-06-10 03:00:00,31.4,28.59,22.69,23.33,1,0.111,1.999,2.369,0.785,2.593,7.746,1.0,0.91,1,0.036,0.894,0.638
2022-06-10 04:00:00,33.54,31.85,23.37,23.33,1,0.102,0.301,2.52,0.538,2.389,5.748,1.0,0.97,1,-0.022,0.563,0.039
2022-06-10 05:00:00,29.27,26.81,25.48,23.33,2,0.102,0.312,1.88,0.593,2.155,4.941,2.0,1.03,0,0.0,0.502,4.304
2022-06-10 06:00:00,31.74,29.42,22.0,23.33,2,0.084,2.37,0.504,1.063,3.2,7.137,2.0,0.94,0,0.0,0.596,2.66
2022-06-10 07:00:00,29.35,26.49,24.44,23.33,1,0.096,2.048,2.091,1.085,2.067,7.291,1.0,1.06,0,0.0,0.703,1.113
2022-06-10 08:00:00,30.4,27.76,23.22,23.33,2,0.102,1.381,2.372,1.028,2.835,7.616,3.0,0.94,0,0.0,0.776,0.228
2022-06-10 09:00:00,31.87,29.74,24.01,23.33,1,0.098,2.187,1.122,1.065,2.198,6.573,1.0,0.9,0,0.0,0.647,0.675
2022-06-10 10:00:00,30.75,28.44,22.88,23.33,2,0.146,2.473,1.662,0.77,2.937,7.841,2.0,1.0,1,0.009,1.154,0.905
2022-06-10 11:00:00,29.52,26.72,22.0,23.33,0,0.191,1.527,2.914,0.846,2.4,7.687,0.0,1.05,0,0.0,1.47,0.0
2022-06-10 12:00:00,29.79,27.99,23.9,23.33,2,0.14,1.532,1.245,0.757,2.63,6.164,2.0,0.97,1,0.003,0.867,1.142
2022-06-10 13:00:00,31.09,29.43,23.79,23.33,0,0.193,1.886,1.058,0.986,1.864,5.794,0.0,1.05,1,0.013,1.131,0.0
2022-06-10 14:00:00,29.58,28.56,24.17,23.33,0,0.141,0.58,1.027,0.751,1.75,4.109,0.0,0.99,0,0.0,0.58,0.0
2022-06-10 15:00:00,30.43,27.78,22.98,23.33,1,0.185,0.418,1.897,0.311,2.505,5.131,1.0,0.93,1,0.018,0.97,0.346
2022-06-10 16:00:00,30.17,27.56,22.28,23.33,0,0.162,1.899,2.874,1.01,2.316,8.099,0.0,0.92,1,-0.016,1.293,0.0
2022-06-10 17:00:00,29.37,28.16,22.0,23.33,1,0.184,0.862,2.022,0.961,2.8,6.645,1.0,1.04,1,-0.005,1.22,1.33
2022-06-10 18:00:00,32.07,29.92,23.98,23.33,1,0.083,0.338,1.258,1.02,2.205,4.821,1.0,0.98,0,0.0,0.399,0.653
2022-06-10 19:00:00,30.46,28.53,23.51,23.33,2,0.093,0.787,2.096,0.39,2.747,6.021,2.0,1.08,1,-0.003,0.559,0.357
2022-06-10 20:00:00,27.71,26.47,22.0,23.33,3,0.098,0.897,2.062,0.472,3.6,7.03,3.0,1.01,0,0.0,0.692,3.99
2022-06-10 21:00:00,29.82,26.86,22.35,23.33,3,0.118,2.413,1.992,0.496,3.494,8.395,3.0,0.97,1,0.034,1.026,2.929
2022-06-10 22:00:00,28.87,27.44,22.44,23.33,1,0.093,1.745,0.899,0.708,2.668,6.02,1.0,0.97,1,-0.002,0.555,0.89
2022-06-10 23:00:00,30.28,29.15,22.0,23.33,3,0.116,1.327,2.086,0.334,3.6,7.347,3.0,0.93,0,0.0,0.853,3.99
2022-06-11 00:00:00,28.54,26.35,22.02,23.33,0,0.089,2.422,1.575,0.585,2.394,6.977,0.0,1.02,0,0.0,0.622,0.0
2022-06-11 01:00:00,29.11,26.64,22.0,23.33,1,0.088,2.258,0.546,0.382,2.8,5.986,1.0,1.02,1,0.019,0.544,1.33
2022-06-11 02:00:00,29.63,28.57,22.51,23.33,1,0.101,1.28,1.849,0.465,2.648,6.243,1.0,1.06,1,-0.015,0.614,0.825
2022-06-11 03:00:00,29.89,27.57,22.11,23.33,2,0.107,2.264,2.973,0.906,3.166,9.31,2.0,0.94,1,-0.009,0.987,2.433
2022-06-11 04:00:00,27.72,25.66,22.0,23.33,0,0.082,1.011,1.374,1.055,2.4,5.84,0.0,0.96,0,0.0,0.478,0.0
2022-06-11 05:00:00,28.48,27.28,25.43,23.33,2,0.089,0.576,2.914,0.223,2.172,5.885,3.0,0.92,0,0.0,0.523,4.194
2022-06-11 06:00:00,28.24,26.89,24.5,23.33,3,0.098,0.582,0.741,0.766,2.849,4.937,3.0,0.96,0,0.0,0.485,3.519
2022-06-11 07:00:00,27.96,25.82,22.07,23.33,2,0.093,1.656,2.331,0.236,3.18,7.403,2.0,0.99,1,-0.036,0.654,2.53
2022-06-11 08:00:00,30.27,28.68,23.33,23.33,1,0.109,1.253,0.786,0.285,2.402,4.726,1.0,1.09,0,0.0,0.513,0.003
2022-06-11 09:00:00,28.8,25.93,23.5,23.33,1,0.1,1.647,1.184,0.905,2.35,6.086,1.0,1.03,0,0.0,0.611,0.171
2022-06-11 10:00:00,27.03,24.39,24.43,23.33,1,0.155,1.715,1.927,0.936,2.071,6.649,1.0,1.06,0,0.0,1.033,1.099
2022-06-11 11:00:00,29.11,26.14,22.02,23.33,0,0.185,0.056,1.982,1.014,2.395,5.446,0.0,0.97,1,-0.032,0.976,0.0
2022-06-11 12:00:00,30.2,28.68,24.31,23.33,0,0.16,0.135,2.438,0.674,1.707,4.954,0.0,0.93,1,-0.012,0.782,0.0
2022-06-11 13:00:00,29.01,26.07,22.34,23.33,0,0.166,1.332,2.038,1.06,2.297,6.727,0.0,0.95,1,-0.023,1.092,0.0
2022-06-11 14:00:00,26.35,24.48,22.0,23.33,0,0.164,0.478,1.984,0.367,2.4,5.228,0.0,0.95,1,0.013,0.872,0.0
2022-06-11 15:00:00,27.27,25.58,23.87,23.33,1,0.183,1.581,2.781,0.45,2.239,7.051,1.0,1.02,0,0.0,1.289,0.539
2022-06-11 16:00:00,28.92,27.82,24.55,23.33,0,0.195,1.38,1.63,0.335,1.635,4.981,0.0,0.97,0,0.0,0.972,0.0
2022-06-11 17:00:00,26.83,25.73,26.11,23.33,1,0.18,1.464,1.063,0.998,1.568,5.093,2.0,1.07,1,0.004,0.921,2.775
2022-06-11 18:00:00,27.88,25.49,22.0,23.33,3,0.093,0.756,0.904,0.429,3.6,5.689,3.0,1.1,1,0.017,0.548,3.99
2022-06-11 19:00:00,28.1,26.18,23.84,23.33,3,0.107,1.6,1.5,0.356,3.048,6.503,3.0,0.97,0,0.0,0.697,1.526
2022-06-11 20:00:00,26.29,24.84,22.51,23.33,3,0.099,2.074,2.282,0.823,3.448,8.626,3.0,1.04,1,-0.038,0.812,2.465
2022-06-11 21:00:00,27.05,24.82,23.94,23.33,2,0.098,2.495,0.606,0.277,2.618,5.997,2.0,1.03,1,-0.041,0.544,1.22
2022-06-11 22:00:00,23.75,22.25,22.0,23.33,3,0.114,2.096,0.823,0.245,3.6,6.764,3.0,0.94,1,-0.04,0.732,3.99
2022-06-11 23:00:00,25.86,23.71,22.0,23.33,2,0.082,1.394,0.765,0.307,3.2,5.666,2.0,1.08,1,-0.024,0.441,2.66
2022-06-12 00:00:00,26.52,24.8,22.07,23.33,0,0.115,0.484,1.963,0.2,2.379,5.026,0.0,0.94,1,0.003,0.583,0.0
2022-06-12 01:00:00,25.42,22.77,23.09,23.33,2,0.114,1.704,1.107,0.897,2.872,6.579,2.0,1.05,0,0.0,0.751,0.47
2022-06-12 02:00:00,28.19,25.54,22.23,23.33,1,0.1,2.344,0.916,0.762,2.731,6.753,1.0,0.97,1,0.044,0.721,1.099
2022-06-12 03:00:00,25.01,23.06,23.79,23.33,0,0.1,0.53,1.982,0.41,1.863,4.784,0.0,0.97,1,0.035,0.512,0.0
2022-06-12 04:00:00,25.89,24.19,24.23,23.33,0,0.094,0.64,2.403,0.433,1.73,5.207,0.0,0.99,0,0.0,0.492,0.0
2022-06-12 05:00:00,26.35,24.63,23.72,23.33,1,0.12,0.373,1.33,1.011,2.284,4.998,1.0,1.07,0,0.0,0.599,0.389
2022-06-12 06:00:00,27.55,24.94,24.94,23.33,2,0.084,1.842,1.946,0.702,2.317,6.806,2.0,0.93,1,0.035,0.61,3.225
2022-06-12 07:00:00,24.56,22.91,23.5,23.33,2,0.104,1.016,0.745,0.899,2.75,5.411,2.0,0.91,0,0.0,0.561,0.338
2022-06-12 08:00:00,27.05,25.63,22.0,23.33,3,0.107,0.157,2.838,0.653,3.6,7.247,3.0,0.98,1,0.04,0.818,3.99
2022-06-12 09:00:00,25.78,24.61,24.64,23.33,3,0.117,2.187,1.342,0.438,2.809,6.777,3.0,0.91,0,0.0,0.795,3.918
2022-06-12 10:00:00,24.68,22.75,22.27,23.33,0,0.146,1.394,2.994,1.17,2.318,7.876,0.0,1.04,1,0.029,1.182,0.0
2022-06-12 11:00:00,26.01,24.05,24.09,23.33,0,0.158,0.828,2.946,0.766,1.772,6.312,0.0,1.05,1,-0.045,0.95,0.0
2022-06-12 12:00:00,25.64,22.95,24.89,23.33,2,0.173,0.86,2.447,0.331,2.333,5.971,2.0,1.07,0,0.0,1.034,3.117
2022-06-12 13:00:00,24.73,23.28,23.55,23.33,0,0.144,0.726,0.55,0.606,1.936,3.817,0.0,1.05,0,0.0,0.549,0.0
2022-06-12 14:00:00,25.28,23.52,22.0,23.33,0,0.148,1.139,1.859,0.529,2.4,5.927,0.0,1.08,0,0.0,0.878,0.0
2022-06-12 15:00:00,24.72,22.1,22.0,23.33,0,0.151,0.843,0.717,0.414,2.4,4.374,0.0,1.05,0,0.0,0.66,0.0
2022-06-12 16:00:00,25.1,22.46,24.59,23.33,0,0.178,1.37,2.738,1.133,1.624,6.865,0.0,1.09,0,0.0,1.221,0.0
2022-06-12 17:00:00,25.54,23.77,22.8,23.33,1,0.177,1.934,2.474,1.081,2.561,8.05,1.0,0.94,0,0.0,1.424,0.533
2022-06-12 18:00:00,26.35,24.43,23.1,23.33,2,0.106,1.686,2.931,0.399,2.871,7.888,2.0,1.0,1,-0.039,0.798,0.469
2022-06-12 19:00:00,23.41,21.81,23.91,23.33,2,0.1,0.736,2.021,0.552,2.627,5.936,2.0,1.1,1,0.037,0.632,1.161
2022-06-12 20:00:00,26.67,23.81,23.84,23.33,2,0.086,1.322,1.805,0.962,2.649,6.739,2.0,1.04,0,0.0,0.58,1.011
2022-06-12 21:00:00,22.48,21.24,23.33,23.33,1,0.093,2.1,1.797,0.409,2.4,6.706,1.0,1.08,0,0.0,0.625,0.005
2022-06-12 22:00:00,24.16,21.3,22.75,23.33,2,0.085,0.171,1.466,0.792,2.975,5.403,2.0,0.91,0,0.0,0.462,1.161
2022-06-12 23:00:00,24.79,22.42,22.62,23.33,2,0.109,0.196,1.672,0.9,3.013,5.78,2.0,1.07,1,0.003,0.633,1.41
2022-06-13 00:00:00,24.37,22.31,24.03,23.33,2,0.086,1.39,2.089,0.854,2.591,6.924,2.0,1.04,0,0.0,0.598,1.399
2022-06-13 01:00:00,23.36,22.29,23.66,23.33,1,0.108,1.598,2.832,0.906,2.301,7.637,2.0,0.93,0,0.0,0.825,0.334
2022-06-13 02:00:00,23.66,21.71,22.69,23.33,0,0.108,0.529,1.99,0.907,2.193,5.618,0.0,0.91,0,0.0,0.605,0.0
2022-06-13 03:00:00,23.26,21.45,24.3,23.33,0,0.098,1.863,2.643,1.165,1.71,7.381,0.0,0.95,1,-0.011,0.715,0.0
2022-06-13 04:00:00,23.06,21.73,22.85,23.33,0,0.085,1.616,2.657,0.546,2.146,6.966,0.0,1.08,1,-0.011,0.584,0.0
2022-06-13 05:00:00,24.38,22.07,22.0,23.33,1,0.093,2.308,1.797,1.079,2.8,7.984,1.0,1.03,1,0.023,0.763,1.33
2022-06-13 06:00:00,23.78,20.84,22.09,23.33,3,0.093,0.422,1.369,0.222,3.573,5.586,3.0,1.08,0,0.0,0.518,3.722
2022-06-13 07:00:00,22.62,20.5,22.0,23.33,2,0.108,1.878,2.099,0.488,3.2,7.666,2.0,0.99,0,0.0,0.828,2.66
2022-06-13 08:00:00,24.1,21.67,22.67,23.33,2,0.085,0.209,1.615,0.249,2.998,5.071,2.0,1.09,0,0.0,0.429,1.314
2022-06-13 09:00:00,23.4,22.26,24.48,23.33,2,0.113,1.413,0.704,0.851,2.456,5.424,2.0,0.99,1,-0.004,0.61,2.301
2022-06-13 10:00:00,23.8,21.96,22.03,23.33,0,0.179,1.38,1.445,0.301,2.39,5.515,0.0,0.94,0,0.0,0.986,0.0
2022-06-13 11:00:00,23.5,22.27,23.23,23.33,2,0.166,0.971,2.985,1.046,2.832,7.834,2.0,0.93,0,0.0,1.302,0.208
2022-06-13 12:00:00,21.93,19.71,22.21,23.33,2,0.155,2.111,0.621,0.847,3.136,6.716,2.0,1.1,0,0.0,1.041,2.236
2022-06-13 13:00:00,22.09,19.22,22.69,23.33,0,0.16,0.011,2.242,0.229,2.194,4.675,0.0,0.97,1,-0.001,0.747,0.0
2022-06-13 14:00:00,23.29,20.97,22.0,23.33,0,0.16,1.3,2.603,0.915,2.4,7.218,0.0,0.93,0,0.0,1.158,0.0
2022-06-13 15:00:00,23.05,21.89,22.74,23.33,0,0.198,0.543,2.122,1.062,2.179,5.906,0.0,0.9,1,0.001,1.167,0.0
2022-06-13 16:00:00,22.31,20.6,22.77,23.33,2,0.188,1.859,1.924,0.861,2.97,7.614,2.0,0.96,1,0.015,1.446,1.125
2022-06-13 17:00:00,22.34,20.24,23.65,23.33,1,0.168,0.108,2.269,0.231,2.305,4.913,1.0,1.08,0,0.0,0.823,0.318
2022-06-13 18:00:00,23.39,21.58,23.27,23.33,1,0.095,2.079,1.573,1.058,2.42,7.13,1.0,1.01,1,0.011,0.686,0.062
2022-06-13 19:00:00,21.41,18.75,22.0,23.33,3,0.112,2.095,0.728,0.932,3.6,7.356,3.0,1.03,1,0.016,0.838,3.99
2022-06-13 20:00:00,22.45,19.82,24.3,23.33,2,0.11,2.082,2.906,0.578,2.51,8.076,2.0,1.08,1,0.011,0.896,1.942
2022-06-13 21:00:00,21.59,19.37,23.25,23.33,3,0.117,0.381,1.581,0.529,3.224,5.715,3.0,1.0,0,0.0,0.669,0.233
2022-06-13 22:00:00,21.47,19.72,23.24,23.33,3,0.082,1.576,2.163,0.68,3.229,7.648,3.0,1.07,0,0.0,0.63,0.276
2022-06-13 23:00:00,22.68,21.17,22.99,23.33,3,0.08,0.036,1.828,1.067,3.303,6.235,3.0,0.96,1,-0.016,0.485,1.023
2022-06-14 00:00:00,22.3,21.09,22.38,23.33,0,0.108,2.12,0.637,0.452,2.286,5.495,0.0,1.1,0,0.0,0.593,0.0
2022-06-14 01:00:00,22.18,20.47,23.26,23.33,0,0.091,1.807,2.882,0.301,2.022,7.012,0.0,0.92,1,-0.007,0.632,0.0
2022-06-14 02:00:00,22.57,20.74,23.57,23.33,2,0.093,1.328,2.481,1.065,2.729,7.603,2.0,1.04,1,-0.009,0.7,0.481
2022-06-14 03:00:00,21.18,18.83,22.0,23.33,0,0.102,1.826,0.873,0.226,2.4,5.326,0.0,1.03,1,0.026,0.568,0.0
2022-06-14 04:00:00,21.74,19.42,22.35,23.33,2,0.084,0.236,2.954,1.111,3.094,7.395,2.0,0.94,0,0.0,0.622,1.953
2022-06-14 05:00:00,20.64,19.5,22.69,23.33,0,0.106,1.322,2.342,0.506,2.192,6.361,0.0,0.98,1,0.018,0.69,0.0
2022-06-14 06:00:00,21.18,19.39,23.31,23.33,1,0.093,0.728,1.681,0.708,2.408,5.525,2.0,0.96,1,-0.001,0.513,0.023
2022-06-14 07:00:00,20.62,19.26,24.43,23.33,2,0.105,2.432,2.028,0.332,2.47,7.263,2.0,0.92,1,-0.012,0.752,2.204
2022-06-14 08:00:00,20.75,19.43,22.07,23.33,3,0.113,2.143,0.767,1.102,3.578,7.59,3.0,1.02,0,0.0,0.86,3.768
2022-06-14 09:00:00,21.14,18.49,22.4,23.33,1,0.087,1.833,1.901,0.95,2.679,7.363,1.0,1.1,1,-0.033,0.607,0.928
2022-06-14 10:00:00,19.63,18.55,22.38,23.33,0,0.193,2.334,0.684,1.124,2.285,6.427,0.0,1.01,0,0.0,1.241,0.0
2022-06-14 11:00:00,22.44,20.6,22.04,23.33,0,0.154,0.867,1.862,0.883,2.389,6.001,0.0,1.01,0,0.0,0.925,0.0
2022-06-14 12:00:00,19.24,17.91,22.58,23.33,1,0.147,2.252,1.882,0.385,2.625,7.144,1.0,0.91,1,-0.006,1.042,0.747
2022-06-14 13:00:00,18.94,16.18,23.92,23.33,1,0.143,0.813,2.686,0.508,2.223,6.23,1.0,0.93,1,0.017,0.909,0.595
2022-06-14 14:00:00,21.21,19.1,22.0,23.33,1,0.176,1.832,2.313,0.687,2.8,7.631,1.0,1.0,0,0.0,1.347,1.33
2022-06-14 15:00:00,20.75,19.29,23.51,23.33,0,0.183,1.841,1.124,0.807,1.946,5.718,0.0,1.1,1,0.03,1.076,0.0
2022-06-14 16:00:00,20.48,18.48,22.0,23.33,2,0.162,0.046,2.721,1.126,3.2,7.093,2.0,1.08,0,0.0,1.152,2.66
2022-06-14 17:00:00,20.39,17.93,22.33,23.33,1,0.181,0.903,1.933,0.584,2.702,6.122,1.0,0.97,0,0.0,1.107,1.004
2022-06-14 18:00:00,19.66,16.74,22.6,23.33,3,0.1,0.049,2.016,0.903,3.419,6.386,3.0,1.01,1,-0.022,0.615,2.176
2022-06-14 19:00:00,18.68,17.24,25.01,23.33,2,0.117,2.493,0.922,1.161,2.297,6.873,2.0,1.01,0,0.0,0.801,3.36
2022-06-14 20:00:00,19.56,16.78,22.67,23.33,2,0.095,0.305,2.644,0.352,2.999,6.301,2.0,1.04,1,0.045,0.644,1.32
2022-06-14 21:00:00,18.71,15.84,22.0,23.33,1,0.089,1.357,2.827,1.063,2.8,8.047,1.0,1.04,1,0.039,0.753,1.33
2022-06-14 22:00:00,20.27,17.44,22.0,23.33,3,0.104,1.976,2.437,0.621,3.6,8.635,3.0,1.06,0,0.0,0.901,3.99
2022-06-14 23:00:00,19.06,16.78,23.04,23.33,3,0.105,0.503,2.852,0.932,3.288,7.575,3.0,0.9,1,0.007,0.803,0.867
2022-06-15 00:00:00,18.29,16.03,23.74,23.33,2,0.098,1.213,1.256,0.494,2.679,5.641,2.0,1.09,0,0.0,0.55,0.813
2022-06-15 01:00:00,18.7,16.89,23.45,23.33,1,0.099,1.519,2.653,0.534,2.365,7.07,1.0,0.91,1,0.025,0.728,0.121
2022-06-15 02:00:00,19.34,16.84,23.2,23.33,1,0.118,0.401,1.722,0.227,2.44,4.79,1.0,1.0,1,-0.001,0.566,0.129
2022-06-15 03:00:00,18.28,16.22,24.39,23.33,0,0.109,1.946,0.91,1.171,1.682,5.709,0.0,1.08,1,-0.026,0.598,0.0
2022-06-15 04:00:00,17.93,15.58,22.35,23.33,0,0.084,0.748,2.172,1.013,2.294,6.228,0.0,1.0,0,0.0,0.526,0.0
2022-06-15 05:00:00,18.91,17.05,24.07,23.33,0,0.088,0.528,2.21,0.294,1.778,4.81,0.0,0.91,0,0.0,0.426,0.0
2022-06-15 06:00:00,18.83,16.36,22.0,23.33,1,0.119,1.396,1.217,1.2,2.8,6.613,2.0,0.95,0,0.0,0.787,1.33
2022-06-15 07:00:00,17.99,15.34,22.0,23.33,2,0.109,1.026,0.569,0.805,3.2,5.6,2.0,1.02,1,0.003,0.614,2.66
2022-06-15 08:00:00,17.94,16.65,22.0,23.33,2,0.117,2.301,1.0,1.054,3.2,7.554,2.0,0.92,1,-0.038,0.843,2.66
2022-06-15 09:00:00,18.56,15.89,22.67,23.33,2,0.092,2.2,1.499,0.267,2.999,6.965,2.0,0.98,0,0.0,0.642,1.32
2022-06-15 10:00:00,16.79,14.71,22.94,23.33,0,0.167,1.208,0.919,0.589,2.117,4.833,0.0,0.97,0,0.0,0.808,0.0
2022-06-15 11:00:00,16.75,14.06,23.14,23.33,0,0.148,0.898,0.985,0.87,2.059,4.812,0.0,1.06,1,-0.036,0.675,0.0
2022-06-15 12:00:00,17.36,15.5,23.07,23.33,0,0.188,0.814,1.478,0.306,2.078,4.676,0.0,0.92,0,0.0,0.88,0.0
2022-06-15 13:00:00,17.79,16.03,22.0,23.33,1,0.174,0.669,2.904,0.689,2.8,7.062,1.0,1.04,0,0.0,1.228,1.33
2022-06-15 14:00:00,18.23,15.4,22.77,23.33,1,0.194,1.361,2.411,0.643,2.568,6.983,1.0,0.98,1,-0.022,1.334,0.558
2022-06-15 15:00:00,19.32,17.81,22.0,23.33,0,0.17,2.012,1.299,0.416,2.4,6.128,0.0,1.02,0,0.0,1.04,0.0
2022-06-15 16:00:00,18.62,15.93,24.64,23.33,1,0.196,0.777,2.879,0.5,2.009,6.165,1.0,0.94,1,-0.041,1.17,1.306
2022-06-15 17:00:00,17.53,15.56,22.64,23.33,2,0.194,0.475,2.114,1.167,3.009,6.766,2.0,1.02,0,0.0,1.309,1.389
2022-06-15 18:00:00,17.59,15.56,22.41,23.33,2,0.114,1.189,1.639,0.489,3.076,6.392,2.0,1.03,0,0.0,0.729,1.833
2022-06-15 19:00:00,16.53,14.91,24.91,23.33,2,0.112,0.173,1.671,0.413,2.328,4.585,3.0,0.91,0,0.0,0.514,3.153
2022-06-15 20:00:00,17.44,15.3,22.0,23.33,2,0.1,1.753,1.527,0.736,3.2,7.216,2.0,1.06,1,0.038,0.756,2.66
2022-06-15 21:00:00,17.1,15.45,22.0,23.33,2,0.095,1.296,1.082,0.871,3.2,6.449,2.0,1.07,1,0.018,0.633,2.66
2022-06-15 22:00:00,17.64,16.56,22.0,23.33,2,0.113,1.241,1.467,0.925,3.2,6.833,2.0,0.91,0,0.0,0.774,2.66
2022-06-15 23:00:00,16.42,14.87,22.92,23.33,3,0.1,0.751,1.82,0.954,3.324,6.85,3.0,1.02,1,0.037,0.719,1.234
2022-06-16 00:00:00,17.69,16.68,23.52,23.33,0,0.09,2.262,1.82,0.237,1.945,6.263,0.0,1.02,0,0.0,0.563,0.0
2022-06-16 01:00:00,18.64,15.68,23.89,23.33,1,0.1,0.226,2.404,0.594,2.234,5.458,1.0,0.9,0,0.0,0.547,0.558
2022-06-16 02:00:00,16.93,13.99,26.09,23.33,2,0.086,2.175,1.397,0.974,1.974,6.52,1.0,0.97,1,-0.003,0.555,5.513
2022-06-16 03:00:00,17.37,15.58,22.0,23.33,1,0.108,0.942,2.292,1.105,2.8,7.139,1.0,1.09,1,0.0,0.769,1.33
2022-06-16 04:00:00,17.59,15.13,23.73,23.33,2,0.093,2.202,1.945,0.802,2.681,7.63,2.0,1.01,1,-0.021,0.692,0.801
2022-06-16 05:00:00,16.43,14.74,22.33,23.33,0,0.09,1.822,2.905,0.252,2.301,7.279,0.0,1.09,1,-0.011,0.647,0.0
2022-06-16 06:00:00,17.0,14.65,22.3,23.33,1,0.118,0.26,1.463,0.597,2.711,5.031,1.0,1.04,0,0.0,0.595,1.034
2022-06-16 07:00:00,16.72,14.11,22.26,23.33,2,0.111,2.079,2.753,0.274,3.123,8.229,2.0,0.91,1,0.045,0.959,2.147
2022-06-16 08:00:00,16.74,13.85,22.0,23.33,3,0.111,1.705,2.552,0.949,3.6,8.806,3.0,0.92,1,0.01,0.992,3.99
2022-06-16 09:00:00,15.81,14.01,25.02,23.33,1,0.105,0.081,2.094,0.264,1.894,4.332,1.0,1.04,0,0.0,0.455,1.691
2022-06-16 10:00:00,16.55,13.98,24.01,23.33,0,0.191,0.334,2.136,0.386,1.797,4.653,0.0,1.01,0,0.0,0.889,0.0
2022-06-16 11:00:00,16.96,15.43,23.03,23.33,0,0.168,1.589,0.712,0.617,2.092,5.009,0.0,0.93,0,0.0,0.839,0.0
2022-06-16 12:00:00,17.86,14.88,24.62,23.33,2,0.141,1.657,2.876,0.663,2.414,7.608,2.0,1.02,0,0.0,1.076,2.582
2022-06-16 13:00:00,17.31,16.26,22.0,23.33,0,0.17,1.867,0.767,0.606,2.4,5.64,0.0,1.06,0,0.0,0.957,0.0
2022-06-16 14:00:00,18.45,16.24,22.0,23.33,1,0.145,1.801,1.908,0.663,2.8,7.172,1.0,1.05,1,0.03,1.071,1.33
2022-06-16 15:00:00,15.47,13.15,22.0,23.33,0,0.199,1.649,1.325,0.913,2.4,6.287,0.0,0.95,1,0.045,1.296,0.0
2022-06-16 16:00:00,17.06,14.68,22.16,23.33,0,0.175,1.916,1.575,0.569,2.352,6.411,0.0,0.95,0,0.0,1.124,0.0
2022-06-16 17:00:00,16.32,15.08,23.19,23.33,2,0.155,1.438,2.025,0.748,2.842,7.053,2.0,1.09,1,-0.033,1.063,0.272
2022-06-16 18:00:00,18.27,15.4,23.12,23.33,3,0.085,0.652,2.772,0.503,3.263,7.19,3.0,1.08,0,0.0,0.611,0.62
2022-06-16 19:00:00,15.22,13.86,23.18,23.33,1,0.102,2.281,1.644,0.554,2.446,6.925,1.0,0.96,1,0.026,0.73,0.151
2022-06-16 20:00:00,15.14,12.9,22.0,23.33,2,0.104,0.046,2.969,0.814,3.2,7.029,2.0,1.06,1,0.041,0.775,2.66
2022-06-16 21:00:00,15.34,13.89,23.96,23.33,2,0.12,0.916,1.982,0.69,2.611,6.2,2.0,0.93,1,0.05,0.793,1.268
2022-06-16 22:00:00,13.77,12.15,23.29,23.33,2,0.119,1.822,0.901,0.923,2.814,6.46,2.0,0.94,1,0.001,0.77,0.085
2022-06-16 23:00:00,15.32,13.22,23.88,23.33,2,0.119,1.068,0.975,0.761,2.636,5.44,2.0,0.94,0,0.0,0.645,1.099
2022-06-17 00:00:00,15.04,13.21,22.0,23.33,0,0.094,0.062,2.29,1.004,2.4,5.756,0.0,0.92,1,-0.045,0.495,0.0
2022-06-17 01:00:00,15.91,14.59,23.37,23.33,2,0.12,0.165,0.626,0.643,2.788,4.222,2.0,1.07,1,-0.021,0.484,0.088
2022-06-17 02:00:00,16.05,14.71,22.0,23.33,0,0.098,1.622,1.701,0.691,2.4,6.413,0.0,1.02,1,-0.013,0.617,0.0
2022-06-17 03:00:00,17.55,15.71,22.52,23.33,1,0.114,2.412,0.871,0.87,2.643,6.796,1.0,0.95,1,0.048,0.823,0.807
2022-06-17 04:00:00,16.58,14.07,23.64,23.33,2,0.089,1.38,1.583,0.421,2.708,6.092,2.0,1.07,1,-0.05,0.49,0.622
2022-06-17 05:00:00,15.02,12.22,23.11,23.33,1,0.1,1.267,2.375,0.586,2.467,6.695,1.0,1.06,1,-0.019,0.652,0.221
2022-06-17 06:00:00,14.66,13.49,22.0,23.33,3,0.119,0.796,1.647,0.825,3.6,6.868,3.0,0.92,1,0.043,0.858,3.99
2022-06-17 07:00:00,16.01,14.23,23.01,23.33,3,0.118,0.642,0.909,0.229,3.298,5.077,3.0,1.03,1,-0.019,0.579,0.967
2022-06-17 08:00:00,14.16,12.96,22.0,23.33,2,0.107,0.052,1.13,0.637,3.2,5.019,2.0,1.04,0,0.0,0.539,2.66
2022-06-17 09:00:00,17.28,16.25,24.38,23.33,2,0.112,0.682,1.419,0.799,2.486,5.386,2.0,1.04,0,0.0,0.603,2.101
2022-06-17 10:00:00,16.6,14.27,22.75,23.33,0,0.142,1.123,0.674,1.167,2.174,5.138,0.0,1.04,1,0.025,0.754,0.0
2022-06-17 11:00:00,14.92,12.71,24.34,23.33,0,0.17,0.495,1.961,1.077,1.697,5.23,0.0,0.93,0,0.0,0.89,0.0
2022-06-17 12:00:00,13.64,12.32,22.37,23.33,0,0.159,0.218,2.019,0.481,2.29,5.007,0.0,0.96,1,0.045,0.84,0.0
2022-06-17 13:00:00,16.68,15.21,22.37,23.33,1,0.151,1.794,0.655,0.707,2.688,5.845,1.0,1.07,0,0.0,0.882,0.958
2022-06-17 14:00:00,15.18,14.14,22.08,23.33,0,0.185,2.237,1.506,0.256,2.375,6.374,0.0,1.08,0,0.0,1.179,0.0
2022-06-17 15:00:00,16.51,13.84,24.05,23.33,0,0.152,2.342,1.535,0.441,1.785,6.102,0.0,0.96,1,0.026,0.955,0.0
2022-06-17 16:00:00,13.65,10.7,22.15,23.33,0,0.181,1.545,1.335,0.975,2.355,6.21,0.0,0.9,0,0.0,1.126,0.0
2022-06-17 17:00:00,14.62,13.35,23.77,23.33,2,0.161,0.132,1.894,0.323,2.668,5.018,2.0,1.07,0,0.0,0.808,0.887
2022-06-17 18:00:00,15.21,13.74,22.54,23.33,3,0.099,1.852,1.365,0.458,3.438,7.112,3.0,0.98,0,0.0,0.702,2.367
2022-06-17 19:00:00,15.23,12.49,22.0,23.33,1,0.094,0.275,1.541,1.144,2.8,5.76,1.0,0.97,1,-0.037,0.506,1.33
2022-06-17 20:00:00,14.71,11.85,22.32,23.33,2,0.102,1.674,2.494,1.024,3.105,8.297,2.0,0.97,1,0.043,0.889,2.029
2022-06-17 21:00:00,15.76,13.92,22.0,23.33,1,0.108,1.948,0.905,0.982,2.8,6.636,1.0,0.98,1,-0.041,0.678,1.33
2022-06-17 22:00:00,14.05,12.95,23.04,23.33,2,0.107,1.815,2.048,1.065,2.888,7.815,2.0,0.98,0,0.0,0.839,0.579
2022-06-17 23:00:00,14.96,13.88,22.0,23.33,3,0.101,2.38,1.764,0.95,3.6,8.693,3.0,1.01,1,-0.011,0.864,3.99
2022-06-18 00:00:00,15.21,13.06,24.11,23.33,2,0.099,1.845,1.263,0.321,2.567,5.995,2.0,0.92,0,0.0,0.591,1.562
2022-06-18 01:00:00,15.59,13.8,22.89,23.33,2,0.096,1.733,2.319,0.717,2.933,7.701,2.0,1.09,0,0.0,0.739,0.879
2022-06-18 02:00:00,15.77,14.72,22.79,23.33,0,0.114,0.654,1.878,0.644,2.164,5.341,0.0,1.09,0,0.0,0.611,0.0
2022-06-18 03:00:00,13.92,11.76,23.79,23.33,0,0.093,2.312,1.693,0.511,1.864,6.38,0.0,1.09,0,0.0,0.595,0.0
2022-06-18 04:00:00,13.5,12.48,24.16,23.33,0,0.09,0.449,2.169,1.034,1.753,5.405,0.0,1.08,0,0.0,0.488,0.0
2022-06-18 05:00:00,16.31,13.73,22.98,23.33,0,0.11,2.262,2.506,0.664,2.107,7.539,0.0,1.03,0,0.0,0.827,0.0
2022-06-18 06:00:00,15.35,13.74,22.07,23.33,3,0.094,0.782,2.932,0.26,3.578,7.551,3.0,0.94,0,0.0,0.713,3.766
2022-06-18 07:00:00,14.27,13.19,22.0,23.33,3,0.114,0.325,2.073,0.475,3.6,6.474,3.0,0.91,1,-0.02,0.717,3.99
2022-06-18 08:00:00,16.56,14.38,22.18,23.33,1,0.093,2.067,2.686,0.429,2.747,7.928,0.0,0.92,0,0.0,0.738,1.153
2022-06-18 09:00:00,15.12,13.33,22.26,23.33,3,0.108,0.006,0.503,1.087,3.522,5.119,3.0,0.96,1,-0.005,0.548,3.212
2022-06-18 10:00:00,16.18,13.23,23.13,23.33,1,0.152,2.08,1.826,0.847,2.461,7.215,1.0,1.0,1,0.011,1.106,0.202
2022-06-18 11:00:00,15.07,12.98,22.59,23.33,1,0.148,0.656,1.037,0.76,2.624,5.077,1.0,1.1,0,0.0,0.751,0.744
2022-06-18 12:00:00,17.06,15.51,23.83,23.33,0,0.196,2.212,0.735,0.707,1.852,5.506,0.0,0.99,1,0.024,1.103,0.0
2022-06-18 13:00:00,16.76,14.34,22.26,23.33,2,0.149,1.729,1.83,0.85,3.121,7.529,2.0,1.0,1,0.022,1.142,2.131
2022-06-18 14:00:00,14.75,13.21,22.93,23.33,2,0.152,1.665,2.367,0.955,2.921,7.908,2.0,1.04,1,-0.019,1.185,0.797
2022-06-18 15:00:00,15.98,13.17,24.42,23.33,0,0.155,0.913,1.531,0.754,1.674,4.872,1.0,0.94,1,0.039,0.793,0.0
2022-06-18 16:00:00,15.66,13.91,23.41,23.33,0,0.196,0.149,2.175,1.138,1.977,5.439,0.0,1.09,1,0.045,1.111,0.0
2022-06-18 17:00:00,16.39,14.29,22.93,23.33,1,0.185,2.075,1.724,1.177,2.522,7.498,1.0,1.01,0,0.0,1.39,0.402
2022-06-18 18:00:00,14.06,12.96,22.28,23.33,3,0.119,0.427,1.593,1.195,3.517,6.732,3.0,0.96,0,0.0,0.799,3.157
2022-06-18 19:00:00,15.72,13.87,22.24,23.33,1,0.112,0.931,1.226,0.869,2.728,5.754,1.0,1.09,1,0.01,0.657,1.09
2022-06-18 20:00:00,16.1,13.44,22.0,23.33,3,0.083,1.501,1.456,1.133,3.6,7.69,3.0,1.03,1,0.014,0.653,3.99
2022-06-18 21:00:00,13.29,10.68,22.35,23.33,2,0.109,1.206,1.374,0.604,3.095,6.279,2.0,1.0,1,-0.02,0.661,1.958
2022-06-18 22:00:00,13.88,12.43,23.91,23.33,2,0.101,0.497,2.115,1.06,2.628,6.3,2.0,1.02,1,0.049,0.688,1.154
2022-06-18 23:00:00,13.04,11.59,22.73,23.33,2,0.081,0.352,0.79,1.109,2.98,5.231,2.0,1.05,0,0.0,0.422,1.193
2022-06-19 00:00:00,14.82,12.19,22.0,23.33,2,0.09,0.308,0.732,1.104,3.2,5.344,2.0,0.93,1,-0.028,0.453,2.66
2022-06-19 01:00:00,15.83,12.97,25.12,23.33,0,0.117,2.158,2.15,1.031,1.463,6.802,0.0,1.07,1,-0.002,0.793,0.0
2022-06-19 02:00:00,16.63,15.44,23.38,23.33,1,0.117,0.079,1.866,0.607,2.385,4.936,1.0,1.09,0,0.0,0.578,0.054
2022-06-19 03:00:00,15.22,13.32,22.0,23.33,0,0.112,2.443,1.576,0.359,2.4,6.777,0.0,1.01,0,0.0,0.759,0.0
2022-06-19 04:00:00,16.79,15.12,22.47,23.33,0,0.119,0.496,0.881,0.534,2.259,4.17,0.0,1.04,1,-0.006,0.491,0.0
2022-06-19 05:00:00,13.8,11.06,23.13,23.33,1,0.112,0.276,1.528,0.967,2.46,5.231,1.0,1.07,1,-0.009,0.578,0.197
2022-06-19 06:00:00,13.5,12.34,25.05,23.33,1,0.08,1.442,2.474,0.433,1.886,6.236,2.0,0.97,0,0.0,0.501,1.716
2022-06-19 07:00:00,15.17,13.75,22.0,23.33,2,0.092,0.2,2.724,0.678,3.2,6.802,2.0,1.1,0,0.0,0.623,2.66
2022-06-19 08:00:00,15.64,13.13,24.17,23.33,2,0.081,1.506,2.256,0.765,2.549,7.077,2.0,1.04,1,0.026,0.6,1.682
2022-06-19 09:00:00,15.25,14.15,24.68,23.33,2,0.084,2.127,0.65,0.804,2.396,5.976,2.0,0.98,0,0.0,0.501,2.699
2022-06-19 10:00:00,13.24,11.25,22.25,23.33,1,0.16,0.12,2.176,1.136,2.726,6.158,1.0,1.04,0,0.0,0.984,1.084
2022-06-19 11:00:00,15.25,13.36,22.67,23.33,0,0.162,2.0,1.102,0.861,2.2,6.164,0.0,1.0,1,0.046,1.045,0.0
2022-06-19 12:00:00,14.06,12.39,22.0,23.33,1,0.142,0.986,1.288,0.986,2.8,6.061,1.0,0.92,1,0.008,0.871,1.33
2022-06-19 13:00:00,16.07,14.28,22.76,23.33,0,0.16,0.399,0.99,0.782,2.173,4.344,0.0,1.06,1,0.02,0.713,0.0
2022-06-19 14:00:00,15.79,13.73,22.96,23.33,1,0.193,0.44,2.439,1.034,2.513,6.426,1.0,1.01,1,0.042,1.285,0.374
2022-06-19 15:00:00,14.52,13.2,23.79,23.33,0,0.142,2.297,2.122,0.464,1.863,6.745,0.0,1.06,1,0.017,0.971,0.0
2022-06-19 16:00:00,14.98,12.84,24.31,23.33,1,0.164,0.277,2.03,0.41,2.108,4.824,1.0,0.93,1,-0.007,0.786,0.978
2022-06-19 17:00:00,14.47,11.86,22.1,23.33,2,0.142,2.167,2.17,1.126,3.169,8.633,2.0,1.01,0,0.0,1.225,2.455
2022-06-19 18:00:00,15.5,12.98,22.0,23.33,2,0.098,1.361,1.092,0.893,3.2,6.546,2.0,1.05,0,0.0,0.643,2.66
2022-06-19 19:00:00,16.56,15.25,22.97,23.33,2,0.091,0.098,1.612,0.872,2.908,5.488,2.0,1.1,0,0.0,0.5,0.711
2022-06-19 20:00:00,14.66,13.36,23.35,23.33,2,0.117,1.161,2.083,0.667,2.794,6.706,1.0,1.08,1,-0.003,0.779,0.044
2022-06-19 21:00:00,16.19,14.65,23.3,23.33,3,0.096,2.044,2.091,0.577,3.21,7.922,3.0,1.07,1,-0.016,0.741,0.092
2022-06-19 22:00:00,15.2,13.47,22.61,23.33,1,0.1,1.816,2.48,0.756,2.618,7.668,1.0,0.95,1,0.002,0.77,0.722
2022-06-19 23:00:00,14.98,13.16,23.15,23.33,2,0.093,1.222,1.218,0.321,2.855,5.615,2.0,1.07,1,0.023,0.546,0.361
2022-06-20 00:00:00,15.7,13.35,24.82,23.33,0,0.107,2.15,2.426,0.655,1.554,6.785,0.0,0.93,1,-0.05,0.673,0.0
2022-06-20 01:00:00,14.82,13.71,23.46,23.33,0,0.12,0.301,1.6,0.655,1.963,4.519,0.0,0.94,1,0.039,0.58,0.0
2022-06-20 02:00:00,15.35,14.28,22.55,23.33,0,0.081,2.275,2.175,0.738,2.234,7.423,0.0,0.92,0,0.0,0.601,0.0
2022-06-20 03:00:00,14.75,12.97,22.4,23.33,1,0.116,2.116,1.639,0.835,2.68,7.27,1.0,1.07,1,0.004,0.847,0.93
2022-06-20 04:00:00,17.96,15.57,22.8,23.33,2,0.08,1.771,2.872,1.157,2.961,8.761,2.0,0.92,1,-0.038,0.664,1.068
2022-06-20 05:00:00,16.08,14.7,24.96,23.33,1,0.095,2.045,0.948,0.852,1.911,5.756,1.0,0.93,1,0.017,0.562,1.634
2022-06-20 06:00:00,15.4,13.12,22.78,23.33,2,0.087,1.36,2.188,1.084,2.966,7.597,2.0,0.95,0,0.0,0.659,1.1
2022-06-20 07:00:00,16.36,14.84,22.98,23.33,2,0.11,1.688,1.941,0.756,2.907,7.293,2.0,1.01,1,0.001,0.805,0.708
2022-06-20 08:00:00,16.09,13.32,22.42,23.33,2,0.082,1.401,0.932,0.827,3.074,6.234,2.0,1.08,0,0.0,0.511,1.818
2022-06-20 09:00:00,16.04,13.24,24.32,23.33,3,0.102,0.889,0.665,0.27,2.904,4.728,3.0,0.98,1,0.009,0.492,2.966
2022-06-20 10:00:00,16.93,15.33,25.35,23.33,0,0.16,1.422,2.498,0.333,1.394,5.648,0.0,1.01,1,-0.018,0.886,0.0
2022-06-20 11:00:00,17.13,15.67,23.54,23.33,0,0.159,0.644,0.894,0.78,1.938,4.255,0.0,0.93,0,0.0,0.677,0.0
2022-06-20 12:00:00,15.89,14.07,23.1,23.33,0,0.149,1.101,0.966,0.596,2.07,4.733,0.0,0.95,0,0.0,0.706,0.0
2022-06-20 13:00:00,15.91,14.43,23.04,23.33,0,0.189,0.702,2.946,0.999,2.087,6.734,0.0,0.93,1,0.05,1.32,0.0
2022-06-20 14:00:00,16.27,13.92,22.0,23.33,0,0.186,0.307,2.293,0.743,2.4,5.744,0.0,0.98,1,-0.024,1.042,0.0
2022-06-20 15:00:00,14.3,11.65,23.89,23.33,0,0.169,0.805,1.126,1.082,1.832,4.845,0.0,1.02,1,-0.044,0.775,0.0
2022-06-20 16:00:00,15.15,12.8,23.16,23.33,2,0.172,2.13,1.977,1.172,2.852,8.131,2.0,0.96,1,-0.006,1.395,0.338
2022-06-20 17:00:00,18.09,15.45,23.51,23.33,0,0.144,0.953,1.835,0.348,1.946,5.081,0.0,1.07,1,-0.042,0.688,0.0
2022-06-20 18:00:00,18.44,16.64,22.15,23.33,3,0.081,1.87,2.611,0.595,3.556,8.632,2.0,1.1,0,0.0,0.697,3.551
2022-06-20 19:00:00,16.61,15.29,22.54,23.33,3,0.09,0.438,2.323,0.865,3.438,7.065,3.0,0.92,1,0.01,0.643,2.374
2022-06-20 20:00:00,17.5,15.02,22.51,23.33,3,0.097,1.061,2.579,0.505,3.448,7.594,3.0,0.9,1,0.009,0.748,2.47
2022-06-20 21:00:00,17.3,15.58,24.23,23.33,3,0.093,0.287,1.029,0.467,2.932,4.715,3.0,1.06,1,-0.046,0.394,2.688
2022-06-20 22:00:00,20.13,17.79,22.55,23.33,1,0.115,0.347,2.101,1.014,2.636,6.097,0.0,0.94,0,0.0,0.703,0.785
2022-06-20 23:00:00,18.24,16.7,25.5,23.33,2,0.112,1.544,0.601,1.18,2.15,5.475,2.0,0.97,0,0.0,0.61,4.338
2022-06-21 00:00:00,17.07,15.9,23.52,23.33,0,0.105,1.519,0.672,0.974,1.945,5.11,0.0,0.98,0,0.0,0.537,0.0
2022-06-21 01:00:00,16.31,13.32,22.0,23.33,0,0.094,0.533,2.284,0.724,2.4,5.941,0.0,1.08,1,0.037,0.593,0.0
2022-06-21 02:00:00,15.73,14.42,22.85,23.33,1,0.108,1.186,0.561,0.643,2.546,4.936,1.0,1.03,0,0.0,0.533,0.484
2022-06-21 03:00:00,17.61,14.64,22.22,23.33,1,0.114,2.158,1.949,0.74,2.735,7.582,1.0,0.91,0,0.0,0.862,1.112
2022-06-21 04:00:00,16.73,13.77,22.0,23.33,1,0.104,0.436,2.601,0.663,2.8,6.499,1.0,0.9,0,0.0,0.675,1.33
2022-06-21 05:00:00,16.13,13.55,24.92,23.33,0,0.111,0.048,1.45,0.703,1.524,3.725,0.0,0.94,0,0.0,0.415,0.0
2022-06-21 06:00:00,16.99,14.67,23.84,23.33,2,0.11,1.63,0.612,0.403,2.647,5.292,2.0,0.96,1,0.038,0.62,1.028
2022-06-21 07:00:00,16.63,14.47,23.64,23.33,2,0.103,0.134,2.285,1.104,2.708,6.23,2.0,1.0,1,-0.022,0.619,0.62
2022-06-21 08:00:00,19.47,16.74,23.2,23.33,3,0.092,2.45,2.824,0.955,3.24,9.469,3.0,1.07,1,0.022,0.898,0.395
2022-06-21 09:00:00,18.75,17.17,22.0,23.33,2,0.11,1.524,2.293,0.881,3.2,7.898,2.0,0.96,0,0.0,0.867,2.66
2022-06-21 10:00:00,17.93,16.0,22.42,23.33,1,0.168,1.176,1.946,1.15,2.674,6.946,1.0,0.98,0,0.0,1.167,0.91
2022-06-21 11:00:00,19.5,17.26,24.01,23.33,0,0.19,1.075,1.075,0.484,1.797,4.431,0.0,0.97,1,0.043,0.885,0.0
2022-06-21 12:00:00,18.18,16.36,22.0,23.33,0,0.151,1.433,0.538,0.281,2.4,4.652,0.0,0.9,0,0.0,0.701,0.0
2022-06-21 13:00:00,17.32,15.47,22.0,23.33,0,0.15,0.227,2.237,1.026,2.4,5.889,0.0,1.09,1,-0.043,0.838,0.0
2022-06-21 14:00:00,19.79,18.13,22.73,23.33,0,0.179,2.325,1.078,1.198,2.182,6.783,0.0,0.93,0,0.0,1.217,0.0
2022-06-21 15:00:00,18.89,16.76,22.83,23.33,0,0.192,1.564,2.645,0.778,2.151,7.139,0.0,0.96,0,0.0,1.372,0.0
2022-06-21 16:00:00,17.4,14.7,23.16,23.33,0,0.194,0.46,1.666,0.259,2.051,4.436,0.0,0.93,0,0.0,0.859,0.0
2022-06-21 17:00:00,18.33,16.93,23.87,23.33,0,0.179,1.406,1.827,0.98,1.838,6.051,0.0,1.0,1,0.017,1.098,0.0
2022-06-21 18:00:00,17.73,14.86,23.77,23.33,3,0.115,0.333,2.385,0.274,3.07,6.062,3.0,1.09,0,0.0,0.7,1.305
2022-06-21 19:00:00,17.31,14.93,23.31,23.33,1,0.106,0.044,2.449,0.74,2.407,5.639,1.0,0.92,1,-0.041,0.557,0.019
2022-06-21 20:00:00,19.71,17.06,24.43,23.33,1,0.086,1.576,2.107,0.478,2.07,6.23,1.0,0.99,1,0.027,0.561,1.105
2022-06-21 21:00:00,20.78,18.67,22.0,23.33,3,0.117,1.621,2.846,1.115,3.6,9.182,3.0,0.9,0,0.0,1.078,3.99
2022-06-21 22:00:00,17.56,15.0,23.61,23.33,3,0.12,1.459,2.956,0.651,3.118,8.185,3.0,1.05,0,0.0,0.979,0.826
2022-06-21 23:00:00,19.61,18.58,23.75,23.33,3,0.097,0.459,2.867,1.098,3.074,7.499,3.0,1.03,1,0.037,0.767,1.266
2022-06-22 00:00:00,18.49,15.85,22.0,23.33,2,0.104,1.509,2.56,0.499,3.2,7.768,2.0,1.04,0,0.0,0.806,2.66
2022-06-22 01:00:00,18.74,17.66,22.0,23.33,0,0.111,0.141,2.264,0.587,2.4,5.393,0.0,0.99,1,-0.043,0.556,0.0
2022-06-22 02:00:00,18.73,15.95,22.1,23.33,0,0.109,1.523,2.158,1.147,2.369,7.197,0.0,1.08,1,0.001,0.789,0.0
2022-06-22 03:00:00,18.55,15.57,22.21,23.33,1,0.119,1.385,0.759,0.401,2.738,5.284,1.0,0.98,0,0.0,0.627,1.124
2022-06-22 04:00:00,19.56,17.97,23.9,23.33,1,0.085,1.638,1.179,0.779,2.229,5.824,1.0,1.0,0,0.0,0.493,0.574
2022-06-22 05:00:00,18.77,17.35,22.26,23.33,2,0.103,2.239,0.514,0.589,3.121,6.463,2.0,1.04,0,0.0,0.667,2.135
2022-06-22 06:00:00,19.97,17.44,22.0,23.33,2,0.108,2.126,0.844,0.974,3.2,7.144,2.0,1.0,0,0.0,0.769,2.66
2022-06-22 07:00:00,19.74,18.24,22.27,23.33,3,0.116,2.452,1.598,0.329,3.52,7.899,3.0,0.94,0,0.0,0.913,3.192
2022-06-22 08:00:00,19.65,16.92,24.34,23.33,2,0.115,2.441,0.866,0.637,2.497,6.441,2.0,0.96,1,0.016,0.756,2.025
2022-06-22 09:00:00,19.08,17.87,23.02,23.33,2,0.119,1.931,2.754,0.899,2.895,8.479,2.0,0.92,1,0.023,1.033,0.629
2022-06-22 10:00:00,19.51,18.25,22.78,23.33,0,0.14,2.391,2.514,0.607,2.165,7.677,0.0,0.99,1,0.029,1.105,0.0
2022-06-22 11:00:00,20.94,17.98,22.87,23.33,1,0.14,2.168,0.679,0.259,2.54,5.645,1.0,1.02,1,-0.041,0.75,0.462
2022-06-22 12:00:00,20.78,18.43,24.55,23.33,1,0.168,1.819,1.122,0.905,2.035,5.881,1.0,0.92,0,0.0,0.99,1.22
2022-06-22 13:00:00,19.4,16.71,22.1,23.33,2,0.142,0.188,2.548,0.703,3.17,6.609,2.0,1.03,0,0.0,0.937,2.458
2022-06-22 14:00:00,20.58,18.93,24.58,23.33,1,0.198,0.123,2.508,0.211,2.026,4.868,1.0,1.08,0,0.0,0.966,1.249
2022-06-22 15:00:00,21.33,18.98,23.25,23.33,2,0.153,2.094,2.864,0.813,2.824,8.595,2.0,0.97,0,0.0,1.318,0.155
2022-06-22 16:00:00,19.01,16.82,22.81,23.33,1,0.168,1.224,2.994,1.12,2.558,7.896,1.0,0.94,0,0.0,1.329,0.523
2022-06-22 17:00:00,21.32,19.12,26.0,23.33,2,0.144,2.037,2.941,0.311,2.0,7.288,2.0,1.08,0,0.0,1.047,5.342
2022-06-22 18:00:00,20.22,17.86,22.0,23.33,3,0.082,0.782,1.525,0.791,3.6,6.698,3.0,1.04,1,-0.019,0.532,3.99
2022-06-22 19:00:00,21.56,19.41,22.58,23.33,1,0.113,0.994,1.126,0.929,2.627,5.676,0.0,0.92,1,-0.022,0.618,0.754
2022-06-22 20:00:00,20.33,18.47,22.0,23.33,3,0.105,1.75,2.396,0.271,3.6,8.017,3.0,0.98,0,0.0,0.84,3.99
2022-06-22 21:00:00,19.39,17.84,24.14,23.33,3,0.118,2.288,1.248,0.223,2.957,6.716,3.0,1.03,1,-0.004,0.791,2.439
2022-06-22 22:00:00,19.67,17.13,25.03,23.33,2,0.09,0.219,2.516,0.664,2.292,5.691,2.0,1.01,1,0.027,0.539,3.394
2022-06-22 23:00:00,21.45,20.0,25.0,23.33,2,0.083,2.154,1.835,0.991,2.299,7.279,2.0,1.02,0,0.0,0.603,3.348
2022-06-23 00:00:00,21.77,19.38,24.47,23.33,0,0.1,1.983,2.485,0.361,1.659,6.487,0.0,1.01,0,0.0,0.647,0.0
2022-06-23 01:00:00,20.71,19.24,22.76,23.33,0,0.083,0.789,1.19,1.037,2.171,5.186,0.0,1.06,1,0.022,0.455,0.0
2022-06-23 02:00:00,22.36,20.11,22.56,23.33,0,0.09,0.888,1.77,0.857,2.231,5.746,0.0,0.96,1,0.009,0.529,0.0
2022-06-23 03:00:00,20.16,17.67,22.0,23.33,1,0.085,0.116,1.91,0.532,2.8,5.358,1.0,1.04,1,0.022,0.477,1.33
2022-06-23 04:00:00,21.86,20.43,25.44,23.33,2,0.089,0.039,2.858,0.716,2.167,5.78,2.0,1.1,0,0.0,0.514,4.226
2022-06-23 05:00:00,20.83,19.71,23.56,23.33,0,0.084,1.193,1.166,1.166,1.931,5.456,0.0,0.98,0,0.0,0.46,0.0
2022-06-23 06:00:00,21.49,20.23,22.41,23.33,1,0.118,0.239,2.842,0.416,2.677,6.174,1.0,1.06,0,0.0,0.73,0.92
2022-06-23 07:00:00,22.3,20.09,24.59,23.33,2,0.091,0.485,2.512,0.7,2.422,6.119,2.0,0.95,1,0.011,0.569,2.527
2022-06-23 08:00:00,21.5,18.8,22.0,23.33,3,0.098,2.117,2.327,0.824,3.6,8.869,3.0,0.96,0,0.0,0.867,3.99
2022-06-23 09:00:00,22.08,20.99,23.49,23.33,2,0.116,1.428,2.467,0.338,2.754,6.986,2.0,1.09,0,0.0,0.81,0.316
2022-06-23 10:00:00,23.58,21.12,22.79,23.33,0,0.189,1.584,2.014,0.244,2.162,6.003,0.0,0.91,1,0.027,1.159,0.0
2022-06-23 11:00:00,22.11,20.43,23.77,23.33,0,0.17,0.469,1.11,0.213,1.87,3.662,0.0,0.94,0,0.0,0.624,0.0
2022-06-23 12:00:00,23.63,21.67,22.92,23.33,0,0.182,2.072,0.974,0.525,2.123,5.693,0.0,1.0,0,0.0,1.037,0.0
2022-06-23 13:00:00,21.78,18.92,22.0,23.33,1,0.185,2.17,2.666,0.274,2.8,7.91,1.0,0.98,1,0.01,1.471,1.33
2022-06-23 14:00:00,23.55,21.88,23.09,23.33,0,0.155,1.308,2.313,1.004,2.073,6.698,0.0,1.03,0,0.0,1.04,0.0
2022-06-23 15:00:00,24.57,22.64,24.26,23.33,0,0.193,2.281,1.033,1.197,1.722,6.234,0.0,0.94,0,0.0,1.2,0.0
2022-06-23 16:00:00,20.76,19.74,22.96,23.33,0,0.168,2.112,2.038,0.261,2.111,6.522,0.0,0.91,0,0.0,1.093,0.0
2022-06-23 17:00:00,22.55,21.39,23.93,23.33,0,0.153,1.828,1.619,0.633,1.821,5.901,0.0,0.97,1,0.0,0.901,0.0
2022-06-23 18:00:00,24.03,22.52,22.0,23.33,3,0.091,1.835,0.897,0.226,3.6,6.558,2.0,1.0,0,0.0,0.597,3.99
2022-06-23 19:00:00,23.37,22.31,22.97,23.33,2,0.115,0.263,1.83,0.334,2.909,5.337,2.0,1.01,0,0.0,0.615,0.723
2022-06-23 20:00:00,24.05,21.79,22.25,23.33,3,0.102,0.677,1.204,0.523,3.525,5.929,2.0,1.02,1,0.003,0.606,3.238
2022-06-23 21:00:00,23.19,21.33,23.9,23.33,2,0.116,0.167,0.741,0.594,2.631,4.133,2.0,1.01,0,0.0,0.48,1.133
2022-06-23 22:00:00,23.99,21.89,23.04,23.33,2,0.082,0.022,1.667,1.14,2.889,5.718,2.0,0.95,0,0.0,0.467,0.584
2022-06-23 23:00:00,23.86,22.51,23.83,23.33,2,0.096,0.396,1.975,0.596,2.652,5.618,2.0,1.05,1,0.037,0.576,0.996
2022-06-24 00:00:00,25.29,23.7,24.31,23.33,2,0.118,2.201,0.617,0.696,2.508,6.023,2.0,0.92,0,0.0,0.71,1.951
2022-06-24 01:00:00,24.49,22.16,23.83,23.33,2,0.09,0.6,1.505,0.446,2.651,5.202,3.0,0.94,0,0.0,0.468,1.0
2022-06-24 02:00:00,24.69,21.76,23.33,23.33,0,0.118,2.425,1.144,0.2,2.002,5.771,0.0,1.05,1,-0.012,0.667,0.0
2022-06-24 03:00:00,24.05,22.95,22.0,23.33,0,0.118,1.493,0.577,1.099,2.4,5.569,0.0,0.96,1,0.01,0.668,0.0
2022-06-24 04:00:00,24.09,21.31,23.0,23.33,0,0.115,0.593,0.814,0.282,2.101,3.79,0.0,1.0,1,-0.014,0.423,0.0
2022-06-24 05:00:00,24.25,22.1,22.36,23.33,1,0.103,1.243,0.848,1.164,2.692,5.947,1.0,0.97,0,0.0,0.61,0.97
2022-06-24 06:00:00,25.19,23.06,22.59,23.33,2,0.106,0.548,0.957,0.331,3.024,4.86,2.0,1.0,0,0.0,0.515,1.486
2022-06-24 07:00:00,24.49,22.49,22.55,23.33,3,0.115,2.46,2.508,0.805,3.435,9.208,3.0,0.97,1,-0.009,1.048,2.338
2022-06-24 08:00:00,25.31,24.17,22.0,23.33,2,0.111,2.118,1.599,1.199,3.2,8.116,2.0,1.1,0,0.0,0.901,2.66
2022-06-24 09:00:00,27.21,26.03,22.0,23.33,3,0.105,0.066,0.868,0.338,3.6,4.872,3.0,0.97,0,0.0,0.513,3.99
2022-06-24 10:00:00,26.12,23.92,22.2,23.33,1,0.174,2.369,0.751,0.624,2.741,6.485,1.0,1.03,1,-0.045,1.084,1.132
2022-06-24 11:00:00,25.03,23.35,23.23,23.33,0,0.186,1.803,1.245,0.98,2.03,6.058,0.0,1.08,0,0.0,1.126,0.0
2022-06-24 12:00:00,26.67,23.84,22.0,23.33,1,0.185,0.206,2.495,0.232,2.8,5.733,1.0,1.03,1,0.048,1.111,1.33
2022-06-24 13:00:00,25.18,23.36,23.02,23.33,0,0.172,1.677,1.411,0.89,2.094,6.072,0.0,1.01,0,0.0,1.042,0.0
2022-06-24 14:00:00,23.66,22.37,25.28,23.33,0,0.177,1.617,0.9,0.28,1.416,4.213,1.0,1.01,0,0.0,0.748,0.0
2022-06-24 15:00:00,24.8,22.37,24.23,23.33,0,0.185,0.547,1.51,0.437,1.732,4.225,0.0,1.0,1,0.01,0.793,0.0
2022-06-24 16:00:00,24.05,22.46,24.97,23.33,0,0.19,1.896,1.888,0.36,1.508,5.653,0.0,1.06,0,0.0,1.077,0.0
2022-06-24 17:00:00,25.68,23.63,23.47,23.33,0,0.186,0.218,0.574,1.107,1.959,3.858,0.0,0.91,1,-0.009,0.708,0.0
2022-06-24 18:00:00,26.16,23.77,24.4,23.33,2,0.086,1.224,2.069,0.38,2.48,6.153,2.0,1.08,0,0.0,0.532,2.142
2022-06-24 19:00:00,27.93,25.13,22.13,23.33,2,0.119,0.025,1.488,0.24,3.161,4.914,2.0,1.02,0,0.0,0.585,2.398
2022-06-24 20:00:00,26.69,24.11,22.23,23.33,1,0.093,2.422,0.524,0.788,2.732,6.466,1.0,1.07,0,0.0,0.599,1.103
2022-06-24 21:00:00,26.26,23.9,22.0,23.33,2,0.097,1.879,2.185,0.546,3.2,7.81,2.0,0.9,0,0.0,0.759,2.66
2022-06-24 22:00:00,27.42,25.06,24.42,23.33,2,0.091,0.397,2.281,0.606,2.473,5.757,2.0,1.07,1,0.04,0.564,2.187
2022-06-24 23:00:00,24.49,21.59,24.85,23.33,2,0.103,0.854,2.072,0.319,2.345,5.591,2.0,0.92,1,0.047,0.624,3.037
2022-06-25 00:00:00,27.04,25.45,22.34,23.33,1,0.082,0.401,1.355,0.948,2.699,5.404,1.0,1.04,1,-0.002,0.443,0.994
2022-06-25 01:00:00,27.69,26.69,22.7,23.33,1,0.086,1.917,1.824,0.802,2.591,7.134,1.0,0.98,1,0.008,0.622,0.635
2022-06-25 02:00:00,25.55,24.01,22.1,23.33,1,0.11,0.147,1.468,0.564,2.771,4.951,1.0,1.04,1,0.025,0.568,1.235
2022-06-25 03:00:00,28.28,26.85,23.46,23.33,2,0.087,2.101,2.252,0.372,2.762,7.486,2.0,1.03,0,0.0,0.655,0.258
2022-06-25 04:00:00,27.59,25.26,24.35,23.33,0,0.089,2.355,1.959,0.793,1.695,6.803,0.0,0.93,0,0.0,0.608,0.0
2022-06-25 05:00:00,26.94,24.67,22.0,23.33,1,0.112,1.692,0.704,0.979,2.8,6.175,0.0,1.0,1,0.046,0.736,1.33
2022-06-25 06:00:00,28.1,25.91,23.49,23.33,3,0.084,0.532,2.108,0.512,3.153,6.305,3.0,0.96,0,0.0,0.528,0.484
2022-06-25 07:00:00,29.85,28.81,22.67,23.33,2,0.097,0.9,2.218,0.226,3.0,6.344,2.0,1.01,0,0.0,0.619,1.324
2022-06-25 08:00:00,27.86,25.41,23.14,23.33,2,0.081,1.193,1.427,0.414,2.859,5.893,2.0,1.05,1,0.034,0.511,0.388
2022-06-25 09:00:00,28.04,26.39,23.55,23.33,3,0.094,1.512,2.689,0.882,3.135,8.218,3.0,0.92,0,0.0,0.771,0.662
2022-06-25 10:00:00,27.44,25.11,22.77,23.33,0,0.198,1.672,2.608,1.189,2.168,7.636,0.0,1.0,0,0.0,1.511,0.0
2022-06-25 11:00:00,27.16,25.04,22.88,23.33,1,0.193,1.386,0.938,0.213,2.537,5.074,1.0,1.02,0,0.0,0.977,0.454
2022-06-25 12:00:00,28.94,27.26,22.74,23.33,1,0.193,0.878,2.761,0.506,2.577,6.722,0.0,0.96,1,-0.021,1.274,0.587
2022-06-25 13:00:00,27.36,26.09,24.16,23.33,0,0.151,2.227,1.602,0.262,1.751,5.842,0.0,1.09,0,0.0,0.88,0.0
2022-06-25 14:00:00,28.4,27.21,23.5,23.33,1,0.156,0.203,2.309,0.516,2.349,5.378,1.0,1.0,1,0.043,0.882,0.173
2022-06-25 15:00:00,27.95,25.29,23.26,23.33,1,0.145,1.166,2.535,0.606,2.421,6.727,1.0,0.94,0,0.0,0.973,0.065
2022-06-25 16:00:00,29.01,26.18,22.0,23.33,0,0.187,1.939,1.763,1.121,2.4,7.223,0.0,0.92,1,0.034,1.382,0.0
2022-06-25 17:00:00,28.97,26.67,22.55,23.33,2,0.144,0.152,1.498,0.281,3.036,4.967,3.0,1.01,0,0.0,0.716,1.569
2022-06-25 18:00:00,29.78,28.58,24.08,23.33,2,0.08,1.763,2.789,0.977,2.576,8.106,2.0,0.98,1,0.015,0.666,1.497
2022-06-25 19:00:00,28.34,26.53,23.05,23.33,3,0.096,2.049,1.077,0.596,3.286,7.008,3.0,0.94,0,0.0,0.675,0.854
2022-06-25 20:00:00,28.68,26.22,23.79,23.33,3,0.105,1.652,1.142,1.011,3.063,6.868,3.0,0.91,1,0.002,0.724,1.384
2022-06-25 21:00:00,28.08,25.52,25.12,23.33,2,0.093,0.032,1.404,0.713,2.264,4.414,2.0,1.01,1,-0.021,0.391,3.58
2022-06-25 22:00:00,28.71,27.48,24.25,23.33,1,0.113,0.45,2.649,0.239,2.126,5.464,1.0,1.02,0,0.0,0.62,0.916
2022-06-25 23:00:00,29.64,28.64,23.11,23.33,3,0.109,0.855,2.847,1.146,3.266,8.115,3.0,0.93,0,0.0,0.882,0.655
2022-06-26 00:00:00,30.12,27.69,22.39,23.33,2,0.094,0.584,1.05,0.283,3.084,5.001,2.0,1.02,1,-0.021,0.449,1.886
2022-06-26 01:00:00,28.54,26.83,22.0,23.33,0,0.109,2.407,2.66,0.798,2.4,8.264,0.0,1.09,1,0.048,0.951,0.0
2022-06-26 02:00:00,30.43,28.92,22.8,23.33,0,0.118,1.629,1.146,1.078,2.161,6.013,0.0,1.1,0,0.0,0.707,0.0
2022-06-26 03:00:00,31.02,29.99,22.61,23.33,0,0.084,0.742,2.927,0.28,2.217,6.166,0.0,1.08,0,0.0,0.516,0.0
2022-06-26 04:00:00,30.17,28.09,23.47,23.33,1,0.092,2.324,1.994,0.754,2.359,7.431,1.0,1.06,0,0.0,0.685,0.138
2022-06-26 05:00:00,31.74,29.03,22.82,23.33,0,0.099,1.851,0.518,1.024,2.155,5.549,0.0,0.94,0,0.0,0.547,0.0
2022-06-26 06:00:00,29.18,26.27,22.62,23.33,2,0.1,0.712,0.585,1.186,3.015,5.499,2.0,0.93,0,0.0,0.549,1.429
2022-06-26 07:00:00,28.81,26.68,22.0,23.33,1,0.102,0.947,0.869,0.924,2.8,5.54,1.0,0.99,1,-0.011,0.552,1.33
2022-06-26 08:00:00,28.37,26.34,22.0,23.33,3,0.092,0.499,0.969,0.478,3.6,5.546,3.0,1.02,0,0.0,0.51,3.99
2022-06-26 09:00:00,31.74,30.57,23.57,23.33,1,0.107,2.428,2.419,0.9,2.328,8.075,2.0,1.07,0,0.0,0.861,0.242
2022-06-26 10:00:00,31.0,28.9,25.06,23.33,2,0.17,1.293,1.057,0.906,2.282,5.538,2.0,0.95,1,-0.043,0.897,3.458
2022-06-26 11:00:00,30.38,28.62,22.88,23.33,1,0.163,2.24,2.923,0.9,2.535,8.598,1.0,1.0,1,0.03,1.435,0.447
2022-06-26 12:00:00,30.81,28.6,23.39,23.33,0,0.168,0.866,2.09,1.054,1.982,5.993,0.0,1.03,0,0.0,1.009,0.0
2022-06-26 13:00:00,29.5,27.72,24.14,23.33,0,0.191,2.152,2.231,0.287,1.757,6.428,1.0,0.99,0,0.0,1.229,0.0
2022-06-26 14:00:00,33.16,31.68,22.03,23.33,1,0.179,0.135,1.045,0.308,2.792,4.28,1.0,0.99,0,0.0,0.765,1.303
2022-06-26 15:00:00,30.94,29.75,23.44,23.33,0,0.143,2.455,2.732,0.841,1.968,7.996,0.0,0.95,0,0.0,1.141,0.0
2022-06-26 16:00:00,31.01,29.38,22.11,23.33,1,0.173,2.28,2.17,1.154,2.767,8.37,1.0,1.1,0,0.0,1.444,1.219
2022-06-26 17:00:00,31.71,30.52,24.04,23.33,2,0.141,0.908,2.661,0.666,2.589,6.824,2.0,1.0,0,0.0,0.962,1.416
2022-06-26 18:00:00,31.56,30.2,23.18,23.33,3,0.081,1.937,2.891,1.161,3.245,9.234,3.0,1.01,0,0.0,0.744,0.445
2022-06-26 19:00:00,31.39,28.42,23.36,23.33,2,0.098,1.881,0.814,1.138,2.793,6.625,3.0,0.94,1,-0.029,0.617,0.056
2022-06-26 20:00:00,30.46,28.58,22.06,23.33,2,0.113,2.253,0.741,1.103,3.182,7.279,2.0,1.0,0,0.0,0.821,2.538
2022-06-26 21:00:00,31.81,29.75,23.85,23.33,2,0.111,0.768,2.509,1.11,2.645,7.032,2.0,0.95,0,0.0,0.782,1.037
2022-06-26 22:00:00,33.31,30.56,25.5,23.33,3,0.101,1.164,2.665,1.098,2.55,7.477,3.0,0.94,1,-0.021,0.73,6.515
2022-06-26 23:00:00,32.86,29.87,22.0,23.33,2,0.09,2.162,1.959,1.02,3.2,8.342,2.0,0.96,1,-0.026,0.724,2.66
2022-06-27 00:00:00,33.19,31.03,22.59,23.33,0,0.099,1.946,1.415,0.895,2.222,6.479,0.0,0.9,0,0.0,0.639,0.0
2022-06-27 01:00:00,31.17,28.55,23.28,23.33,0,0.103,0.984,2.132,0.224,2.017,5.356,0.0,1.01,0,0.0,0.549,0.0
2022-06-27 02:00:00,30.78,29.12,23.94,23.33,0,0.12,2.114,1.264,0.332,1.817,5.528,0.0,0.98,1,0.022,0.685,0.0
2022-06-27 03:00:00,31.72,30.11,22.33,23.33,1,0.106,0.117,1.096,0.334,2.701,4.249,1.0,1.08,0,0.0,0.449,1.001
2022-06-27 04:00:00,31.98,30.18,22.0,23.33,1,0.108,1.955,1.72,0.224,2.8,6.699,1.0,0.91,1,-0.049,0.673,1.33
2022-06-27 05:00:00,33.1,30.76,24.63,23.33,0,0.1,0.517,1.04,0.317,1.611,3.485,0.0,0.91,1,0.018,0.365,0.0
2022-06-27 06:00:00,30.4,28.03,23.91,23.33,3,0.094,0.715,1.709,1.12,3.026,6.571,3.0,1.08,0,0.0,0.619,1.748
2022-06-27 07:00:00,33.7,32.07,22.0,23.33,2,0.113,1.233,2.892,0.864,3.2,8.188,2.0,0.93,1,-0.025,0.896,2.66
2022-06-27 08:00:00,32.09,30.82,22.27,23.33,3,0.1,1.124,2.599,0.512,3.519,7.755,3.0,0.9,1,-0.019,0.754,3.177
2022-06-27 09:00:00,31.9,29.63,24.88,23.33,3,0.12,1.301,2.854,0.993,2.735,7.884,3.0,0.94,1,0.025,0.969,4.655
2022-06-27 10:00:00,31.39,30.13,24.74,23.33,1,0.19,1.362,2.516,0.688,1.979,6.545,1.0,1.06,0,0.0,1.242,1.407
2022-06-27 11:00:00,30.82,28.66,24.13,23.33,0,0.181,0.829,1.387,0.342,1.762,4.32,0.0,1.06,1,-0.032,0.749,0.0
2022-06-27 12:00:00,33.37,30.98,22.79,23.33,1,0.154,0.438,2.53,1.085,2.563,6.616,1.0,0.97,1,0.01,1.03,0.541
2022-06-27 13:00:00,32.69,30.29,23.1,23.33,0,0.163,1.921,2.807,0.539,2.07,7.337,0.0,1.03,1,0.021,1.214,0.0
2022-06-27 14:00:00,31.4,28.9,22.84,23.33,1,0.17,1.0,2.868,0.899,2.547,7.314,1.0,1.0,1,-0.011,1.235,0.487
2022-06-27 15:00:00,31.47,28.72,24.35,23.33,0,0.172,1.265,2.208,0.491,1.694,5.657,0.0,1.08,0,0.0,0.971,0.0
2022-06-27 16:00:00,32.5,30.5,22.0,23.33,0,0.193,1.612,1.028,0.7,2.4,5.74,0.0,0.91,0,0.0,1.11,0.0
2022-06-27 17:00:00,34.57,32.11,22.03,23.33,0,0.163,2.274,0.599,1.016,2.39,6.28,0.0,1.06,0,0.0,1.023,0.0
2022-06-27 18:00:00,32.71,30.47,24.21,23.33,3,0.081,1.769,0.868,0.357,2.936,5.93,3.0,0.93,0,0.0,0.481,2.647
2022-06-27 19:00:00,31.54,30.16,22.95,23.33,1,0.105,0.114,2.914,1.177,2.516,6.721,1.0,0.98,0,0.0,0.703,0.383
2022-06-27 20:00:00,32.86,31.81,24.65,23.33,3,0.096,2.096,1.655,0.27,2.804,6.826,3.0,0.94,0,0.0,0.658,3.972
2022-06-27 21:00:00,32.9,31.33,22.19,23.33,3,0.117,2.473,2.637,0.734,3.542,9.387,3.0,1.04,0,0.0,1.097,3.407
2022-06-27 22:00:00,30.54,28.65,22.93,23.33,3,0.1,1.181,1.663,1.116,3.32,7.28,3.0,1.04,1,-0.031,0.697,1.187
2022-06-27 23:00:00,33.24,31.01,22.0,23.33,1,0.108,2.424,2.152,1.146,2.8,8.522,1.0,1.01,1,-0.024,0.899,1.33
2022-06-28 00:00:00,33.13,30.43,23.01,23.33,0,0.089,1.368,0.56,0.432,2.097,4.458,0.0,1.04,1,0.004,0.4,0.0
2022-06-28 01:00:00,34.12,32.72,22.0,23.33,1,0.11,1.149,1.125,0.344,2.8,5.418,0.0,1.03,0,0.0,0.598,1.33
2022-06-28 02:00:00,35.33,34.08,22.41,23.33,2,0.109,0.829,1.591,0.924,3.076,6.419,2.0,1.06,0,0.0,0.699,1.83
2022-06-28 03:00:00,34.67,31.74,22.0,23.33,0,0.116,1.644,2.077,0.242,2.4,6.362,0.0,0.95,0,0.0,0.739,0.0
2022-06-28 04:00:00,33.33,32.11,23.83,23.33,0,0.081,0.575,0.929,0.685,1.85,4.039,0.0,0.99,1,0.006,0.335,0.0
2022-06-28 05:00:00,32.55,30.59,23.86,23.33,0,0.098,0.262,2.411,0.996,1.842,5.512,0.0,0.93,1,0.021,0.561,0.0
2022-06-28 06:00:00,36.28,34.11,22.0,23.33,1,0.107,0.068,1.411,0.76,2.8,5.039,1.0,0.99,0,0.0,0.54,1.33
2022-06-28 07:00:00,33.82,31.74,24.6,23.33,3,0.084,0.731,2.544,0.388,2.82,6.482,3.0,1.04,1,0.023,0.566,3.812
2022-06-28 08:00:00,33.83,32.66,26.0,23.33,3,0.096,0.989,0.745,0.687,2.401,4.822,3.0,1.04,1,-0.004,0.461,8.001
2022-06-28 09:00:00,33.85,32.73,23.06,23.33,3,0.118,1.38,2.199,1.121,3.283,7.984,3.0,1.04,1,-0.047,0.893,0.824
2022-06-28 10:00:00,34.12,32.91,22.23,23.33,1,0.169,0.732,1.233,0.817,2.731,5.513,1.0,0.96,0,0.0,0.93,1.099
2022-06-28 11:00:00,33.83,31.66,26.39,23.33,0,0.146,2.46,2.488,0.921,1.083,6.953,0.0,1.03,1,-0.047,0.969,0.0
2022-06-28 12:00:00,33.45,31.36,22.0,23.33,1,0.187,0.729,1.505,0.536,2.8,5.571,1.0,0.97,1,-0.004,1.038,1.33
2022-06-28 13:00:00,33.52,32.05,23.02,23.33,0,0.182,1.102,2.163,0.388,2.093,5.747,0.0,1.09,0,0.0,1.045,0.0
2022-06-28 14:00:00,34.08,31.81,23.22,23.33,0,0.161,0.258,2.836,0.456,2.035,5.585,0.0,0.97,0,0.0,0.901,0.0
2022-06-28 15:00:00,33.62,30.98,24.61,23.33,1,0.193,0.652,0.552,0.733,2.016,3.952,1.0,1.02,0,0.0,0.764,1.284
2022-06-28 16:00:00,33.49,32.41,23.43,23.33,2,0.199,0.121,0.528,0.48,2.77,3.899,2.0,1.05,0,0.0,0.774,0.203
2022-06-28 17:00:00,34.36,32.36,22.4,23.33,0,0.173,1.399,2.426,0.742,2.28,6.846,0.0,1.08,0,0.0,1.188,0.0
2022-06-28 18:00:00,34.04,31.66,22.0,23.33,2,0.116,1.878,2.116,0.908,3.2,8.101,2.0,0.99,0,0.0,0.938,2.66
2022-06-28 19:00:00,35.84,34.33,22.59,23.33,2,0.108,0.489,1.232,0.934,3.023,5.679,2.0,0.97,0,0.0,0.611,1.48
2022-06-28 20:00:00,31.72,30.11,22.0,23.33,3,0.09,0.92,1.736,0.365,3.6,6.62,3.0,0.99,0,0.0,0.598,3.99
2022-06-28 21:00:00,35.5,33.27,23.06,23.33,2,0.116,0.042,0.605,0.95,2.883,4.48,2.0,0.96,0,0.0,0.52,0.545
2022-06-28 22:00:00,35.69,32.9,22.32,23.33,1,0.097,2.099,0.981,0.873,2.703,6.656,1.0,1.03,1,-0.033,0.614,1.007
2022-06-28 23:00:00,32.41,29.79,22.0,23.33,3,0.113,1.95,1.561,0.212,3.6,7.323,3.0,1.09,1,-0.043,0.782,3.99
2022-06-29 00:00:00,34.18,32.01,24.51,23.33,2,0.096,0.158,2.585,0.259,2.448,5.45,2.0,0.93,0,0.0,0.521,2.352
2022-06-29 01:00:00,34.18,31.72,22.4,23.33,0,0.114,0.912,1.699,0.846,2.279,5.737,0.0,1.01,0,0.0,0.654,0.0
2022-06-29 02:00:00,33.18,31.45,22.0,23.33,0,0.105,2.388,1.966,0.584,2.4,7.338,0.0,1.08,1,0.022,0.796,0.0
2022-06-29 03:00:00,33.84,31.56,22.8,23.33,0,0.086,0.98,2.684,0.346,2.161,6.171,0.0,0.92,1,0.042,0.571,0.0
2022-06-29 04:00:00,33.54,31.6,23.08,23.33,0,0.106,1.316,1.272,0.244,2.075,4.907,0.0,1.0,0,0.0,0.52,0.0
2022-06-29 05:00:00,36.43,35.05,22.0,23.33,0,0.088,0.888,2.252,0.359,2.4,5.899,0.0,1.07,1,-0.003,0.514,0.0
2022-06-29 06:00:00,35.64,33.24,23.4,23.33,1,0.096,1.49,2.654,1.158,2.381,7.683,1.0,1.08,0,0.0,0.741,0.068
2022-06-29 07:00:00,36.0,33.89,22.0,23.33,3,0.087,2.445,1.007,0.928,3.6,7.979,3.0,1.0,1,-0.021,0.671,3.99
2022-06-29 08:00:00,35.48,33.76,25.05,23.33,3,0.081,2.494,1.391,0.728,2.684,7.297,3.0,0.9,1,0.042,0.632,5.17
2022-06-29 09:00:00,33.65,30.83,23.63,23.33,2,0.088,1.937,2.95,1.142,2.711,8.739,2.0,0.92,0,0.0,0.773,0.598
2022-06-29 10:00:00,34.28,33.24,22.52,23.33,2,0.166,1.011,2.958,0.819,3.044,7.832,3.0,1.02,1,-0.04,1.263,1.62
2022-06-29 11:00:00,35.31,33.68,22.11,23.33,0,0.179,1.236,1.058,0.926,2.368,5.588,0.0,0.92,0,0.0,1.0,0.0
2022-06-29 12:00:00,33.62,32.51,22.87,23.33,2,0.143,0.892,0.666,0.483,2.938,4.978,2.0,0.93,1,0.048,0.76,0.912
2022-06-29 13:00:00,35.58,33.04,23.74,23.33,0,0.179,2.464,1.177,0.789,1.879,6.31,0.0,1.05,0,0.0,1.131,0.0
2022-06-29 14:00:00,34.64,32.24,22.97,23.33,0,0.191,1.769,1.494,0.343,2.109,5.716,0.0,1.05,1,-0.008,1.085,0.0
2022-06-29 15:00:00,34.52,32.86,22.74,23.33,1,0.197,1.122,1.603,0.604,2.578,5.908,1.0,1.07,0,0.0,1.161,0.591
2022-06-29 16:00:00,35.62,33.27,23.07,23.33,0,0.2,0.03,2.047,0.233,2.079,4.39,0.0,0.92,1,0.012,0.889,0.0
2022-06-29 17:00:00,35.37,33.58,22.28,23.33,1,0.157,1.301,2.749,0.417,2.717,7.184,1.0,0.94,1,-0.021,1.107,1.055
2022-06-29 18:00:00,34.58,32.07,22.59,23.33,3,0.106,2.46,1.326,0.275,3.424,7.484,3.0,1.07,0,0.0,0.792,2.226
2022-06-29 19:00:00,36.11,34.2,22.0,23.33,3,0.109,1.308,2.625,0.588,3.6,8.12,2.0,1.04,0,0.0,0.881,3.99
2022-06-29 20:00:00,33.88,32.06,24.17,23.33,1,0.091,0.456,0.734,1.043,2.149,4.382,2.0,1.06,0,0.0,0.399,0.838
2022-06-29 21:00:00,35.59,32.72,23.36,23.33,3,0.08,0.055,0.605,0.578,3.192,4.43,3.0,1.1,1,-0.022,0.333,0.086
2022-06-29 22:00:00,35.57,34.07,22.07,23.33,2,0.115,0.887,1.76,1.032,3.178,6.857,2.0,1.07,1,0.02,0.806,2.516
2022-06-29 23:00:00,34.68,33.44,25.28,23.33,3,0.113,2.296,0.649,0.856,2.616,6.418,3.0,1.0,0,0.0,0.725,5.845
2022-06-30 00:00:00,35.32,33.15,23.1,23.33,1,0.085,2.491,1.481,0.71,2.469,7.151,1.0,0.96,1,-0.046,0.561,0.226
2022-06-30 01:00:00,33.74,30.81,22.0,23.33,0,0.095,2.363,2.742,0.437,2.4,7.942,0.0,1.01,0,0.0,0.754,0.0
2022-06-30 02:00:00,35.92,34.17,24.03,23.33,0,0.106,1.824,1.104,1.122,1.792,5.841,0.0,1.03,0,0.0,0.622,0.0
2022-06-30 03:00:00,34.81,33.69,23.48,23.33,0,0.106,1.395,2.265,0.254,1.957,5.871,0.0,0.97,0,0.0,0.623,0.0
2022-06-30 04:00:00,34.48,32.8,23.47,23.33,1,0.114,1.477,1.256,0.889,2.358,5.979,1.0,1.05,1,0.037,0.721,0.143
2022-06-30 05:00:00,36.05,34.04,22.49,23.33,0,0.086,1.347,0.612,0.821,2.253,5.034,0.0,0.92,1,-0.015,0.416,0.0
2022-06-30 06:00:00,34.29,32.97,23.54,23.33,3,0.097,1.768,1.892,0.641,3.138,7.438,3.0,1.06,1,-0.005,0.718,0.632
2022-06-30 07:00:00,33.58,31.27,22.69,23.33,1,0.084,1.047,2.587,0.44,2.594,6.669,1.0,0.91,0,0.0,0.559,0.644
2022-06-30 08:00:00,33.43,30.44,23.67,23.33,3,0.096,1.673,1.524,0.631,3.1,6.927,3.0,1.0,1,-0.018,0.645,1.011
2022-06-30 09:00:00,35.59,33.69,22.0,23.33,3,0.081,0.304,2.043,1.073,3.6,7.02,3.0,1.07,0,0.0,0.566,3.99
2022-06-30 10:00:00,33.69,31.99,22.48,23.33,0,0.196,0.664,2.75,1.037,2.256,6.707,0.0,0.92,0,0.0,1.314,0.0
2022-06-30 11:00:00,36.72,34.92,25.07,23.33,2,0.178,2.09,2.474,1.141,2.28,7.986,2.0,1.0,0,0.0,1.419,3.473
2022-06-30 12:00:00,32.88,31.64,22.08,23.33,0,0.2,2.259,0.985,0.508,2.376,6.128,0.0,0.93,0,0.0,1.223,0.0
2022-06-30 13:00:00,36.64,33.88,22.28,23.33,0,0.172,1.348,2.333,0.587,2.317,6.585,0.0,1.08,1,-0.029,1.105,0.0
2022-06-30 14:00:00,35.14,33.32,22.46,23.33,1,0.183,0.079,1.755,0.219,2.661,4.714,1.0,1.07,0,0.0,0.861,0.868
2022-06-30 15:00:00,34.82,33.05,22.0,23.33,0,0.143,2.317,2.365,1.143,2.4,8.225,0.0,1.09,1,-0.013,1.167,0.0
2022-06-30 16:00:00,34.36,32.04,22.0,23.33,0,0.178,1.755,1.736,0.529,2.4,6.421,0.0,1.07,0,0.0,1.142,0.0
2022-06-30 17:00:00,35.29,33.4,22.72,23.33,0,0.186,1.035,0.82,0.604,2.183,4.642,0.0,1.05,0,0.0,0.863,0.0
2022-06-30 18:00:00,34.83,32.54,23.16,23.33,1,0.095,1.496,1.925,1.108,2.451,6.98,1.0,0.94,0,0.0,0.666,0.167
2022-06-30 19:00:00,35.96,34.83,22.94,23.33,2,0.088,1.074,1.73,0.727,2.919,6.45,2.0,0.96,0,0.0,0.569,0.786
2022-06-30 20:00:00,34.95,32.32,22.83,23.33,3,0.083,1.163,1.795,0.766,3.352,7.076,3.0,1.0,1,-0.035,0.549,1.512
2022-06-30 21:00:00,34.96,32.08,23.05,23.33,3,0.083,2.217,2.697,0.376,3.285,8.575,3.0,1.02,0,0.0,0.713,0.835
2022-06-30 22:00:00,34.43,32.13,24.23,23.33,2,0.11,0.403,2.737,0.699,2.532,6.37,2.0,1.06,1,-0.049,0.655,1.795
2022-06-30 23:00:00,34.71,31.8,22.77,23.33,2,0.098,0.259,1.634,1.118,2.969,5.98,2.0,0.95,0,0.0,0.585,1.117
2022-07-01 00:00:00,35.05,33.75,22.31,23.33,1,0.109,0.007,1.639,0.759,2.707,5.112,1.0,0.93,0,0.0,0.557,1.019
2022-07-01 01:00:00,33.01,31.05,22.66,23.33,2,0.107,0.785,1.788,0.455,3.001,6.029,2.0,1.0,0,0.0,0.647,1.335
2022-07-01 02:00:00,33.34,31.14,23.7,23.33,0,0.085,0.369,1.799,0.231,1.891,4.29,0.0,0.93,1,-0.0,0.366,0.0
2022-07-01 03:00:00,35.4,33.24,24.69,23.33,2,0.086,0.55,2.876,0.536,2.392,6.354,2.0,1.04,0,0.0,0.545,2.729
2022-07-01 04:00:00,34.8,33.0,22.25,23.33,0,0.11,0.028,2.124,0.773,2.326,5.25,0.0,1.02,1,0.008,0.587,0.0
2022-07-01 05:00:00,34.42,32.74,23.12,23.33,0,0.109,0.568,1.194,0.243,2.064,4.069,0.0,1.05,0,0.0,0.443,0.0
2022-07-01 06:00:00,34.59,33.33,23.41,23.33,1,0.095,0.832,1.829,0.81,2.378,5.849,1.0,0.91,0,0.0,0.556,0.076
2022-07-01 07:00:00,34.88,33.1,22.0,23.33,2,0.083,0.079,2.068,0.723,3.2,6.07,2.0,1.09,1,0.039,0.543,2.66
2022-07-01 08:00:00,33.96,32.64,23.02,23.33,2,0.08,1.52,2.099,0.983,2.893,7.495,3.0,0.9,0,0.0,0.603,0.611
2022-07-01 09:00:00,33.69,31.22,22.0,23.33,2,0.092,1.422,1.963,0.229,3.2,6.814,2.0,0.97,0,0.0,0.624,2.66
2022-07-01 10:00:00,34.62,33.21,22.0,23.33,0,0.148,0.243,0.944,0.981,2.4,4.568,0.0,1.04,1,0.046,0.722,0.0
2022-07-01 11:00:00,33.41,32.3,23.44,23.33,2,0.183,1.488,0.584,0.721,2.768,5.56,2.0,0.91,0,0.0,1.018,0.22
2022-07-01 12:00:00,34.76,32.66,22.54,23.33,2,0.199,2.497,1.345,0.571,3.038,7.45,2.0,0.92,1,0.021,1.502,1.581
2022-07-01 13:00:00,32.61,30.42,23.24,23.33,1,0.188,2.361,1.569,1.165,2.427,7.523,1.0,0.92,0,0.0,1.416,0.087
2022-07-01 14:00:00,35.3,32.56,22.98,23.33,2,0.192,0.007,0.655,0.36,2.906,3.928,2.0,1.02,0,0.0,0.753,0.703
2022-07-01 15:00:00,34.7,32.55,22.0,23.33,0,0.162,1.988,2.537,0.741,2.4,7.667,0.0,1.08,0,0.0,1.239,0.0
2022-07-01 16:00:00,34.44,32.75,22.95,23.33,2,0.159,0.884,1.36,0.521,2.916,5.681,2.0,1.01,1,0.038,0.944,0.769
2022-07-01 17:00:00,35.12,32.52,22.0,23.33,1,0.171,0.159,2.784,0.727,2.8,6.471,1.0,1.02,1,0.017,1.123,1.33
2022-07-01 18:00:00,35.76,33.68,24.67,23.33,3,0.094,0.74,0.886,0.752,2.799,5.178,3.0,0.97,1,0.013,0.499,4.018
2022-07-01 19:00:00,35.06,33.9,22.0,23.33,3,0.107,0.804,0.642,0.289,3.6,5.336,3.0,0.9,1,-0.031,0.541,3.99
2022-07-01 20:00:00,32.16,30.02,22.77,23.33,3,0.088,1.308,1.706,0.861,3.37,7.246,3.0,0.9,0,0.0,0.639,1.695
2022-07-01 21:00:00,32.67,29.85,22.0,23.33,2,0.105,1.653,0.973,0.834,3.2,6.66,3.0,1.08,0,0.0,0.698,2.66
2022-07-01 22:00:00,33.27,31.48,23.68,23.33,2,0.085,1.873,2.843,0.969,2.695,8.38,2.0,0.92,0,0.0,0.714,0.709
2022-07-01 23:00:00,33.87,32.28,22.6,23.33,2,0.08,0.615,0.526,0.291,3.019,4.45,2.0,1.1,1,0.014,0.371,1.455
2022-07-02 00:00:00,34.31,33.02,22.38,23.33,0,0.117,0.804,1.532,0.497,2.287,5.12,0.0,0.93,1,0.027,0.627,0.0
2022-07-02 01:00:00,33.01,31.71,24.02,23.33,2,0.102,0.771,2.817,0.85,2.593,7.031,2.0,1.03,0,0.0,0.719,1.388
2022-07-02 02:00:00,33.87,32.0,23.04,23.33,0,0.117,0.907,1.461,0.337,2.089,4.794,0.0,1.09,0,0.0,0.561,0.0
2022-07-02 03:00:00,32.87,30.68,23.62,23.33,1,0.093,2.499,0.733,0.878,2.314,6.424,1.0,0.97,1,0.032,0.632,0.29
2022-07-02 04:00:00,32.96,31.8,22.0,23.33,0,0.093,1.945,1.257,0.259,2.4,5.861,0.0,1.05,1,-0.036,0.51,0.0
2022-07-02 05:00:00,32.1,29.22,22.0,23.33,2,0.096,2.437,1.745,0.535,3.2,7.917,2.0,0.97,1,-0.013,0.747,2.66
2022-07-02 06:00:00,32.53,30.02,23.13,23.33,2,0.108,1.733,0.963,1.047,2.861,6.604,2.0,0.96,0,0.0,0.715,0.403
2022-07-02 07:00:00,32.04,29.87,22.62,23.33,3,0.103,1.016,1.666,0.974,3.415,7.071,3.0,0.94,1,0.032,0.757,2.138
2022-07-02 08:00:00,32.35,29.7,23.75,23.33,3,0.117,0.974,2.591,0.845,3.074,7.484,3.0,1.06,1,0.036,0.912,1.265
2022-07-02 09:00:00,34.32,33.16,22.9,23.33,2,0.081,1.221,2.682,1.07,2.929,7.902,2.0,0.95,0,0.0,0.64,0.852
2022-07-02 10:00:00,32.25,30.3,23.25,23.33,0,0.17,1.042,0.623,0.909,2.026,4.601,0.0,0.96,1,-0.002,0.78,0.0
2022-07-02 11:00:00,35.77,33.51,22.0,23.33,1,0.176,2.071,0.902,0.719,2.8,6.492,1.0,1.1,0,0.0,1.144,1.33
2022-07-02 12:00:00,33.57,30.91,25.27,23.33,2,0.158,1.163,1.188,1.18,2.22,5.751,2.0,0.97,0,0.0,0.91,3.872
2022-07-02 13:00:00,33.19,30.62,22.8,23.33,1,0.152,0.739,1.987,0.895,2.559,6.18,1.0,0.98,1,0.008,0.947,0.527
2022-07-02 14:00:00,32.08,30.53,23.84,23.33,0,0.173,1.937,1.402,0.801,1.849,5.99,0.0,1.1,1,-0.007,1.027,0.0
2022-07-02 15:00:00,33.57,30.69,22.0,23.33,2,0.166,2.136,2.61,0.609,3.2,8.555,2.0,0.97,0,0.0,1.424,2.66
2022-07-02 16:00:00,32.22,30.97,23.37,23.33,0,0.163,1.051,2.292,1.102,1.989,6.434,0.0,0.97,0,0.0,1.051,0.0
2022-07-02 17:00:00,32.85,30.1,22.0,23.33,1,0.18,1.67,0.751,0.496,2.8,5.716,1.0,1.07,1,-0.014,1.017,1.33
2022-07-02 18:00:00,35.22,32.28,23.54,23.33,3,0.096,0.147,2.061,0.209,3.137,5.555,3.0,0.96,0,0.0,0.535,0.637
2022-07-02 19:00:00,32.49,31.13,22.57,23.33,3,0.093,1.324,0.783,0.397,3.428,5.931,3.0,0.95,0,0.0,0.55,2.272
2022-07-02 20:00:00,33.66,31.22,23.04,23.33,3,0.086,0.112,1.138,0.31,3.289,4.849,3.0,0.98,0,0.0,0.417,0.885
2022-07-02 21:00:00,31.73,30.65,23.84,23.33,3,0.08,0.073,0.945,0.519,3.049,4.585,3.0,1.04,1,-0.024,0.343,1.523
2022-07-02 22:00:00,32.33,30.51,22.0,23.33,3,0.119,1.532,0.933,1.026,3.6,7.091,3.0,0.91,0,0.0,0.842,3.99
2022-07-02 23:00:00,34.05,32.02,22.18,23.33,2,0.118,0.758,2.041,0.852,3.146,6.797,2.0,0.97,1,0.009,0.809,2.303
2022-07-03 00:00:00,31.58,29.42,23.55,23.33,0,0.099,1.856,1.909,0.369,1.935,6.07,0.0,0.97,0,0.0,0.603,0.0
2022-07-03 01:00:00,33.94,31.07,25.52,23.33,2,0.12,2.24,0.94,0.989,2.145,6.314,2.0,0.95,1,0.029,0.785,4.376
2022-07-03 02:00:00,32.76,30.41,22.83,23.33,0,0.107,0.348,2.975,0.704,2.15,6.178,0.0,1.03,1,0.034,0.695,0.0
2022-07-03 03:00:00,31.41,29.44,23.71,23.33,0,0.083,1.811,1.555,0.713,1.887,5.966,0.0,0.96,1,0.036,0.53,0.0
2022-07-03 04:00:00,32.52,29.9,22.87,23.33,2,0.085,1.286,0.743,0.562,2.939,5.53,2.0,1.02,0,0.0,0.468,0.917
2022-07-03 05:00:00,32.78,29.88,25.33,23.33,0,0.117,0.28,0.801,1.065,1.401,3.547,0.0,1.0,0,0.0,0.414,0.0
2022-07-03 06:00:00,32.35,31.3,22.0,23.33,2,0.105,1.629,1.96,0.518,3.2,7.307,2.0,0.94,1,-0.004,0.765,2.66
2022-07-03 07:00:00,30.07,27.11,23.11,23.33,1,0.114,1.524,2.948,0.294,2.466,7.231,1.0,0.95,1,-0.011,0.811,0.216
2022-07-03 08:00:00,30.83,29.66,22.0,23.33,3,0.116,1.289,1.93,0.503,3.6,7.322,3.0,0.93,0,0.0,0.849,3.99
2022-07-03 09:00:00,31.22,28.59,22.0,23.33,2,0.098,2.316,2.873,0.915,3.2,9.304,2.0,0.91,0,0.0,0.911,2.66
2022-07-03 10:00:00,31.31,29.75,23.36,23.33,1,0.151,1.303,1.61,0.858,2.393,6.164,1.0,1.02,0,0.0,0.932,0.027
2022-07-03 11:00:00,31.92,30.65,23.17,23.33,1,0.187,2.476,1.59,0.388,2.45,6.904,1.0,1.03,0,0.0,1.291,0.163
2022-07-03 12:00:00,31.39,29.51,22.66,23.33,1,0.197,1.273,1.75,0.312,2.603,5.937,1.0,0.93,0,0.0,1.172,0.672
2022-07-03 13:00:00,29.79,27.5,22.87,23.33,2,0.175,0.29,2.244,0.861,2.938,6.332,2.0,1.02,1,-0.019,1.088,0.915
2022-07-03 14:00:00,31.41,29.65,26.72,23.33,0,0.181,1.176,1.419,0.876,0.985,4.456,0.0,1.1,0,0.0,0.806,0.0
2022-07-03 15:00:00,31.55,30.44,22.69,23.33,0,0.16,0.456,2.66,0.566,2.193,5.875,0.0,0.91,0,0.0,0.941,0.0
2022-07-03 16:00:00,31.41,29.21,23.61,23.33,0,0.163,1.493,0.573,1.043,1.916,5.025,0.0,1.0,1,0.01,0.829,0.0
2022-07-03 17:00:00,31.84,29.04,22.22,23.33,1,0.184,1.733,1.599,1.178,2.734,7.244,1.0,1.05,0,0.0,1.334,1.109
2022-07-03 18:00:00,31.5,29.74,23.35,23.33,2,0.094,1.171,1.777,0.406,2.794,6.148,2.0,0.91,1,0.033,0.609,0.049
2022-07-03 19:00:00,31.04,29.6,22.71,23.33,1,0.099,0.244,2.018,0.777,2.586,5.625,1.0,1.06,0,0.0,0.555,0.616
2022-07-03 20:00:00,30.41,28.53,22.51,23.33,1,0.097,1.172,1.19,0.205,2.648,5.215,1.0,1.1,1,-0.026,0.481,0.823
2022-07-03 21:00:00,28.73,27.63,25.18,23.33,3,0.106,0.204,1.569,0.913,2.645,5.331,3.0,0.92,0,0.0,0.564,5.558
2022-07-03 22:00:00,30.72,28.08,24.41,23.33,3,0.117,1.705,1.711,0.614,2.876,6.907,3.0,1.06,1,0.023,0.834,3.248
2022-07-03 23:00:00,30.41,27.75,23.16,23.33,3,0.084,1.976,2.217,0.393,3.251,7.837,3.0,0.98,0,0.0,0.661,0.498
2022-07-04 00:00:00,30.37,28.2,22.0,23.33,0,0.084,2.406,2.434,0.952,2.4,8.192,0.0,0.93,0,0.0,0.688,0.0
2022-07-04 01:00:00,28.73,27.02,22.57,23.33,2,0.114,0.372,2.345,1.011,3.03,6.757,2.0,1.0,0,0.0,0.771,1.526
2022-07-04 02:00:00,28.83,26.23,26.24,23.33,1,0.1,1.331,1.354,0.311,1.527,4.523,1.0,0.91,0,0.0,0.453,2.914
2022-07-04 03:00:00,30.86,28.75,22.72,23.33,0,0.111,1.419,2.999,0.241,2.183,6.842,0.0,1.0,0,0.0,0.757,0.0
2022-07-04 04:00:00,29.67,27.02,24.32,23.33,1,0.089,2.306,2.622,0.534,2.103,7.565,1.0,0.9,1,0.013,0.683,0.994
2022-07-04 05:00:00,30.29,28.03,24.73,23.33,0,0.113,1.568,1.15,0.826,1.581,5.125,0.0,1.05,0,0.0,0.58,0.0
2022-07-04 06:00:00,29.54,26.97,23.26,23.33,2,0.117,0.364,0.988,0.993,2.821,5.166,3.0,1.0,1,-0.028,0.576,0.134
2022-07-04 07:00:00,29.44,27.24,22.0,23.33,2,0.105,1.091,1.285,0.746,3.2,6.322,2.0,0.99,0,0.0,0.666,2.66
2022-07-04 08:00:00,30.25,28.42,22.0,23.33,2,0.084,1.637,1.631,0.781,3.2,7.249,2.0,0.94,1,0.021,0.631,2.66
2022-07-04 09:00:00,28.69,25.78,23.82,23.33,1,0.116,1.751,2.627,1.0,2.254,7.631,1.0,0.97,1,0.01,0.894,0.491
2022-07-04 10:00:00,29.2,27.12,22.02,23.33,0,0.142,2.158,2.446,0.729,2.393,7.726,0.0,0.94,1,0.011,1.11,0.0
2022-07-04 11:00:00,28.54,26.33,23.21,23.33,0,0.141,0.451,2.628,0.811,2.037,5.927,0.0,1.05,0,0.0,0.836,0.0
2022-07-04 12:00:00,28.47,27.03,22.0,23.33,2,0.159,2.379,1.18,0.716,3.2,7.475,2.0,0.94,0,0.0,1.19,2.66
2022-07-04 13:00:00,28.49,26.24,22.68,23.33,0,0.152,0.148,1.984,1.08,2.195,5.407,0.0,1.02,0,0.0,0.821,0.0
2022-07-04 14:00:00,28.92,26.77,23.04,23.33,0,0.189,2.459,1.208,0.436,2.088,6.191,0.0,0.96,1,-0.002,1.167,0.0
2022-07-04 15:00:00,28.11,26.74,23.32,23.33,0,0.191,2.144,0.773,0.464,2.003,5.384,0.0,1.03,1,-0.048,0.979,0.0
2022-07-04 16:00:00,29.74,28.62,22.0,23.33,1,0.156,1.651,2.21,0.328,2.8,6.989,1.0,1.01,1,-0.015,1.072,1.33
2022-07-04 17:00:00,27.48,25.27,24.44,23.33,0,0.16,1.837,0.857,1.019,1.669,5.384,0.0,0.98,0,0.0,0.859,0.0
2022-07-04 18:00:00,28.09,25.56,22.28,23.33,3,0.106,0.182,2.169,0.612,3.515,6.478,3.0,1.03,1,-0.014,0.676,3.139
2022-07-04 19:00:00,27.73,25.68,22.0,23.33,2,0.104,0.104,2.12,0.548,3.2,5.972,2.0,0.98,1,0.011,0.634,2.66
2022-07-04 20:00:00,29.51,28.05,22.87,23.33,3,0.084,0.254,2.526,1.181,3.339,7.301,3.0,1.06,0,0.0,0.616,1.382
2022-07-04 21:00:00,28.15,25.82,23.04,23.33,2,0.106,0.218,0.849,1.127,2.888,5.082,2.0,1.05,0,0.0,0.54,0.577
2022-07-04 22:00:00,28.88,27.72,23.19,23.33,1,0.117,1.368,2.459,1.172,2.442,7.441,1.0,1.01,1,0.011,0.881,0.137
2022-07-04 23:00:00,26.25,24.37,24.63,23.33,2,0.086,0.539,2.998,0.342,2.41,6.289,2.0,1.08,0,0.0,0.544,2.609
2022-07-05 00:00:00,27.9,26.57,22.72,23.33,0,0.104,2.151,2.628,1.091,2.185,8.054,0.0,1.07,1,-0.019,0.818,0.0
2022-07-05 01:00:00,28.41,27.04,22.86,23.33,0,0.094,1.114,2.38,0.529,2.143,6.166,0.0,1.01,1,-0.003,0.574,0.0
2022-07-05 02:00:00,27.49,26.09,22.0,23.33,0,0.098,1.739,2.155,0.213,2.4,6.507,0.0,0.91,1,-0.025,0.615,0.0
2022-07-05 03:00:00,28.37,26.59,23.98,23.33,2,0.091,1.632,1.554,0.591,2.605,6.383,1.0,1.01,1,-0.05,0.534,1.309
2022-07-05 04:00:00,26.68,25.57,23.22,23.33,1,0.094,0.8,2.326,0.709,2.434,6.269,0.0,0.97,1,-0.047,0.543,0.109
2022-07-05 05:00:00,28.49,26.7,22.5,23.33,1,0.081,0.608,2.31,0.308,2.651,5.878,1.0,1.01,0,0.0,0.477,0.834
2022-07-05 06:00:00,29.27,27.25,22.0,23.33,3,0.119,0.856,2.079,0.738,3.6,7.273,3.0,1.03,0,0.0,0.867,3.99
2022-07-05 07:00:00,26.5,24.53,24.73,23.33,1,0.105,1.992,2.491,1.019,1.98,7.482,1.0,1.03,1,-0.048,0.738,1.403
2022-07-05 08:00:00,26.31,24.54,22.0,23.33,2,0.1,1.466,1.622,0.578,3.2,6.865,2.0,1.03,1,0.036,0.723,2.66
2022-07-05 09:00:00,28.1,25.42,22.29,23.33,2,0.095,0.634,0.803,0.553,3.113,5.102,2.0,1.04,1,-0.023,0.464,2.079
2022-07-05 10:00:00,28.11,26.82,23.43,23.33,1,0.142,2.045,1.898,0.539,2.371,6.852,1.0,0.92,0,0.0,0.974,0.1
2022-07-05 11:00:00,25.9,23.89,22.0,23.33,1,0.155,0.137,1.163,1.123,2.8,5.223,2.0,0.94,0,0.0,0.808,1.33
2022-07-05 12:00:00,25.89,24.77,22.0,23.33,0,0.152,1.748,1.461,0.249,2.4,5.858,0.0,1.03,0,0.0,0.888,0.0
2022-07-05 13:00:00,25.92,24.77,22.0,23.33,1,0.17,1.098,0.544,0.645,2.8,5.086,1.0,0.98,0,0.0,0.865,1.33
2022-07-05 14:00:00,24.74,22.59,23.87,23.33,0,0.166,1.828,1.457,0.465,1.84,5.59,0.0,1.05,1,-0.038,0.889,0.0
2022-07-05 15:00:00,25.06,22.92,22.35,23.33,2,0.184,2.319,2.522,1.094,3.096,9.031,2.0,0.92,1,-0.047,1.612,1.968
2022-07-05 16:00:00,24.86,22.1,26.51,23.33,0,0.155,1.875,1.857,0.296,1.046,5.074,0.0,0.94,0,0.0,0.784,0.0
2022-07-05 17:00:00,24.98,22.87,22.0,23.33,0,0.176,1.105,0.525,0.611,2.4,4.641,0.0,1.01,1,-0.049,0.767,0.0
2022-07-05 18:00:00,25.6,22.69,22.0,23.33,3,0.086,0.377,1.675,0.607,3.6,6.259,3.0,1.0,1,-0.006,0.533,3.99
2022-07-05 19:00:00,25.76,24.66,22.32,23.33,2,0.081,2.016,1.229,1.088,3.104,7.436,2.0,0.95,1,-0.021,0.584,2.017
2022-07-05 20:00:00,26.97,25.77,23.29,23.33,2,0.09,1.152,1.694,0.415,2.812,6.074,2.0,0.98,1,-0.018,0.528,0.076
2022-07-05 21:00:00,24.3,23.22,22.44,23.33,3,0.119,0.188,1.512,0.845,3.469,6.014,2.0,0.91,0,0.0,0.717,2.683
2022-07-05 22:00:00,26.18,24.8,23.73,23.33,3,0.113,1.798,2.83,0.334,3.08,8.042,3.0,0.91,1,0.046,0.956,1.214
2022-07-05 23:00:00,24.86,22.78,22.0,23.33,2,0.104,0.73,0.603,1.154,3.2,5.687,2.0,0.92,0,0.0,0.59,2.66
2022-07-06 00:00:00,24.92,22.63,22.0,23.33,2,0.117,0.122,2.209,0.793,3.2,6.324,2.0,1.02,1,0.007,0.748,2.66
2022-07-06 01:00:00,25.53,24.44,22.0,23.33,0,0.098,2.257,2.628,0.826,2.4,8.111,0.0,1.07,1,0.017,0.81,0.0
2022-07-06 02:00:00,23.62,20.73,22.0,23.33,1,0.119,1.208,2.898,0.634,2.8,7.54,1.0,0.95,1,0.03,0.929,1.33
2022-07-06 03:00:00,25.01,22.33,22.38,23.33,0,0.092,0.702,0.944,0.542,2.287,4.475,0.0,0.91,1,0.011,0.422,0.0
2022-07-06 04:00:00,24.68,23.09,22.64,23.33,2,0.09,1.791,1.828,0.413,3.008,7.04,2.0,1.04,1,0.026,0.657,1.382
2022-07-06 05:00:00,24.9,23.74,22.24,23.33,0,0.106,2.215,0.609,0.804,2.327,5.955,0.0,1.07,0,0.0,0.628,0.0
2022-07-06 06:00:00,24.58,23.24,24.49,23.33,3,0.095,0.001,1.748,1.155,2.852,5.756,3.0,0.93,0,0.0,0.548,3.486
2022-07-06 07:00:00,26.64,25.38,24.47,23.33,3,0.105,1.72,0.814,0.56,2.858,5.951,3.0,0.98,0,0.0,0.625,3.431
2022-07-06 08:00:00,23.43,22.19,22.6,23.33,2,0.092,1.918,2.595,1.083,3.021,8.616,2.0,0.93,0,0.0,0.794,1.464
2022-07-06 09:00:00,23.43,21.39,22.0,23.33,2,0.105,0.525,0.785,0.349,3.2,4.858,2.0,0.92,0,0.0,0.509,2.66
2022-07-06 10:00:00,23.22,21.73,22.32,23.33,0,0.161,1.224,1.783,1.136,2.304,6.447,0.0,1.03,1,0.004,1.04,0.0
2022-07-06 11:00:00,23.18,21.46,22.28,23.33,1,0.161,0.223,1.803,0.55,2.716,5.292,1.0,1.09,0,0.0,0.852,1.05
2022-07-06 12:00:00,22.99,20.01,22.21,23.33,2,0.173,1.867,2.929,0.58,3.137,8.512,2.0,1.04,0,0.0,1.469,2.237
2022-07-06 13:00:00,24.7,22.33,22.16,23.33,0,0.163,2.119,2.137,0.663,2.351,7.27,0.0,1.1,1,0.043,1.228,0.0
2022-07-06 14:00:00,24.82,21.92,22.22,23.33,0,0.14,0.27,1.22,0.918,2.335,4.744,0.0,0.99,1,0.002,0.667,0.0
2022-07-06 15:00:00,22.72,21.44,22.54,23.33,2,0.184,2.041,1.102,0.92,3.039,7.102,2.0,1.08,1,0.015,1.321,1.588
2022-07-06 16:00:00,22.35,20.58,22.24,23.33,0,0.185,1.929,0.821,0.68,2.329,5.758,0.0,0.94,0,0.0,1.066,0.0
2022-07-06 17:00:00,23.54,21.43,23.25,23.33,2,0.185,0.867,2.391,0.723,2.825,6.807,2.0,0.92,1,-0.024,1.234,0.16
2022-07-06 18:00:00,22.41,21.25,23.43,23.33,2,0.085,1.726,2.227,0.23,2.77,6.953,2.0,1.04,0,0.0,0.591,0.205
2022-07-06 19:00:00,23.48,22.48,22.0,23.33,2,0.088,0.0,2.025,0.504,3.2,5.729,2.0,0.97,0,0.0,0.502,2.66
2022-07-06 20:00:00,22.94,20.6,24.53,23.33,3,0.092,2.329,0.602,0.546,2.842,6.32,3.0,0.96,1,-0.001,0.578,3.586
2022-07-06 21:00:00,21.12,18.83,22.0,23.33,3,0.116,1.376,2.407,0.759,3.6,8.142,3.0,1.03,0,0.0,0.941,3.99
2022-07-06 22:00:00,24.07,22.25,22.0,23.33,2,0.087,1.551,2.105,0.758,3.2,7.614,2.0,0.97,0,0.0,0.662,2.66
2022-07-06 23:00:00,24.21,22.23,23.46,23.33,1,0.117,1.662,2.91,0.91,2.363,7.844,1.0,1.01,1,-0.026,0.892,0.127
2022-07-07 00:00:00,21.69,19.86,22.02,23.33,0,0.101,1.403,1.968,0.917,2.394,6.683,0.0,0.96,1,-0.046,0.629,0.0
2022-07-07 01:00:00,21.81,20.76,23.39,23.33,1,0.109,2.142,1.26,0.435,2.384,6.221,0.0,1.06,1,0.012,0.688,0.056
2022-07-07 02:00:00,22.38,20.71,22.0,23.33,2,0.084,1.524,1.454,0.97,3.2,7.148,2.0,0.96,0,0.0,0.603,2.66
2022-07-07 03:00:00,22.32,20.96,24.67,23.33,0,0.091,2.269,0.94,0.22,1.599,5.027,0.0,1.01,0,0.0,0.456,0.0
2022-07-07 04:00:00,22.54,21.34,23.81,23.33,2,0.118,1.456,2.307,0.916,2.658,7.337,2.0,0.9,0,0.0,0.868,0.954
2022-07-07 05:00:00,23.78,20.87,22.0,23.33,0,0.091,0.428,2.269,0.302,2.4,5.399,0.0,1.06,1,0.031,0.52,0.0
2022-07-07 06:00:00,21.49,19.29,22.0,23.33,1,0.092,2.284,1.002,0.93,2.8,7.015,1.0,1.02,1,-0.049,0.596,1.33
2022-07-07 07:00:00,20.76,18.3,25.01,23.33,3,0.088,1.704,0.896,0.727,2.698,6.025,3.0,0.94,0,0.0,0.53,5.03
2022-07-07 08:00:00,20.07,18.44,22.12,23.33,2,0.085,1.748,0.693,0.637,3.165,6.243,2.0,0.94,0,0.0,0.532,2.43
2022-07-07 09:00:00,20.62,18.83,22.0,23.33,3,0.089,2.464,2.78,0.891,3.6,9.734,3.0,0.95,1,0.009,0.878,3.99
2022-07-07 10:00:00,21.21,19.74,22.0,23.33,0,0.162,0.188,1.083,0.236,2.4,3.907,0.0,1.02,0,0.0,0.632,0.0
2022-07-07 11:00:00,22.94,21.74,22.58,23.33,0,0.156,1.071,1.36,0.423,2.226,5.082,0.0,1.01,1,0.007,0.798,0.0
2022-07-07 12:00:00,20.52,19.16,22.73,23.33,1,0.191,0.598,1.201,0.816,2.582,5.197,1.0,0.95,1,-0.037,0.958,0.603
2022-07-07 13:00:00,21.16,18.56,23.86,23.33,1,0.162,1.576,1.534,1.047,2.242,6.4,1.0,1.04,0,0.0,1.04,0.529
2022-07-07 14:00:00,20.82,18.46,22.0,23.33,0,0.141,2.017,2.285,0.581,2.4,7.283,0.0,1.08,0,0.0,1.027,0.0
2022-07-07 15:00:00,21.92,19.83,22.0,23.33,0,0.163,2.416,2.676,0.459,2.4,7.951,0.0,0.91,1,-0.046,1.253,0.0
2022-07-07 16:00:00,23.16,21.21,23.54,23.33,0,0.179,1.136,0.956,0.719,1.938,4.749,0.0,0.98,0,0.0,0.851,0.0
2022-07-07 17:00:00,20.0,17.15,24.21,23.33,0,0.155,1.966,2.216,0.822,1.738,6.741,0.0,1.02,1,0.045,1.092,0.0
2022-07-07 18:00:00,19.94,18.79,22.0,23.33,2,0.083,2.293,1.381,0.62,3.2,7.494,2.0,1.02,0,0.0,0.62,2.66
2022-07-07 19:00:00,21.37,19.81,24.3,23.33,2,0.112,1.708,2.951,1.077,2.511,8.247,2.0,0.9,0,0.0,0.921,1.936
2022-07-07 20:00:00,20.91,19.21,23.05,23.33,2,0.109,0.607,1.247,0.723,2.886,5.464,2.0,0.94,1,-0.044,0.554,0.57
2022-07-07 21:00:00,21.98,19.41,24.31,23.33,3,0.116,1.52,0.518,0.236,2.907,5.18,3.0,0.91,0,0.0,0.601,2.94
2022-07-07 22:00:00,20.62,17.63,22.92,23.33,2,0.089,2.425,1.789,0.423,2.925,7.562,2.0,1.01,0,0.0,0.676,0.829
2022-07-07 23:00:00,19.58,18.1,22.0,23.33,2,0.098,2.469,0.877,0.651,3.2,7.196,2.0,1.03,0,0.0,0.707,2.66
2022-07-08 00:00:00,20.43,17.68,22.82,23.33,1,0.087,1.606,0.611,0.898,2.555,5.67,1.0,0.93,1,-0.01,0.485,0.512
2022-07-08 01:00:00,20.85,18.19,24.27,23.33,1,0.095,2.217,2.246,0.42,2.118,7.001,1.0,0.97,1,0.034,0.698,0.942
2022-07-08 02:00:00,20.47,19.02,22.0,23.33,0,0.101,0.501,2.331,1.176,2.4,6.408,0.0,0.97,0,0.0,0.646,0.0
2022-07-08 03:00:00,20.06,18.26,22.53,23.33,0,0.082,0.615,1.652,0.519,2.24,5.025,0.0,1.06,1,0.011,0.423,0.0
2022-07-08 04:00:00,20.53,18.71,22.79,23.33,2,0.109,2.382,2.192,0.732,2.963,8.27,2.0,0.94,0,0.0,0.898,1.083
2022-07-08 05:00:00,20.54,17.58,22.0,23.33,1,0.102,0.338,1.846,0.219,2.8,5.203,1.0,1.01,0,0.0,0.529,1.33
2022-07-08 06:00:00,20.66,19.3,25.01,23.33,3,0.113,0.478,2.075,1.085,2.698,6.335,3.0,1.06,1,-0.005,0.712,5.027
2022-07-08 07:00:00,19.83,17.23,22.0,23.33,2,0.091,1.051,1.992,0.989,3.2,7.232,2.0,1.07,1,0.036,0.694,2.66
2022-07-08 08:00:00,18.93,17.26,23.61,23.33,3,0.116,1.474,2.165,0.395,3.118,7.152,3.0,1.03,0,0.0,0.831,0.831
2022-07-08 09:00:00,19.15,16.69,22.9,23.33,3,0.12,1.51,0.999,1.133,3.331,6.973,3.0,0.96,0,0.0,0.836,1.302
2022-07-08 10:00:00,20.12,18.28,24.51,23.33,0,0.192,0.73,1.172,0.516,1.647,4.065,0.0,1.06,0,0.0,0.782,0.0
2022-07-08 11:00:00,18.01,15.85,23.49,23.33,0,0.152,2.302,1.6,0.892,1.954,6.747,0.0,1.05,1,0.025,1.053,0.0
2022-07-08 12:00:00,19.11,16.44,22.72,23.33,2,0.142,2.288,1.615,1.019,2.985,7.907,2.0,1.04,0,0.0,1.126,1.224
2022-07-08 13:00:00,18.26,15.65,22.0,23.33,0,0.18,0.98,2.436,0.941,2.4,6.757,0.0,0.91,0,0.0,1.219,0.0
2022-07-08 14:00:00,18.59,15.86,23.96,23.33,0,0.161,1.086,1.418,1.118,1.813,5.435,0.0,0.91,0,0.0,0.873,0.0
2022-07-08 15:00:00,19.76,18.64,22.0,23.33,0,0.141,1.756,0.906,1.064,2.4,6.127,0.0,1.04,0,0.0,0.864,0.0
2022-07-08 16:00:00,18.58,16.2,23.78,23.33,0,0.155,1.657,1.129,1.195,1.867,5.848,0.0,1.09,1,0.01,0.917,0.0
2022-07-08 17:00:00,18.36,17.08,22.0,23.33,0,0.159,0.956,1.037,0.383,2.4,4.775,0.0,1.05,0,0.0,0.757,0.0
2022-07-08 18:00:00,16.87,15.04,24.5,23.33,3,0.102,1.036,2.329,0.505,2.849,6.719,3.0,1.07,1,-0.003,0.68,3.518
2022-07-08 19:00:00,18.89,16.79,23.19,23.33,1,0.091,0.87,1.676,0.836,2.442,5.824,1.0,1.01,0,0.0,0.529,0.136
2022-07-08 20:00:00,18.71,16.9,23.77,23.33,1,0.107,0.588,2.272,0.933,2.268,6.061,1.0,0.96,0,0.0,0.651,0.443
2022-07-08 21:00:00,20.15,18.11,23.1,23.33,2,0.119,1.145,1.541,0.735,2.87,6.291,2.0,1.04,0,0.0,0.75,0.463
2022-07-08 22:00:00,17.6,14.6,22.0,23.33,2,0.087,1.716,2.724,0.274,3.2,7.914,2.0,1.04,0,0.0,0.689,2.66
2022-07-08 23:00:00,18.04,16.77,22.0,23.33,2,0.093,1.855,2.959,1.042,3.2,9.055,2.0,1.04,0,0.0,0.843,2.66
2022-07-09 00:00:00,18.0,15.65,23.81,23.33,0,0.102,1.947,2.175,1.161,1.858,7.141,0.0,1.09,1,-0.047,0.679,0.0
2022-07-09 01:00:00,19.25,17.46,23.2,23.33,2,0.087,0.937,2.66,0.606,2.84,7.042,2.0,0.97,1,-0.035,0.576,0.26
2022-07-09 02:00:00,17.5,16.23,24.42,23.33,0,0.081,1.912,1.77,0.425,1.675,5.781,0.0,0.91,0,0.0,0.468,0.0
2022-07-09 03:00:00,17.8,16.48,23.48,23.33,0,0.093,0.016,2.837,0.219,1.955,5.027,1.0,1.08,0,0.0,0.47,0.0
2022-07-09 04:00:00,18.05,15.15,22.0,23.33,0,0.115,1.193,2.579,0.437,2.4,6.609,0.0,0.93,0,0.0,0.757,0.0
2022-07-09 05:00:00,17.56,14.8,22.04,23.33,0,0.082,1.985,2.979,0.9,2.387,8.251,0.0,1.04,1,-0.031,0.644,0.0
2022-07-09 06:00:00,16.85,14.04,23.12,23.33,3,0.097,1.575,2.058,1.112,3.263,8.007,3.0,1.07,1,-0.013,0.765,0.619
2022-07-09 07:00:00,17.42,14.44,22.0,23.33,1,0.11,1.185,2.448,0.294,2.8,6.727,1.0,0.96,1,0.039,0.782,1.33
2022-07-09 08:00:00,18.23,16.82,25.01,23.33,2,0.118,1.612,1.857,0.753,2.298,6.52,2.0,1.07,1,0.044,0.814,3.356
2022-07-09 09:00:00,16.06,14.35,23.53,23.33,2,0.119,2.267,1.148,0.896,2.741,7.052,2.0,0.97,0,0.0,0.842,0.4
2022-07-09 10:00:00,17.15,14.82,24.47,23.33,0,0.17,1.416,1.387,0.476,1.658,4.937,0.0,1.06,1,0.032,0.87,0.0
2022-07-09 11:00:00,16.25,14.29,22.0,23.33,0,0.194,1.999,2.735,0.77,2.4,7.904,0.0,0.91,0,0.0,1.534,0.0
2022-07-09 12:00:00,18.08,16.25,24.49,23.33,1,0.159,2.452,0.64,0.915,2.052,6.059,1.0,1.03,1,0.041,1.007,1.163
2022-07-09 13:00:00,15.3,13.58,25.68,23.33,2,0.179,1.764,1.979,1.038,2.097,6.877,2.0,1.04,0,0.0,1.232,4.696
2022-07-09 14:00:00,16.2,14.01,22.0,23.33,0,0.182,1.433,1.431,0.652,2.4,5.917,0.0,1.0,0,0.0,1.08,0.0
2022-07-09 15:00:00,17.07,14.92,23.93,23.33,0,0.187,0.094,1.467,0.948,1.822,4.331,0.0,1.04,0,0.0,0.809,0.0
2022-07-09 16:00:00,18.2,16.88,23.0,23.33,0,0.174,0.936,2.711,0.502,2.1,6.249,0.0,1.08,0,0.0,1.086,0.0
2022-07-09 17:00:00,16.51,14.56,22.0,23.33,1,0.164,1.414,2.635,0.413,2.8,7.261,1.0,1.05,1,0.006,1.197,1.33
2022-07-09 18:00:00,15.96,13.85,23.59,23.33,3,0.115,1.993,1.997,0.387,3.123,7.5,3.0,1.09,1,-0.039,0.823,0.784
2022-07-09 19:00:00,18.34,16.19,24.0,23.33,3,0.094,1.095,1.182,0.559,3.0,5.836,3.0,0.99,1,-0.029,0.522,2.011
2022-07-09 20:00:00,14.95,13.53,22.28,23.33,2,0.105,2.4,1.689,0.236,3.116,7.441,2.0,1.01,1,0.035,0.817,2.103
2022-07-09 21:00:00,14.14,11.66,24.4,23.33,2,0.086,0.679,1.521,0.483,2.48,5.163,2.0,0.95,0,0.0,0.446,2.138
2022-07-09 22:00:00,16.72,15.67,22.0,23.33,2,0.088,1.861,1.384,0.852,3.2,7.298,2.0,1.1,0,0.0,0.644,2.66
2022-07-09 23:00:00,15.73,14.02,22.0,23.33,1,0.12,1.048,0.757,0.848,2.8,5.452,1.0,0.91,1,-0.038,0.614,1.33
2022-07-10 00:00:00,15.16,12.59,23.16,23.33,2,0.11,1.215,1.858,0.274,2.851,6.197,2.0,0.97,1,-0.009,0.674,0.332
2022-07-10 01:00:00,16.83,14.7,23.03,23.33,1,0.118,2.006,1.255,0.487,2.491,6.239,1.0,0.96,0,0.0,0.739,0.3
2022-07-10 02:00:00,16.32,14.79,22.14,23.33,0,0.092,0.741,2.152,0.77,2.358,6.02,0.0,0.98,0,0.0,0.553,0.0
2022-07-10 03:00:00,15.46,13.07,23.97,23.33,0,0.087,0.242,1.298,0.519,1.809,3.867,0.0,1.08,0,0.0,0.335,0.0
2022-07-10 04:00:00,14.69,12.56,23.64,23.33,0,0.1,1.301,1.578,0.618,1.909,5.405,0.0,0.97,1,0.016,0.557,0.0
2022-07-10 05:00:00,16.8,14.21,24.03,23.33,0,0.1,1.322,0.631,0.913,1.791,4.657,0.0,1.08,1,-0.05,0.415,0.0
2022-07-10 06:00:00,16.53,14.06,22.85,23.33,3,0.087,1.993,2.981,0.209,3.344,8.528,3.0,0.98,0,0.0,0.742,1.433
2022-07-10 07:00:00,15.74,13.51,23.72,23.33,2,0.109,2.421,1.769,0.476,2.683,7.349,2.0,1.07,1,-0.046,0.757,0.786
2022-07-10 08:00:00,17.64,15.66,22.47,23.33,2,0.094,0.138,0.561,0.342,3.06,4.102,2.0,1.0,0,0.0,0.387,1.73
2022-07-10 09:00:00,14.68,13.41,25.46,23.33,1,0.087,1.479,1.853,0.328,1.761,5.421,1.0,0.96,0,0.0,0.474,2.135
2022-07-10 10:00:00,14.18,12.66,22.02,23.33,0,0.188,1.703,2.676,1.159,2.393,7.931,0.0,0.99,1,-0.013,1.48,0.0
2022-07-10 11:00:00,14.97,13.13,25.53,23.33,1,0.156,2.465,2.431,0.577,1.742,7.215,1.0,0.98,0,0.0,1.123,2.196
2022-07-10 12:00:00,15.58,13.38,23.04,23.33,1,0.158,2.356,2.252,0.727,2.487,7.823,1.0,0.95,0,0.0,1.236,0.288
2022-07-10 13:00:00,15.83,13.8,22.0,23.33,2,0.18,1.781,0.849,0.934,3.2,6.764,2.0,0.96,1,-0.049,1.167,2.66
2022-07-10 14:00:00,15.31,13.73,24.64,23.33,1,0.182,1.304,2.144,0.247,2.007,5.704,1.0,0.94,1,-0.038,0.998,1.312
2022-07-10 15:00:00,15.86,14.85,23.15,23.33,0,0.182,0.404,2.416,0.441,2.055,5.315,0.0,0.97,1,0.019,0.987,0.0
2022-07-10 16:00:00,14.23,12.23,24.02,23.33,1,0.181,0.96,1.931,1.032,2.194,6.117,1.0,1.02,0,0.0,1.107,0.691
2022-07-10 17:00:00,16.89,15.32,24.47,23.33,1,0.164,1.463,2.732,1.062,2.059,7.316,1.0,0.98,0,0.0,1.197,1.139
2022-07-10 18:00:00,15.33,12.86,23.41,23.33,3,0.107,1.813,1.192,0.573,3.178,6.757,3.0,1.04,0,0.0,0.725,0.227
2022-07-10 19:00:00,16.5,15.45,22.29,23.33,2,0.081,1.588,1.105,0.575,3.113,6.382,2.0,1.1,1,0.002,0.517,2.081
2022-07-10 20:00:00,15.69,13.52,24.17,23.33,3,0.101,1.785,2.674,0.957,2.949,8.365,3.0,0.98,0,0.0,0.849,2.523
2022-07-10 21:00:00,15.78,12.9,23.0,23.33,2,0.105,1.073,2.063,0.495,2.9,6.531,2.0,0.99,0,0.0,0.687,0.658
2022-07-10 22:00:00,15.86,14.51,23.82,23.33,1,0.12,1.819,0.504,0.317,2.253,4.893,0.0,0.93,0,0.0,0.586,0.493
2022-07-10 23:00:00,15.72,13.77,22.0,23.33,3,0.12,0.359,1.383,0.458,3.6,5.8,3.0,0.98,1,-0.012,0.683,3.99
2022-07-11 00:00:00,15.88,14.7,23.54,23.33,1,0.114,0.406,2.645,0.587,2.339,5.978,1.0,1.05,0,0.0,0.683,0.206
2022-07-11 01:00:00,16.55,14.3,22.23,23.33,1,0.083,0.407,0.568,0.252,2.73,3.957,1.0,0.94,0,0.0,0.327,1.096
2022-07-11 02:00:00,15.39,13.29,24.98,23.33,1,0.118,2.227,0.508,0.679,1.905,5.319,1.0,0.94,0,0.0,0.628,1.654
2022-07-11 03:00:00,15.88,14.07,23.75,23.33,1,0.105,0.19,1.203,0.94,2.276,4.609,1.0,0.98,0,0.0,0.482,0.418
2022-07-11 04:00:00,15.06,13.02,23.29,23.33,0,0.112,2.004,2.785,0.714,2.014,7.516,0.0,1.06,0,0.0,0.842,0.0
2022-07-11 05:00:00,16.58,13.78,23.58,23.33,0,0.096,0.584,2.754,0.272,1.925,5.534,0.0,1.02,0,0.0,0.533,0.0
2022-07-11 06:00:00,14.44,13.05,22.0,23.33,3,0.093,1.171,1.797,0.64,3.6,7.208,3.0,1.09,1,-0.026,0.643,3.99
2022-07-11 07:00:00,16.9,15.86,24.95,23.33,3,0.099,2.29,1.883,0.909,2.716,7.798,3.0,1.08,0,0.0,0.768,4.854
2022-07-11 08:00:00,15.05,12.32,25.39,23.33,2,0.086,1.465,1.33,0.258,2.183,5.236,2.0,0.93,0,0.0,0.45,4.119
2022-07-11 09:00:00,13.64,11.49,23.47,23.33,2,0.094,0.525,1.109,0.26,2.759,4.653,2.0,0.91,0,0.0,0.439,0.283
2022-07-11 10:00:00,15.19,12.41,24.91,23.33,0,0.18,0.71,2.538,0.571,1.527,5.346,0.0,0.98,1,0.043,1.008,0.0
2022-07-11 11:00:00,14.37,12.17,22.32,23.33,0,0.185,2.301,0.766,0.395,2.305,5.767,0.0,1.0,0,0.0,1.068,0.0
2022-07-11 12:00:00,15.88,13.26,22.04,23.33,0,0.155,1.068,1.718,1.135,2.387,6.308,0.0,1.0,1,0.025,1.001,0.0
2022-07-11 13:00:00,14.38,12.52,23.05,23.33,0,0.18,1.467,2.086,0.781,2.085,6.42,0.0,0.93,1,0.015,1.174,0.0
2022-07-11 14:00:00,14.57,12.07,23.52,23.33,1,0.143,1.15,0.759,0.487,2.343,4.74,1.0,0.92,0,0.0,0.676,0.192
2022-07-11 15:00:00,13.12,10.3,22.53,23.33,0,0.19,0.946,1.799,0.905,2.242,5.892,0.0,0.91,0,0.0,1.121,0.0
2022-07-11 16:00:00,14.56,12.41,23.65,23.33,1,0.15,0.558,1.944,0.575,2.306,5.383,0.0,1.07,1,0.021,0.829,0.315
2022-07-11 17:00:00,12.58,11.22,23.37,23.33,1,0.182,1.715,2.356,0.332,2.39,6.794,2.0,1.09,1,-0.019,1.217,0.038
2022-07-11 18:00:00,13.42,11.88,22.0,23.33,1,0.117,1.796,1.087,0.437,2.8,6.12,1.0,0.92,1,-0.0,0.713,1.33
2022-07-11 19:00:00,15.76,14.36,23.62,23.33,3,0.115,0.687,1.233,0.843,3.113,5.877,3.0,0.94,1,0.044,0.722,0.878
2022-07-11 20:00:00,15.79,14.29,24.04,23.33,1,0.081,1.973,1.924,0.252,2.189,6.337,1.0,0.92,0,0.0,0.515,0.706
2022-07-11 21:00:00,15.43,13.81,23.21,23.33,3,0.11,2.136,2.958,0.473,3.238,8.805,3.0,1.08,1,0.029,0.999,0.373
2022-07-11 22:00:00,14.04,11.93,24.38,23.33,2,0.106,2.302,1.044,0.408,2.485,6.239,2.0,1.09,0,0.0,0.663,2.106
2022-07-11 23:00:00,14.96,12.78,22.0,23.33,2,0.111,0.403,2.965,0.401,3.2,6.969,2.0,0.95,1,-0.031,0.74,2.66
2022-07-12 00:00:00,15.01,13.16,23.56,23.33,0,0.1,0.76,2.286,0.883,1.932,5.86,0.0,0.96,1,-0.027,0.558,0.0
2022-07-12 01:00:00,13.86,11.63,22.0,23.33,0,0.12,2.151,2.565,1.026,2.4,8.142,0.0,0.97,0,0.0,0.974,0.0
2022-07-12 02:00:00,16.53,15.37,22.0,23.33,0,0.082,0.496,0.724,0.916,2.4,4.536,0.0,1.0,0,0.0,0.371,0.0
2022-07-12 03:00:00,15.91,14.74,22.24,23.33,0,0.089,0.009,1.251,0.846,2.327,4.433,0.0,1.04,0,0.0,0.396,0.0
2022-07-12 04:00:00,14.82,13.48,22.0,23.33,2,0.096,2.177,0.644,1.116,3.2,7.138,2.0,1.0,0,0.0,0.684,2.66
2022-07-12 05:00:00,15.08,13.05,22.34,23.33,1,0.098,0.816,1.429,0.258,2.697,5.201,1.0,1.09,1,0.022,0.531,0.988
2022-07-12 06:00:00,15.28,13.85,22.74,23.33,2,0.117,1.036,2.953,0.367,2.977,7.334,2.0,0.92,1,0.006,0.863,1.174
2022-07-12 07:00:00,13.04,11.47,24.0,23.33,2,0.102,1.116,0.763,0.614,2.599,5.092,2.0,1.06,1,0.031,0.553,1.349
2022-07-12 08:00:00,14.85,13.05,22.61,23.33,1,0.082,2.121,1.906,0.572,2.616,7.215,1.0,0.97,0,0.0,0.59,0.715
2022-07-12 09:00:00,14.43,11.81,22.0,23.33,3,0.096,0.845,0.515,0.618,3.6,5.578,3.0,0.98,0,0.0,0.537,3.99
2022-07-12 10:00:00,14.13,13.1,24.37,23.33,2,0.162,2.231,2.282,0.406,2.49,7.408,2.0,1.04,0,0.0,1.203,2.076
2022-07-12 11:00:00,14.87,12.57,22.0,23.33,2,0.187,1.542,0.993,0.35,3.2,6.085,3.0,1.09,0,0.0,1.14,2.66
2022-07-12 12:00:00,16.97,14.63,22.93,23.33,2,0.142,1.318,0.824,0.709,2.921,5.773,2.0,1.04,1,0.048,0.87,0.801
2022-07-12 13:00:00,15.83,13.23,23.54,23.33,1,0.166,0.814,1.343,1.128,2.339,5.624,1.0,1.06,1,0.018,0.951,0.206
2022-07-12 14:00:00,14.64,11.77,23.24,23.33,1,0.163,0.609,2.428,0.592,2.428,6.057,1.0,1.05,0,0.0,0.987,0.09
2022-07-12 15:00:00,15.81,14.77,24.31,23.33,0,0.179,1.56,0.767,0.243,1.706,4.276,0.0,0.96,1,0.035,0.799,0.0
2022-07-12 16:00:00,16.66,15.35,23.57,23.33,1,0.198,1.117,1.075,0.906,2.328,5.426,1.0,1.05,0,0.0,1.074,0.245
2022-07-12 17:00:00,16.21,13.44,22.0,23.33,2,0.171,2.276,0.521,0.491,3.2,6.489,2.0,1.06,0,0.0,1.107,2.66
2022-07-12 18:00:00,15.37,13.46,25.61,23.33,3,0.115,1.229,2.921,0.445,2.516,7.111,3.0,1.01,0,0.0,0.817,6.853
2022-07-12 19:00:00,14.69,12.57,23.23,23.33,1,0.109,1.279,1.98,0.524,2.43,6.214,1.0,1.01,1,-0.012,0.667,0.097
2022-07-12 20:00:00,16.07,13.74,22.82,23.33,3,0.11,1.042,2.3,0.924,3.353,7.618,3.0,1.05,0,0.0,0.836,1.52
2022-07-12 21:00:00,15.8,13.44,24.16,23.33,1,0.12,1.973,2.128,1.019,2.153,7.273,1.0,1.06,0,0.0,0.872,0.827
2022-07-12 22:00:00,16.33,13.47,23.3,23.33,3,0.112,1.062,0.861,0.788,3.21,5.921,3.0,0.97,1,-0.019,0.644,0.092
2022-07-12 23:00:00,16.1,13.11,23.48,23.33,2,0.113,0.673,1.987,0.522,2.756,5.939,2.0,1.06,1,0.011,0.683,0.298
2022-07-13 00:00:00,16.55,14.11,25.99,23.33,1,0.118,2.155,0.829,0.51,1.603,5.097,1.0,1.06,0,0.0,0.602,2.661
2022-07-13 01:00:00,15.0,13.43,22.67,23.33,0,0.086,1.492,1.503,0.324,2.199,5.519,0.0,0.95,1,0.044,0.519,0.0
2022-07-13 02:00:00,16.89,14.13,22.62,23.33,2,0.1,1.479,1.922,1.133,3.014,7.549,3.0,1.04,1,0.046,0.8,1.423
2022-07-13 03:00:00,15.81,14.71,23.14,23.33,0,0.103,1.527,1.897,0.838,2.058,6.32,0.0,0.94,0,0.0,0.652,0.0
2022-07-13 04:00:00,17.73,16.27,24.29,23.33,0,0.093,1.797,0.798,0.227,1.714,4.536,0.0,0.92,1,0.004,0.427,0.0
2022-07-13 05:00:00,15.0,12.21,22.0,23.33,0,0.114,0.783,0.586,0.862,2.4,4.631,0.0,1.01,0,0.0,0.526,0.0
2022-07-13 06:00:00,17.47,15.96,22.0,23.33,2,0.11,0.085,2.496,0.647,3.2,6.427,2.0,1.08,1,-0.004,0.706,2.66
2022-07-13 07:00:00,15.97,14.53,22.3,23.33,2,0.109,2.026,2.315,1.173,3.111,8.625,2.0,0.91,1,-0.031,0.908,2.069
2022-07-13 08:00:00,15.17,13.89,22.0,23.33,3,0.12,0.322,0.705,1.019,3.6,5.646,3.0,1.07,0,0.0,0.677,3.99
2022-07-13 09:00:00,15.38,12.66,22.49,23.33,3,0.09,1.805,0.819,0.371,3.453,6.447,3.0,1.0,0,0.0,0.583,2.519
2022-07-13 10:00:00,15.59,13.59,23.6,23.33,0,0.154,0.206,2.731,0.92,1.919,5.776,0.0,1.07,0,0.0,0.892,0.0
2022-07-13 11:00:00,16.38,14.03,22.0,23.33,0,0.162,0.938,2.423,0.686,2.4,6.447,0.0,1.07,0,0.0,1.045,0.0
2022-07-13 12:00:00,16.53,15.05,22.0,23.33,1,0.176,0.158,2.99,0.387,2.8,6.335,1.0,1.08,0,0.0,1.112,1.33
2022-07-13 13:00:00,15.48,12.97,23.08,23.33,0,0.161,1.306,1.135,0.899,2.075,5.414,0.0,1.05,1,-0.026,0.846,0.0
2022-07-13 14:00:00,16.08,13.56,24.04,23.33,2,0.153,1.633,1.72,0.747,2.589,6.689,2.0,1.07,0,0.0,1.023,1.41
2022-07-13 15:00:00,18.3,16.68,22.0,23.33,1,0.147,0.429,1.091,0.23,2.8,4.55,1.0,0.94,0,0.0,0.669,1.33
2022-07-13 16:00:00,17.94,16.12,23.98,23.33,0,0.193,0.929,2.057,0.847,1.805,5.637,1.0,0.96,1,-0.023,1.063,0.0
2022-07-13 17:00:00,16.7,15.28,23.98,23.33,0,0.166,2.326,0.789,0.835,1.806,5.755,0.0,0.95,1,0.035,0.993,0.0
2022-07-13 18:00:00,16.36,13.41,24.14,23.33,2,0.089,1.106,0.818,0.344,2.557,4.825,2.0,1.05,0,0.0,0.428,1.63
2022-07-13 19:00:00,16.5,14.21,24.46,23.33,3,0.094,2.006,0.68,0.549,2.861,6.096,3.0,0.93,1,-0.024,0.546,3.397
2022-07-13 20:00:00,17.05,14.18,25.64,23.33,3,0.095,2.318,2.234,0.786,2.507,7.845,3.0,0.94,1,0.043,0.79,6.937
2022-07-13 21:00:00,15.47,13.87,22.57,23.33,1,0.119,2.436,1.735,0.339,2.628,7.138,1.0,1.08,0,0.0,0.849,0.757
2022-07-13 22:00:00,16.3,13.73,23.13,23.33,1,0.08,2.246,2.044,1.053,2.461,7.803,1.0,1.04,0,0.0,0.626,0.199
2022-07-13 23:00:00,14.95,12.42,22.5,23.33,2,0.119,0.794,2.698,0.227,3.05,6.769,2.0,1.08,1,-0.044,0.764,1.659
2022-07-14 00:00:00,17.08,14.69,23.0,23.33,0,0.119,2.406,2.351,0.303,2.099,7.159,0.0,0.93,1,-0.026,0.828,0.0
2022-07-14 01:00:00,17.39,14.46,24.84,23.33,0,0.12,2.031,1.654,0.316,1.548,5.55,0.0,0.98,0,0.0,0.665,0.0
2022-07-14 02:00:00,16.32,14.53,22.0,23.33,0,0.099,2.093,2.961,0.728,2.4,8.182,0.0,0.96,0,0.0,0.811,0.0
2022-07-14 03:00:00,18.44,17.18,22.0,23.33,1,0.119,0.038,1.641,0.82,2.8,5.299,1.0,0.9,1,-0.026,0.602,1.33
2022-07-14 04:00:00,15.71,13.37,24.65,23.33,0,0.096,2.386,0.781,0.604,1.604,5.375,0.0,0.96,1,-0.013,0.502,0.0
2022-07-14 05:00:00,15.54,13.08,24.22,23.33,0,0.081,1.945,2.982,0.489,1.733,7.148,0.0,0.98,1,0.023,0.603,0.0
2022-07-14 06:00:00,17.29,15.14,22.56,23.33,3,0.089,1.92,0.557,1.009,3.431,6.917,3.0,0.92,1,-0.02,0.596,2.297
2022-07-14 07:00:00,18.18,16.77,24.03,23.33,2,0.118,0.204,1.875,0.268,2.592,4.939,2.0,1.01,1,0.018,0.6,1.391
2022-07-14 08:00:00,18.89,16.88,23.41,23.33,3,0.081,0.581,1.273,0.48,3.177,5.512,3.0,0.98,1,-0.007,0.437,0.238
2022-07-14 09:00:00,16.82,15.2,24.8,23.33,2,0.102,2.406,1.759,0.239,2.36,6.764,2.0,0.91,1,-0.03,0.658,2.941
2022-07-14 10:00:00,18.43,16.57,23.09,23.33,0,0.147,1.252,1.897,0.214,2.073,5.436,0.0,1.04,1,0.023,0.82,0.0
2022-07-14 11:00:00,17.38,15.09,24.23,23.33,0,0.198,0.995,1.1,0.553,1.731,4.379,0.0,1.05,0,0.0,0.866,0.0
2022-07-14 12:00:00,17.32,14.83,26.17,23.33,0,0.185,2.1,1.892,0.395,1.149,5.536,0.0,1.07,1,-0.021,1.003,0.0
2022-07-14 13:00:00,18.46,16.99,23.72,23.33,0,0.178,0.218,2.39,0.468,1.885,4.962,0.0,1.0,0,0.0,0.883,0.0
2022-07-14 14:00:00,18.3,16.49,23.06,23.33,2,0.159,1.042,1.166,1.021,2.882,6.112,2.0,1.09,0,0.0,0.972,0.542
2022-07-14 15:00:00,16.15,14.61,23.87,23.33,1,0.15,0.939,1.459,0.363,2.24,5.001,1.0,1.08,1,0.018,0.766,0.537
2022-07-14 16:00:00,19.28,17.88,22.56,23.33,1,0.165,0.875,1.171,0.98,2.632,5.657,1.0,1.01,0,0.0,0.931,0.768
2022-07-14 17:00:00,19.26,16.69,25.87,23.33,0,0.18,0.769,2.551,0.875,1.24,5.436,0.0,0.99,0,0.0,0.977,0.0
2022-07-14 18:00:00,17.33,14.51,23.22,23.33,3,0.1,0.525,2.312,0.526,3.235,6.599,3.0,0.9,1,0.01,0.672,0.342
2022-07-14 19:00:00,18.43,16.69,22.67,23.33,1,0.106,0.432,2.678,0.747,2.598,6.455,1.0,1.04,1,-0.013,0.669,0.658
2022-07-14 20:00:00,18.61,16.11,22.0,23.33,1,0.103,1.601,0.925,0.644,2.8,5.971,1.0,1.01,1,0.043,0.659,1.33
2022-07-14 21:00:00,18.46,15.67,24.32,23.33,1,0.099,2.298,0.684,0.328,2.105,5.416,1.0,1.09,1,0.046,0.584,0.987
2022-07-14 22:00:00,17.73,15.04,24.04,23.33,3,0.114,1.272,0.798,1.107,2.988,6.166,3.0,1.02,0,0.0,0.702,2.132
2022-07-14 23:00:00,17.7,16.33,22.4,23.33,3,0.106,0.745,0.903,0.77,3.479,5.896,3.0,1.1,0,0.0,0.624,2.78
2022-07-15 00:00:00,18.43,15.51,23.69,23.33,1,0.112,0.398,1.833,1.08,2.292,5.603,1.0,1.07,0,0.0,0.628,0.362
2022-07-15 01:00:00,19.71,17.96,22.0,23.33,1,0.111,2.075,2.927,1.024,2.8,8.826,1.0,1.09,1,-0.032,0.952,1.33
2022-07-15 02:00:00,19.17,17.49,23.22,23.33,0,0.088,2.429,1.393,0.28,2.033,6.135,0.0,0.97,1,-0.002,0.536,0.0
2022-07-15 03:00:00,18.34,17.22,23.54,23.33,0,0.106,0.873,2.896,0.407,1.937,6.113,0.0,0.93,0,0.0,0.648,0.0
2022-07-15 04:00:00,19.57,17.6,25.05,23.33,2,0.088,0.727,0.596,0.345,2.285,3.954,2.0,1.06,0,0.0,0.348,3.438
2022-07-15 05:00:00,16.04,14.82,22.08,23.33,1,0.103,1.504,2.817,1.031,2.777,8.129,1.0,1.06,0,0.0,0.84,1.255
2022-07-15 06:00:00,20.12,18.63,22.0,23.33,2,0.107,1.938,0.953,1.062,3.2,7.154,2.0,0.94,0,0.0,0.766,2.66
2022-07-15 07:00:00,17.33,15.69,22.0,23.33,3,0.12,1.139,2.781,0.728,3.6,8.248,3.0,1.05,0,0.0,0.989,3.99
2022-07-15 08:00:00,18.79,16.18,22.0,23.33,1,0.081,1.575,0.641,0.304,2.8,5.32,0.0,1.02,1,0.016,0.448,1.33
2022-07-15 09:00:00,18.13,15.38,24.6,23.33,3,0.084,1.791,2.871,0.336,2.819,7.816,3.0,0.92,0,0.0,0.654,3.822
2022-07-15 10:00:00,18.05,16.44,24.86,23.33,0,0.149,2.401,1.002,1.014,1.542,5.96,0.0,1.0,0,0.0,0.89,0.0
2022-07-15 11:00:00,20.59,17.88,23.38,23.33,0,0.198,0.413,1.257,1.129,1.985,4.783,0.0,1.09,0,0.0,0.946,0.0
2022-07-15 12:00:00,19.06,16.34,24.47,23.33,0,0.197,2.493,1.727,0.399,1.66,6.281,1.0,1.0,1,-0.011,1.225,0.0
2022-07-15 13:00:00,19.97,17.44,23.16,23.33,1,0.16,0.98,1.452,0.211,2.452,5.095,1.0,1.06,0,0.0,0.816,0.169
2022-07-15 14:00:00,19.67,18.38,22.89,23.33,0,0.178,1.808,2.169,0.531,2.134,6.642,0.0,0.91,0,0.0,1.185,0.0
2022-07-15 15:00:00,20.29,17.91,22.6,23.33,2,0.172,1.431,2.937,0.23,3.02,7.618,2.0,1.05,1,-0.031,1.279,1.459
2022-07-15 16:00:00,19.98,17.09,22.63,23.33,0,0.189,1.217,2.016,1.028,2.212,6.472,0.0,1.09,1,0.033,1.256,0.0
2022-07-15 17:00:00,18.72,16.36,22.0,23.33,0,0.178,1.745,2.304,0.692,2.4,7.14,0.0,1.0,1,-0.031,1.238,0.0
2022-07-15 18:00:00,21.1,19.44,23.32,23.33,2,0.082,0.989,0.72,0.842,2.805,5.356,2.0,0.97,0,0.0,0.441,0.026
2022-07-15 19:00:00,19.71,17.71,22.95,23.33,2,0.114,0.315,2.07,0.611,2.915,5.911,2.0,1.03,1,-0.042,0.633,0.757
2022-07-15 20:00:00,18.74,16.45,23.89,23.33,2,0.109,1.222,1.635,0.546,2.632,6.034,2.0,1.08,0,0.0,0.659,1.129
2022-07-15 21:00:00,19.97,17.95,23.11,23.33,2,0.108,1.305,2.714,0.422,2.866,7.308,2.0,0.94,0,0.0,0.789,0.436
2022-07-15 22:00:00,22.0,20.76,22.8,23.33,3,0.094,0.505,1.471,0.971,3.359,6.304,3.0,0.98,0,0.0,0.59,1.576
2022-07-15 23:00:00,21.45,19.83,22.0,23.33,1,0.095,2.339,2.199,0.896,2.8,8.233,1.0,0.93,0,0.0,0.784,1.33
2022-07-16 00:00:00,20.35,17.75,23.09,23.33,0,0.118,0.569,1.07,0.561,2.074,4.274,0.0,1.0,1,-0.017,0.489,0.0
2022-07-16 01:00:00,20.45,17.73,23.89,23.33,1,0.083,1.023,1.148,0.521,2.234,4.927,1.0,1.01,1,0.047,0.454,0.556
2022-07-16 02:00:00,20.58,19.31,22.0,23.33,1,0.111,0.387,1.44,0.201,2.8,4.829,1.0,1.09,0,0.0,0.536,1.33
2022-07-16 03:00:00,23.08,20.18,23.1,23.33,0,0.092,1.339,1.26,0.264,2.069,4.932,0.0,0.98,0,0.0,0.456,0.0
2022-07-16 04:00:00,21.49,19.83,23.28,23.33,1,0.082,0.769,1.135,0.823,2.416,5.143,1.0,1.01,0,0.0,0.419,0.05
2022-07-16 05:00:00,21.64,19.32,22.14,23.33,2,0.11,1.223,0.624,0.715,3.159,5.72,2.0,1.08,1,0.039,0.666,2.383
2022-07-16 06:00:00,22.35,19.84,22.29,23.33,2,0.093,0.562,2.592,0.635,3.112,6.9,2.0,0.96,1,0.03,0.673,2.071
2022-07-16 07:00:00,21.66,19.04,23.28,23.33,3,0.109,0.134,0.661,1.028,3.217,5.04,3.0,1.03,1,-0.001,0.548,0.16
2022-07-16 08:00:00,21.27,18.38,22.0,23.33,3,0.108,1.948,2.718,0.704,3.6,8.97,3.0,1.05,1,-0.023,0.949,3.99
2022-07-16 09:00:00,21.44,19.81,23.42,23.33,2,0.101,1.603,0.814,0.584,2.774,5.775,2.0,0.97,0,0.0,0.586,0.18
2022-07-16 10:00:00,21.67,18.95,22.0,23.33,0,0.184,0.852,0.663,0.361,2.4,4.276,0.0,0.93,1,0.001,0.787,0.0
2022-07-16 11:00:00,21.81,20.54,24.28,23.33,1,0.191,0.119,1.908,1.021,2.117,5.164,1.0,1.0,0,0.0,0.987,0.945
2022-07-16 12:00:00,22.68,20.27,25.81,23.33,1,0.143,2.164,1.756,0.776,1.658,6.355,1.0,0.97,1,-0.016,0.892,2.475
2022-07-16 13:00:00,22.11,19.63,22.0,23.33,1,0.17,0.424,1.728,0.292,2.8,5.245,2.0,0.95,0,0.0,0.893,1.33
2022-07-16 14:00:00,22.9,20.54,23.64,23.33,2,0.182,2.327,1.936,0.849,2.708,7.82,2.0,1.09,1,0.023,1.445,0.622
2022-07-16 15:00:00,22.19,20.69,22.13,23.33,0,0.173,1.196,1.218,0.625,2.362,5.401,0.0,1.0,0,0.0,0.932,0.0
2022-07-16 16:00:00,22.46,19.71,24.25,23.33,0,0.18,0.851,2.157,1.011,1.725,5.745,0.0,1.07,0,0.0,1.034,0.0
2022-07-16 17:00:00,20.49,19.15,22.0,23.33,0,0.189,1.854,1.756,1.119,2.4,7.129,0.0,0.94,1,0.009,1.356,0.0
2022-07-16 18:00:00,23.52,22.41,23.58,23.33,2,0.115,2.192,1.337,0.8,2.727,7.056,2.0,1.09,1,-0.035,0.775,0.493
2022-07-16 19:00:00,23.05,20.62,22.0,23.33,2,0.115,0.927,2.566,0.932,3.2,7.625,2.0,1.06,1,-0.038,0.841,2.66
2022-07-16 20:00:00,23.82,21.86,22.75,23.33,1,0.098,1.018,2.319,0.257,2.575,6.169,0.0,1.06,1,0.029,0.632,0.578
2022-07-16 21:00:00,20.03,17.33,22.0,23.33,1,0.1,1.083,1.484,0.76,2.8,6.127,1.0,0.98,0,0.0,0.615,1.33
2022-07-16 22:00:00,25.13,23.36,23.99,23.33,3,0.097,2.306,2.619,0.955,3.004,8.884,3.0,1.0,1,0.027,0.885,1.97
2022-07-16 23:00:00,23.01,21.67,22.0,23.33,3,0.098,1.731,2.801,0.697,3.6,8.829,3.0,1.02,1,-0.035,0.83,3.99
2022-07-17 00:00:00,24.37,21.69,23.66,23.33,0,0.116,0.619,1.842,0.794,1.901,5.156,0.0,1.06,0,0.0,0.597,0.0
2022-07-17 01:00:00,22.33,20.23,22.59,23.33,0,0.112,0.462,1.037,1.099,2.224,4.823,0.0,1.07,1,-0.037,0.501,0.0
2022-07-17 02:00:00,24.09,22.71,22.86,23.33,1,0.085,0.576,2.789,0.398,2.541,6.305,0.0,0.92,1,0.037,0.573,0.467
2022-07-17 03:00:00,22.54,20.1,23.18,23.33,1,0.104,0.659,0.974,0.298,2.447,4.378,1.0,1.08,1,-0.015,0.442,0.153
2022-07-17 04:00:00,23.08,21.06,22.09,23.33,2,0.12,0.575,0.621,0.891,3.174,5.261,2.0,1.09,0,0.0,0.631,2.488
2022-07-17 05:00:00,25.73,23.52,23.25,23.33,2,0.104,1.646,1.319,1.023,2.824,6.812,2.0,1.02,1,-0.021,0.686,0.155
2022-07-17 06:00:00,23.73,21.81,24.84,23.33,3,0.111,0.29,2.317,1.05,2.749,6.407,3.0,0.94,0,0.0,0.714,4.519
2022-07-17 07:00:00,24.25,21.6,22.07,23.33,3,0.111,0.968,2.808,0.842,3.58,8.198,3.0,1.06,1,-0.001,0.907,3.791
2022-07-17 08:00:00,25.02,22.36,24.41,23.33,2,0.094,1.563,2.093,1.033,2.478,7.167,1.0,1.01,1,0.045,0.719,2.152
2022-07-17 09:00:00,24.76,22.34,24.8,23.33,2,0.095,0.727,2.88,0.901,2.361,6.868,2.0,1.06,1,-0.017,0.634,2.935
2022-07-17 10:00:00,24.52,23.31,22.02,23.33,2,0.164,0.163,0.731,0.287,3.194,4.375,2.0,1.06,1,0.011,0.73,2.619
2022-07-17 11:00:00,24.85,22.17,22.0,23.33,0,0.183,0.205,0.652,0.962,2.4,4.218,0.0,0.92,0,0.0,0.773,0.0
2022-07-17 12:00:00,27.0,24.66,23.36,23.33,2,0.181,0.315,2.01,0.379,2.791,5.496,2.0,1.02,1,0.013,1.008,0.065
2022-07-17 13:00:00,24.65,22.26,22.34,23.33,0,0.198,2.09,2.915,0.437,2.297,7.739,0.0,1.0,0,0.0,1.531,0.0
2022-07-17 14:00:00,25.02,23.3,25.24,23.33,1,0.153,1.645,1.757,0.595,1.827,5.823,1.0,1.09,0,0.0,0.89,1.912
2022-07-17 15:00:00,25.98,23.22,23.04,23.33,0,0.173,0.161,0.629,0.515,2.087,3.392,0.0,0.96,0,0.0,0.587,0.0
2022-07-17 16:00:00,26.15,23.7,22.04,23.33,0,0.176,0.978,1.053,0.522,2.389,4.941,0.0,0.94,0,0.0,0.87,0.0
2022-07-17 17:00:00,26.34,25.12,22.0,23.33,0,0.2,0.696,1.112,0.369,2.4,4.578,0.0,1.08,1,0.03,0.945,0.0
2022-07-17 18:00:00,25.91,24.09,24.31,23.33,3,0.1,1.445,1.345,0.494,2.908,6.191,3.0,0.93,1,-0.05,0.571,2.934
2022-07-17 19:00:00,24.24,21.47,22.31,23.33,2,0.094,1.307,0.609,0.22,3.106,5.241,2.0,1.04,1,0.02,0.511,2.031
2022-07-17 20:00:00,27.13,26.03,23.05,23.33,2,0.103,1.203,2.762,0.673,2.884,7.522,2.0,0.96,0,0.0,0.773,0.555
2022-07-17 21:00:00,24.46,21.54,24.15,23.33,3,0.082,0.786,1.789,0.969,2.956,6.5,3.0,1.01,1,-0.033,0.501,2.451
2022-07-17 22:00:00,26.02,23.66,22.42,23.33,3,0.1,0.344,2.177,1.062,3.474,7.058,3.0,1.02,1,-0.023,0.686,2.733
2022-07-17 23:00:00,25.08,22.81,22.94,23.33,2,0.095,1.856,0.668,1.02,2.917,6.461,2.0,0.98,0,0.0,0.612,0.77
2022-07-18 00:00:00,25.88,24.34,22.98,23.33,1,0.101,2.2,0.635,0.616,2.506,5.957,1.0,1.09,1,0.039,0.643,0.35
2022-07-18 01:00:00,26.38,24.88,23.82,23.33,0,0.097,2.36,1.966,0.93,1.854,7.111,0.0,0.93,0,0.0,0.689,0.0
2022-07-18 02:00:00,26.49,23.6,23.71,23.33,0,0.091,0.147,2.718,0.488,1.887,5.24,0.0,0.98,1,-0.038,0.44,0.0
2022-07-18 03:00:00,26.7,25.1,22.74,23.33,0,0.116,1.85,1.821,0.256,2.179,6.106,0.0,0.99,0,0.0,0.709,0.0
2022-07-18 04:00:00,28.0,25.45,23.08,23.33,1,0.087,1.816,2.695,0.876,2.477,7.864,1.0,1.03,0,0.0,0.687,0.254
2022-07-18 05:00:00,26.95,25.17,22.55,23.33,0,0.107,2.368,2.527,0.849,2.234,7.978,0.0,0.98,1,0.037,0.892,0.0
2022-07-18 06:00:00,26.37,25.09,22.0,23.33,3,0.117,0.632,0.69,1.002,3.6,5.924,3.0,0.92,1,0.047,0.74,3.99
2022-07-18 07:00:00,27.68,26.66,23.31,23.33,1,0.102,1.855,1.005,0.816,2.407,6.084,1.0,1.09,1,0.025,0.643,0.021
2022-07-18 08:00:00,28.02,25.93,25.27,23.33,3,0.115,0.137,2.144,0.357,2.619,5.257,3.0,0.98,1,0.01,0.615,5.822
2022-07-18 09:00:00,25.71,22.76,22.0,23.33,2,0.085,1.578,1.609,1.053,3.2,7.44,2.0,0.97,0,0.0,0.632,2.66
2022-07-18 10:00:00,27.65,25.91,22.07,23.33,1,0.169,0.877,1.227,0.827,2.778,5.709,1.0,0.99,1,-0.043,0.922,1.258
2022-07-18 11:00:00,27.86,26.15,22.0,23.33,0,0.174,1.922,1.547,1.008,2.4,6.876,0.0,0.94,0,0.0,1.2,0.0
2022-07-18 12:00:00,26.97,25.28,23.87,23.33,0,0.17,2.158,1.613,0.974,1.839,6.585,0.0,0.92,1,0.004,1.12,0.0
2022-07-18 13:00:00,28.75,26.71,23.54,23.33,0,0.184,0.912,2.776,0.498,1.939,6.125,0.0,0.93,0,0.0,1.127,0.0
2022-07-18 14:00:00,27.34,25.46,22.81,23.33,0,0.174,1.314,0.759,0.275,2.157,4.504,0.0,0.93,0,0.0,0.784,0.0
2022-07-18 15:00:00,27.72,24.96,22.0,23.33,0,0.156,0.294,1.199,0.377,2.4,4.269,0.0,0.94,1,-0.046,0.621,0.0
2022-07-18 16:00:00,27.53,25.52,23.11,23.33,0,0.149,1.042,1.844,0.293,2.067,5.246,0.0,0.98,0,0.0,0.78,0.0
2022-07-18 17:00:00,27.83,25.81,22.0,23.33,0,0.176,0.902,2.246,0.443,2.4,5.991,0.0,1.02,0,0.0,1.057,0.0
2022-07-18 18:00:00,26.82,25.55,23.17,23.33,2,0.093,0.458,2.077,0.66,2.848,6.042,2.0,1.03,0,0.0,0.563,0.316
2022-07-18 19:00:00,26.59,23.62,24.05,23.33,3,0.098,2.236,2.854,1.107,2.986,9.183,3.0,0.9,0,0.0,0.898,2.147
2022-07-18 20:00:00,29.73,28.23,22.0,23.33,3,0.098,0.37,2.489,1.072,3.6,7.531,3.0,1.08,0,0.0,0.74,3.99
2022-07-18 21:00:00,27.39,26.25,22.0,23.33,3,0.111,1.589,1.893,0.919,3.6,8.001,3.0,1.06,0,0.0,0.888,3.99
2022-07-18 22:00:00,27.35,25.03,24.9,23.33,3,0.098,2.225,1.037,0.224,2.731,6.218,3.0,1.09,1,-0.014,0.594,4.696
2022-07-18 23:00:00,26.3,24.11,22.27,23.33,2,0.081,2.28,1.627,0.541,3.12,7.569,1.0,0.97,1,-0.015,0.598,2.128
2022-07-19 00:00:00,27.92,26.09,24.36,23.33,0,0.108,1.983,2.233,0.882,1.691,6.79,0.0,1.03,1,0.01,0.746,0.0
2022-07-19 01:00:00,27.34,25.49,22.82,23.33,1,0.115,0.44,2.595,0.329,2.555,5.92,0.0,0.93,1,0.003,0.686,0.515
2022-07-19 02:00:00,30.41,27.84,22.81,23.33,0,0.101,2.044,2.899,1.001,2.158,8.102,0.0,1.06,1,0.016,0.83,0.0
2022-07-19 03:00:00,29.88,28.49,23.53,23.33,1,0.103,0.691,2.014,1.115,2.342,6.162,1.0,0.93,0,0.0,0.636,0.196
2022-07-19 04:00:00,28.28,25.64,22.0,23.33,0,0.087,2.306,1.817,0.554,2.4,7.077,0.0,0.97,0,0.0,0.612,0.0
2022-07-19 05:00:00,31.33,29.03,23.16,23.33,0,0.089,1.773,0.544,0.906,2.052,5.275,0.0,1.0,1,-0.024,0.444,0.0
2022-07-19 06:00:00,30.16,28.32,22.54,23.33,2,0.089,1.963,0.68,0.348,3.037,6.029,2.0,1.02,1,0.034,0.573,1.576
2022-07-19 07:00:00,28.95,27.04,22.0,23.33,3,0.097,0.213,0.89,0.891,3.6,5.594,3.0,1.01,0,0.0,0.544,3.99
2022-07-19 08:00:00,26.88,25.37,23.4,23.33,1,0.117,1.457,0.637,0.221,2.379,4.694,1.0,0.92,0,0.0,0.55,0.075
2022-07-19 09:00:00,31.77,29.27,22.68,23.33,2,0.101,2.053,1.502,0.351,2.995,6.901,2.0,0.98,1,-0.032,0.664,1.292
2022-07-19 10:00:00,28.19,26.17,22.81,23.33,1,0.148,2.154,1.342,0.91,2.557,6.963,0.0,1.08,1,-0.049,0.984,0.518
2022-07-19 11:00:00,28.04,26.39,22.0,23.33,0,0.16,0.072,2.093,0.912,2.4,5.477,0.0,1.07,1,-0.019,0.855,0.0
2022-07-19 12:00:00,30.8,28.61,24.91,23.33,0,0.142,2.348,1.839,0.841,1.527,6.555,0.0,1.02,0,0.0,0.93,0.0
2022-07-19 13:00:00,32.32,29.33,24.05,23.33,1,0.141,0.108,1.99,0.677,2.184,4.96,1.0,1.01,1,-0.002,0.699,0.722
2022-07-19 14:00:00,31.36,29.49,24.16,23.33,2,0.164,1.536,1.68,0.875,2.553,6.644,1.0,0.92,1,0.032,1.12,1.654
2022-07-19 15:00:00,30.64,27.8,22.63,23.33,0,0.196,1.733,1.194,0.974,2.21,6.112,0.0,0.94,1,-0.021,1.179,0.0
2022-07-19 16:00:00,30.76,29.07,22.0,23.33,0,0.192,0.268,2.882,1.166,2.4,6.717,0.0,0.95,1,0.035,1.326,0.0
2022-07-19 17:00:00,31.12,30.01,25.34,23.33,2,0.171,0.12,0.716,1.089,2.197,4.122,2.0,1.0,1,0.02,0.724,4.027
2022-07-19 18:00:00,31.12,29.71,22.93,23.33,2,0.083,1.962,2.847,0.995,2.922,8.726,2.0,1.05,1,-0.037,0.688,0.807
2022-07-19 19:00:00,30.74,28.9,22.1,23.33,3,0.081,0.962,1.278,0.895,3.57,6.704,3.0,0.99,0,0.0,0.543,3.686
2022-07-19 20:00:00,30.65,29.21,23.5,23.33,1,0.09,0.268,1.782,0.774,2.35,5.174,1.0,0.93,0,0.0,0.466,0.17
2022-07-19 21:00:00,30.58,29.58,24.4,23.33,3,0.084,1.907,0.772,0.321,2.88,5.879,3.0,0.99,1,0.015,0.507,3.212
2022-07-19 22:00:00,29.98,27.15,22.97,23.33,3,0.093,2.123,0.677,0.366,3.308,6.474,3.0,0.93,1,-0.036,0.569,1.073
2022-07-19 23:00:00,30.54,27.86,24.53,23.33,1,0.111,1.468,1.574,1.02,2.04,6.102,1.0,1.05,1,-0.011,0.666,1.204
2022-07-20 00:00:00,29.22,26.74,24.3,23.33,0,0.109,0.403,2.354,1.003,1.71,5.471,0.0,0.93,1,0.007,0.601,0.0
2022-07-20 01:00:00,30.91,29.57,22.0,23.33,2,0.104,0.038,1.173,0.814,3.2,5.226,2.0,1.0,1,-0.045,0.501,2.66
2022-07-20 02:00:00,30.11,28.87,22.19,23.33,1,0.114,1.752,1.906,0.639,2.743,7.039,1.0,1.04,1,-0.035,0.769,1.139
2022-07-20 03:00:00,30.08,28.95,24.15,23.33,1,0.091,1.375,1.197,0.226,2.155,4.953,1.0,0.95,0,0.0,0.452,0.819
2022-07-20 04:00:00,31.45,29.0,22.0,23.33,1,0.115,1.627,1.472,0.527,2.8,6.426,1.0,0.92,0,0.0,0.742,1.33
2022-07-20 05:00:00,32.75,29.89,22.82,23.33,0,0.096,2.033,2.766,0.621,2.154,7.574,0.0,1.01,1,0.036,0.763,0.0
2022-07-20 06:00:00,32.36,30.5,22.0,23.33,2,0.096,1.086,2.64,0.686,3.2,7.611,2.0,0.91,0,0.0,0.731,2.66
2022-07-20 07:00:00,29.96,28.72,22.43,23.33,2,0.096,0.311,1.79,1.129,3.072,6.302,2.0,1.02,1,-0.015,0.591,1.804
2022-07-20 08:00:00,30.63,28.6,22.64,23.33,2,0.084,2.35,1.095,0.309,3.008,6.762,2.0,1.05,0,0.0,0.567,1.377
2022-07-20 09:00:00,32.64,30.94,22.57,23.33,3,0.119,1.363,0.983,0.719,3.429,6.494,3.0,0.97,1,-0.02,0.752,2.28
2022-07-20 10:00:00,30.8,29.05,22.34,23.33,1,0.2,1.538,2.885,0.568,2.699,7.69,1.0,1.0,1,0.013,1.55,0.993
2022-07-20 11:00:00,31.64,29.4,22.0,23.33,2,0.185,2.334,1.007,1.19,3.2,7.73,2.0,1.09,0,0.0,1.43,2.66
2022-07-20 12:00:00,32.5,30.06,25.75,23.33,0,0.177,2.329,2.52,1.062,1.275,7.186,0.0,0.99,1,0.027,1.298,0.0
2022-07-20 13:00:00,31.06,29.84,25.24,23.33,0,0.165,1.43,1.422,0.639,1.428,4.919,0.0,1.1,1,0.001,0.814,0.0
2022-07-20 14:00:00,32.21,31.14,22.0,23.33,1,0.177,0.744,2.964,1.2,2.8,7.708,1.0,0.93,0,0.0,1.365,1.33
2022-07-20 15:00:00,30.85,27.86,24.9,23.33,0,0.16,2.493,1.42,0.714,1.53,6.158,0.0,1.04,0,0.0,0.988,0.0
2022-07-20 16:00:00,31.66,30.19,22.52,23.33,1,0.142,1.702,1.379,0.367,2.644,6.092,1.0,1.03,1,0.007,0.87,0.809
2022-07-20 17:00:00,32.66,31.55,23.16,23.33,2,0.164,1.021,2.094,0.756,2.853,6.724,2.0,1.07,0,0.0,1.101,0.35
2022-07-20 18:00:00,30.82,29.44,22.92,23.33,3,0.094,1.4,2.904,0.426,3.323,8.052,3.0,0.92,1,-0.049,0.705,1.218
2022-07-20 19:00:00,32.93,31.85,22.21,23.33,2,0.085,1.04,2.941,0.836,3.138,7.954,2.0,0.96,0,0.0,0.676,2.243
2022-07-20 20:00:00,32.54,30.76,24.18,23.33,2,0.106,2.221,2.268,1.137,2.546,8.172,2.0,0.93,0,0.0,0.865,1.701
2022-07-20 21:00:00,33.19,30.58,23.15,23.33,3,0.12,1.206,2.387,0.986,3.255,7.834,3.0,1.09,0,0.0,0.939,0.537
2022-07-20 22:00:00,32.93,31.25,22.43,23.33,3,0.089,2.059,1.909,0.473,3.472,7.912,3.0,0.99,0,0.0,0.706,2.706
2022-07-20 23:00:00,34.14,32.25,22.0,23.33,2,0.091,2.1,2.389,0.497,3.2,8.187,2.0,1.08,0,0.0,0.746,2.66
2022-07-21 00:00:00,32.97,30.62,22.0,23.33,1,0.119,2.061,2.649,0.269,2.8,7.78,1.0,0.96,1,0.036,0.96,1.33
2022-07-21 01:00:00,32.49,30.47,22.0,23.33,0,0.087,1.805,1.715,0.486,2.4,6.407,0.0,0.93,0,0.0,0.558,0.0
2022-07-21 02:00:00,33.11,30.38,23.01,23.33,0,0.1,2.137,2.05,0.293,2.096,6.575,0.0,0.96,0,0.0,0.66,0.0
2022-07-21 03:00:00,33.6,30.86,22.0,23.33,1,0.09,0.968,1.843,0.699,2.8,6.311,1.0,1.02,0,0.0,0.565,1.33
2022-07-21 04:00:00,33.17,32.15,22.68,23.33,1,0.117,0.287,1.906,0.908,2.596,5.697,1.0,1.07,1,0.049,0.717,0.649
2022-07-21 05:00:00,33.22,30.67,24.64,23.33,2,0.119,2.106,2.725,0.951,2.407,8.189,2.0,0.98,1,-0.024,0.953,2.628
2022-07-21 06:00:00,32.55,30.62,24.44,23.33,1,0.113,1.245,1.389,0.26,2.068,4.962,1.0,1.08,1,-0.023,0.535,1.109
2022-07-21 07:00:00,32.65,29.67,22.96,23.33,2,0.093,0.318,1.02,0.54,2.912,4.79,2.0,0.95,0,0.0,0.444,0.737
2022-07-21 08:00:00,31.97,30.0,22.9,23.33,2,0.096,0.288,1.641,0.488,2.931,5.349,2.0,1.04,1,-0.001,0.513,0.869
2022-07-21 09:00:00,35.18,32.21,25.26,23.33,2,0.09,0.398,1.02,0.304,2.223,3.946,2.0,1.05,1,-0.04,0.314,3.852
2022-07-21 10:00:00,32.25,29.74,23.62,23.33,1,0.181,1.877,1.746,0.562,2.313,6.498,1.0,0.95,1,-0.023,1.153,0.295
2022-07-21 11:00:00,32.86,31.36,22.61,23.33,0,0.169,1.777,2.759,0.499,2.218,7.253,0.0,0.91,0,0.0,1.225,0.0
2022-07-21 12:00:00,32.89,30.81,22.0,23.33,2,0.18,0.51,2.044,0.834,3.2,6.588,2.0,0.97,1,0.046,1.232,2.66
2022-07-21 13:00:00,34.56,31.58,23.47,23.33,0,0.145,2.117,2.639,1.083,1.958,7.797,0.0,0.91,0,0.0,1.129,0.0
2022-07-21 14:00:00,33.43,30.71,24.0,23.33,0,0.191,0.703,0.915,0.655,1.801,4.075,0.0,1.08,0,0.0,0.779,0.0
2022-07-21 15:00:00,35.02,33.83,22.24,23.33,2,0.143,1.982,2.752,0.947,3.127,8.809,2.0,1.09,0,0.0,1.263,2.176
2022-07-21 16:00:00,33.16,30.74,23.35,23.33,1,0.149,1.222,2.004,0.346,2.395,5.968,1.0,1.05,0,0.0,0.889,0.019
2022-07-21 17:00:00,34.16,32.47,22.56,23.33,2,0.175,1.829,0.579,1.095,3.031,6.534,2.0,1.05,0,0.0,1.141,1.533
2022-07-21 18:00:00,33.1,32.08,22.78,23.33,3,0.094,0.953,2.083,0.353,3.366,6.755,3.0,0.95,1,0.041,0.678,1.653
2022-07-21 19:00:00,36.13,34.32,22.0,23.33,1,0.08,0.868,2.878,0.392,2.8,6.938,1.0,0.91,1,0.014,0.569,1.33
2022-07-21 20:00:00,32.84,31.37,22.73,23.33,3,0.112,2.103,0.698,0.306,3.38,6.488,3.0,1.06,1,-0.03,0.698,1.788
2022-07-21 21:00:00,34.39,31.75,24.16,23.33,2,0.116,0.088,1.956,0.51,2.551,5.105,2.0,1.01,0,0.0,0.59,1.666
2022-07-21 22:00:00,34.76,33.08,22.24,23.33,2,0.119,2.437,2.789,0.752,3.127,9.105,2.0,1.04,1,0.041,1.123,2.175
2022-07-21 23:00:00,34.58,31.93,23.06,23.33,3,0.109,1.62,0.524,1.188,3.281,6.614,3.0,1.06,1,-0.044,0.675,0.801
2022-07-22 00:00:00,34.03,33.03,22.09,23.33,2,0.102,1.081,2.077,0.993,3.172,7.324,2.0,0.98,0,0.0,0.747,2.474
2022-07-22 01:00:00,34.13,32.51,23.43,23.33,0,0.091,1.57,1.687,0.58,1.97,5.808,0.0,0.93,1,-0.001,0.526,0.0
2022-07-22 02:00:00,34.34,32.86,22.74,23.33,1,0.12,0.307,1.367,0.776,2.578,5.028,1.0,1.06,1,-0.048,0.555,0.59
2022-07-22 03:00:00,34.19,32.73,22.0,23.33,2,0.104,1.285,2.069,0.823,3.2,7.377,2.0,0.99,0,0.0,0.764,2.66
2022-07-22 04:00:00,35.34,34.21,24.6,23.33,0,0.107,2.463,0.632,1.023,1.62,5.738,1.0,1.07,0,0.0,0.615,0.0
2022-07-22 05:00:00,36.63,35.25,24.11,23.33,1,0.107,0.588,2.383,0.936,2.166,6.073,1.0,0.99,0,0.0,0.652,0.785
2022-07-22 06:00:00,33.9,31.79,22.27,23.33,3,0.114,1.806,0.511,0.769,3.518,6.604,2.0,0.94,1,0.049,0.801,3.168
2022-07-22 07:00:00,33.12,31.54,23.6,23.33,2,0.08,1.087,1.267,0.869,2.721,5.945,1.0,0.93,0,0.0,0.478,0.535
2022-07-22 08:00:00,34.44,32.6,23.64,23.33,3,0.089,1.631,1.76,0.946,3.107,7.443,2.0,1.05,0,0.0,0.661,0.945
2022-07-22 09:00:00,37.14,35.39,23.77,23.33,2,0.107,0.512,1.443,0.333,2.669,4.957,2.0,1.01,0,0.0,0.528,0.882
2022-07-22 10:00:00,33.79,31.04,22.0,23.33,0,0.159,1.176,1.269,0.4,2.4,5.245,0.0,0.98,1,0.016,0.85,0.0
2022-07-22 11:00:00,36.26,33.45,24.21,23.33,0,0.162,2.45,2.577,0.889,1.738,7.654,0.0,1.0,0,0.0,1.243,0.0
2022-07-22 12:00:00,36.33,34.34,22.32,23.33,0,0.177,0.488,2.837,1.05,2.305,6.681,0.0,1.01,1,0.0,1.184,0.0
2022-07-22 13:00:00,34.13,32.47,22.57,23.33,0,0.186,1.591,2.684,0.609,2.229,7.113,0.0,0.95,1,-0.024,1.297,0.0
2022-07-22 14:00:00,35.28,34.06,26.17,23.33,1,0.184,1.439,1.806,1.18,1.55,5.975,1.0,0.98,1,0.045,1.145,2.835
2022-07-22 15:00:00,36.36,33.46,23.36,23.33,0,0.189,1.413,2.71,0.416,1.991,6.53,0.0,0.96,1,-0.044,1.189,0.0
2022-07-22 16:00:00,34.38,33.26,22.54,23.33,0,0.142,1.538,2.802,0.617,2.239,7.196,0.0,0.98,0,0.0,1.021,0.0
2022-07-22 17:00:00,34.58,32.99,22.0,23.33,0,0.143,1.256,1.523,0.579,2.4,5.757,0.0,1.0,1,0.039,0.862,0.0
2022-07-22 18:00:00,34.22,32.63,24.67,23.33,2,0.117,0.042,1.209,1.13,2.4,4.781,3.0,0.93,1,-0.002,0.557,2.675
2022-07-22 19:00:00,33.81,32.17,22.0,23.33,3,0.102,2.25,0.746,0.485,3.6,7.081,3.0,0.98,1,0.01,0.733,3.99
2022-07-22 20:00:00,34.2,32.87,22.0,23.33,3,0.112,2.067,1.698,0.671,3.6,8.036,3.0,0.98,1,0.015,0.912,3.99
2022-07-22 21:00:00,33.64,31.08,22.6,23.33,2,0.089,0.435,2.866,0.387,3.019,6.708,2.0,0.96,1,-0.043,0.551,1.455
2022-07-22 22:00:00,34.92,33.67,24.7,23.33,2,0.094,1.033,1.902,0.721,2.39,6.047,2.0,1.1,0,0.0,0.567,2.739
2022-07-22 23:00:00,34.13,31.86,23.93,23.33,3,0.115,1.926,2.169,1.057,3.022,8.174,3.0,0.91,0,0.0,0.94,1.794
2022-07-23 00:00:00,35.15,33.9,22.81,23.33,1,0.082,2.45,0.782,0.504,2.557,6.293,1.0,1.03,0,0.0,0.516,0.519
2022-07-23 01:00:00,33.37,32.23,23.37,23.33,0,0.1,2.378,0.859,1.011,1.989,6.236,0.0,0.93,0,0.0,0.627,0.0
2022-07-23 02:00:00,35.27,32.45,22.28,23.33,1,0.099,2.248,1.661,1.111,2.716,7.737,1.0,1.07,1,0.018,0.786,1.05
2022-07-23 03:00:00,35.79,34.41,23.17,23.33,1,0.11,0.396,2.878,0.273,2.45,5.997,1.0,1.08,0,0.0,0.66,0.162
2022-07-23 04:00:00,32.97,30.33,23.09,23.33,0,0.091,2.286,1.402,0.956,2.074,6.718,0.0,0.98,0,0.0,0.613,0.0
2022-07-23 05:00:00,35.35,33.26,24.16,23.33,2,0.089,2.196,2.694,0.455,2.551,7.896,2.0,1.06,1,-0.004,0.697,1.665
2022-07-23 06:00:00,36.21,35.05,24.16,23.33,3,0.117,0.942,0.801,0.375,2.952,5.07,3.0,0.95,1,0.036,0.629,2.492
2022-07-23 07:00:00,33.78,30.87,23.59,23.33,3,0.103,0.986,2.043,0.801,3.122,6.952,3.0,0.93,1,-0.022,0.693,0.788
2022-07-23 08:00:00,36.66,35.17,22.57,23.33,2,0.084,1.15,2.002,0.906,3.03,7.087,2.0,0.96,1,-0.03,0.567,1.53
2022-07-23 09:00:00,35.41,32.7,23.89,23.33,3,0.088,1.64,2.65,0.595,3.033,7.918,2.0,0.97,1,0.033,0.728,1.681
2022-07-23 10:00:00,34.29,32.96,22.89,23.33,0,0.153,0.652,0.508,0.239,2.133,3.533,0.0,0.98,1,-0.017,0.523,0.0
2022-07-23 11:00:00,34.94,32.24,22.0,23.33,2,0.171,0.057,0.975,1.109,3.2,5.341,1.0,0.97,0,0.0,0.916,2.66
2022-07-23 12:00:00,35.56,34.53,22.52,23.33,0,0.191,0.353,1.049,0.931,2.245,4.578,0.0,0.98,1,0.029,0.902,0.0
2022-07-23 13:00:00,35.07,33.05,23.1,23.33,0,0.147,1.1,2.875,0.472,2.07,6.516,0.0,1.04,0,0.0,0.956,0.0
2022-07-23 14:00:00,35.53,33.0,24.09,23.33,1,0.188,0.705,0.884,0.697,2.172,4.458,1.0,0.95,1,-0.006,0.831,0.762
2022-07-23 15:00:00,34.07,31.2,22.78,23.33,2,0.151,1.911,0.592,0.228,2.966,5.698,2.0,0.9,1,-0.025,0.835,1.1
2022-07-23 16:00:00,35.16,32.34,22.0,23.33,2,0.188,0.267,1.836,0.539,3.2,5.842,2.0,1.0,1,0.026,1.128,2.66
2022-07-23 17:00:00,33.57,30.93,23.07,23.33,1,0.177,2.294,1.821,0.723,2.48,7.317,1.0,0.99,1,-0.032,1.261,0.262
2022-07-23 18:00:00,34.86,32.09,23.14,23.33,2,0.115,2.238,2.61,0.717,2.859,8.425,2.0,0.91,1,0.043,1.013,0.388
2022-07-23 19:00:00,34.06,32.66,23.22,23.33,2,0.098,2.272,2.872,0.408,2.833,8.385,3.0,0.93,1,-0.035,0.785,0.214
2022-07-23 20:00:00,34.22,32.65,24.1,23.33,3,0.117,1.849,1.846,0.977,2.969,7.641,3.0,1.0,0,0.0,0.896,2.322
2022-07-23 21:00:00,36.18,34.6,24.22,23.33,2,0.1,0.267,2.825,0.499,2.533,6.125,2.0,0.95,0,0.0,0.611,1.785
2022-07-23 22:00:00,36.02,34.27,22.29,23.33,3,0.108,1.095,2.313,0.78,3.514,7.703,3.0,1.08,0,0.0,0.83,3.129
2022-07-23 23:00:00,35.53,33.74,22.26,23.33,1,0.083,0.329,1.161,0.472,2.722,4.683,1.0,0.93,0,0.0,0.388,1.069
2022-07-24 00:00:00,33.81,31.72,22.0,23.33,1,0.11,2.469,2.821,0.625,2.8,8.715,1.0,0.9,0,0.0,0.957,1.33
2022-07-24 01:00:00,34.57,33.25,23.84,23.33,0,0.094,0.833,2.169,0.408,1.848,5.257,0.0,0.99,1,-0.036,0.455,0.0
2022-07-24 02:00:00,36.08,33.7,24.74,23.33,0,0.094,1.463,1.535,0.833,1.578,5.41,0.0,1.1,0,0.0,0.509,0.0
2022-07-24 03:00:00,34.99,33.66,22.62,23.33,1,0.085,1.948,2.201,0.626,2.613,7.388,1.0,1.03,1,0.037,0.663,0.708
2022-07-24 04:00:00,37.15,35.53,22.71,23.33,2,0.086,2.302,1.503,0.216,2.987,7.008,1.0,0.97,0,0.0,0.602,1.239
2022-07-24 05:00:00,35.2,33.2,24.76,23.33,0,0.087,1.889,0.785,0.228,1.572,4.474,0.0,0.9,1,0.047,0.438,0.0
2022-07-24 06:00:00,34.98,32.39,23.61,23.33,2,0.093,1.686,2.297,0.671,2.718,7.373,2.0,1.0,0,0.0,0.687,0.553
2022-07-24 07:00:00,34.45,31.97,23.52,23.33,2,0.116,1.165,2.56,0.383,2.743,6.851,2.0,0.94,1,0.016,0.808,0.387
2022-07-24 08:00:00,34.87,32.58,22.0,23.33,1,0.095,1.514,2.322,0.785,2.8,7.421,1.0,1.03,1,0.036,0.739,1.33
2022-07-24 09:00:00,34.56,33.25,23.81,23.33,2,0.109,0.235,1.073,0.608,2.656,4.572,2.0,1.02,0,0.0,0.498,0.969
2022-07-24 10:00:00,35.39,33.3,22.0,23.33,1,0.186,2.21,2.892,0.854,2.8,8.756,1.0,0.95,0,0.0,1.625,1.33
2022-07-24 11:00:00,35.61,34.44,22.0,23.33,1,0.174,1.359,0.563,1.152,2.8,5.875,1.0,0.91,0,0.0,1.021,1.33
2022-07-24 12:00:00,33.84,32.09,22.58,23.33,0,0.191,0.1,1.332,0.729,2.225,4.386,0.0,1.05,1,-0.039,0.8,0.0
2022-07-24 13:00:00,33.26,31.44,22.3,23.33,1,0.194,2.3,1.15,0.987,2.711,7.148,1.0,1.02,1,-0.015,1.37,1.033
2022-07-24 14:00:00,32.73,31.65,22.73,23.33,1,0.179,1.223,0.62,0.953,2.58,5.376,1.0,1.07,1,0.023,0.985,0.596
2022-07-24 15:00:00,35.04,33.49,22.0,23.33,2,0.184,2.171,1.514,1.122,3.2,8.008,2.0,0.95,0,0.0,1.47,2.66
2022-07-24 16:00:00,33.39,30.48,24.15,23.33,1,0.173,2.142,2.058,0.414,2.155,6.769,1.0,1.03,0,0.0,1.171,0.821
2022-07-24 17:00:00,32.31,29.4,24.35,23.33,0,0.163,2.039,2.706,1.027,1.694,7.467,0.0,0.92,0,0.0,1.218,0.0
2022-07-24 18:00:00,34.81,33.11,22.0,23.33,3,0.102,0.154,2.974,1.106,3.6,7.833,3.0,0.96,0,0.0,0.803,3.99
2022-07-24 19:00:00,36.88,35.79,24.17,23.33,3,0.083,0.618,2.52,0.593,2.948,6.678,3.0,1.03,0,0.0,0.554,2.532
2022-07-24 20:00:00,34.34,32.98,22.03,23.33,3,0.094,2.189,1.672,0.514,3.592,7.966,3.0,1.07,0,0.0,0.748,3.908
2022-07-24 21:00:00,35.14,33.36,24.03,23.33,1,0.089,2.247,2.309,1.152,2.191,7.9,1.0,0.96,1,-0.049,0.655,0.698
2022-07-24 22:00:00,34.34,31.45,22.92,23.33,3,0.109,1.145,2.609,0.828,3.325,7.907,3.0,1.06,0,0.0,0.86,1.236
2022-07-24 23:00:00,34.12,32.84,23.03,23.33,3,0.1,1.1,1.663,0.581,3.29,6.634,3.0,1.04,0,0.0,0.661,0.886
2022-07-25 00:00:00,35.09,32.57,22.78,23.33,0,0.11,0.438,2.463,0.992,2.167,6.059,0.0,0.97,1,0.007,0.674,0.0
2022-07-25 01:00:00,33.84,32.62,24.45,23.33,0,0.101,2.421,1.707,0.504,1.664,6.296,0.0,1.08,1,0.023,0.657,0.0
2022-07-25 02:00:00,34.35,31.39,22.0,23.33,2,0.083,0.533,1.466,0.376,3.2,5.575,2.0,1.0,1,0.015,0.481,2.66
2022-07-25 03:00:00,34.36,32.59,23.73,23.33,0,0.109,0.477,1.815,0.744,1.881,4.918,0.0,1.03,0,0.0,0.538,0.0
2022-07-25 04:00:00,33.32,30.77,24.32,23.33,0,0.113,1.652,2.19,0.766,1.704,6.311,0.0,1.0,1,-0.012,0.704,0.0
2022-07-25 05:00:00,34.93,33.24,23.86,23.33,0,0.116,0.607,2.317,1.026,1.842,5.792,0.0,0.99,1,0.044,0.717,0.0
2022-07-25 06:00:00,33.71,31.46,25.79,23.33,2,0.103,2.347,1.392,0.657,2.063,6.459,2.0,1.07,0,0.0,0.664,4.919
2022-07-25 07:00:00,33.08,31.69,22.37,23.33,3,0.11,0.027,1.928,1.015,3.49,6.461,3.0,0.96,0,0.0,0.712,2.894
2022-07-25 08:00:00,34.32,33.03,24.15,23.33,3,0.11,0.014,2.775,0.511,2.955,6.256,3.0,0.91,1,-0.03,0.658,2.456
2022-07-25 09:00:00,32.83,29.95,22.87,23.33,1,0.086,1.262,2.941,0.775,2.538,7.517,1.0,1.08,1,-0.005,0.643,0.457
2022-07-25 10:00:00,33.7,30.86,24.48,23.33,0,0.198,1.22,1.068,0.408,1.656,4.353,0.0,1.07,0,0.0,0.863,0.0
2022-07-25 11:00:00,33.61,30.83,22.99,23.33,0,0.182,0.408,0.982,0.585,2.103,4.079,0.0,0.97,0,0.0,0.744,0.0
2022-07-25 12:00:00,34.64,32.39,22.53,23.33,2,0.16,1.236,2.192,1.058,3.04,7.525,2.0,0.94,1,0.017,1.222,1.591
2022-07-25 13:00:00,33.97,31.36,24.57,23.33,0,0.149,1.029,1.537,0.416,1.63,4.612,0.0,1.04,0,0.0,0.686,0.0
2022-07-25 14:00:00,33.41,32.28,22.41,23.33,2,0.149,2.226,0.561,1.01,3.077,6.874,2.0,0.92,1,0.018,1.039,1.84
2022-07-25 15:00:00,34.2,32.53,22.0,23.33,0,0.15,0.023,1.367,0.483,2.4,4.273,0.0,0.98,0,0.0,0.641,0.0
2022-07-25 16:00:00,34.71,33.08,22.38,23.33,0,0.143,2.441,2.517,0.234,2.286,7.478,0.0,0.92,1,0.028,1.095,0.0
2022-07-25 17:00:00,33.81,31.54,23.74,23.33,1,0.194,1.561,2.494,0.31,2.277,6.642,1.0,1.02,0,0.0,1.289,0.413
2022-07-25 18:00:00,33.2,31.49,24.67,23.33,2,0.088,0.38,1.737,0.946,2.399,5.461,2.0,0.91,0,0.0,0.482,2.681
2022-07-25 19:00:00,31.81,30.52,23.13,23.33,2,0.082,0.117,1.681,0.462,2.86,5.12,2.0,1.03,1,-0.039,0.383,0.393
2022-07-25 20:00:00,31.99,29.8,24.58,23.33,3,0.102,1.345,1.949,0.854,2.825,6.974,3.0,1.03,0,0.0,0.71,3.756
2022-07-25 21:00:00,32.69,30.06,22.0,23.33,3,0.108,0.587,1.048,0.899,3.6,6.135,3.0,1.0,0,0.0,0.663,3.99
2022-07-25 22:00:00,32.31,30.55,22.47,23.33,3,0.12,0.753,1.815,0.545,3.46,6.573,3.0,0.94,1,0.041,0.829,2.586
2022-07-25 23:00:00,32.67,31.4,22.65,23.33,3,0.094,0.613,0.528,0.675,3.404,5.219,3.0,0.92,0,0.0,0.492,2.029
2022-07-26 00:00:00,32.84,31.45,22.86,23.33,0,0.116,1.625,1.689,0.604,2.141,6.059,1.0,0.96,0,0.0,0.702,0.0
2022-07-26 01:00:00,33.24,31.77,23.1,23.33,1,0.095,1.384,1.34,1.147,2.47,6.341,1.0,0.99,0,0.0,0.604,0.229
2022-07-26 02:00:00,32.57,30.97,23.83,23.33,1,0.108,0.195,2.187,0.52,2.251,5.153,1.0,1.03,1,0.013,0.567,0.499
2022-07-26 03:00:00,33.06,30.77,22.47,23.33,2,0.104,1.316,2.096,0.383,3.06,6.856,2.0,0.9,1,0.012,0.725,1.728
2022-07-26 04:00:00,32.56,30.36,23.17,23.33,2,0.082,1.978,1.452,0.566,2.85,6.846,2.0,1.04,1,-0.001,0.561,0.326
2022-07-26 05:00:00,30.45,28.05,22.95,23.33,2,0.083,0.203,0.518,0.87,2.916,4.507,2.0,1.04,1,-0.049,0.325,0.768
2022-07-26 06:00:00,31.41,29.68,22.0,23.33,3,0.081,2.224,1.131,0.897,3.6,7.852,3.0,0.99,0,0.0,0.635,3.99
2022-07-26 07:00:00,32.12,29.48,22.86,23.33,1,0.095,1.446,2.083,1.124,2.541,7.194,1.0,0.97,0,0.0,0.682,0.466
2022-07-26 08:00:00,30.98,29.57,22.83,23.33,3,0.11,2.377,0.681,1.082,3.352,7.491,3.0,1.07,1,0.016,0.839,1.507
2022-07-26 09:00:00,32.71,30.77,22.8,23.33,2,0.087,0.37,0.769,0.488,2.959,4.587,2.0,1.06,1,-0.025,0.374,1.056
2022-07-26 10:00:00,33.56,30.96,23.04,23.33,2,0.16,2.484,2.118,0.655,2.889,8.145,1.0,1.1,1,-0.005,1.298,0.584
2022-07-26 11:00:00,33.17,31.81,23.09,23.33,0,0.144,1.611,2.389,0.947,2.073,7.02,0.0,0.97,1,-0.015,0.994,0.0
2022-07-26 12:00:00,31.66,30.44,22.48,23.33,2,0.171,1.419,1.304,1.117,3.056,6.895,2.0,1.08,0,0.0,1.181,1.698
2022-07-26 13:00:00,33.28,30.51,24.53,23.33,0,0.189,1.288,1.724,0.537,1.642,5.191,0.0,0.92,1,0.046,1.027,0.0
2022-07-26 14:00:00,31.86,30.17,22.0,23.33,2,0.152,0.059,2.864,0.644,3.2,6.768,2.0,0.98,1,0.043,1.075,2.66
2022-07-26 15:00:00,31.29,28.92,22.13,23.33,0,0.172,2.349,2.864,1.099,2.36,8.672,1.0,0.99,0,0.0,1.489,0.0
2022-07-26 16:00:00,30.93,29.87,26.34,23.33,0,0.152,1.61,1.269,0.558,1.099,4.536,0.0,0.99,0,0.0,0.691,0.0
2022-07-26 17:00:00,31.15,28.77,22.0,23.33,0,0.147,0.229,2.525,0.681,2.4,5.835,0.0,1.03,1,-0.001,0.858,0.0
2022-07-26 18:00:00,30.98,29.35,22.0,23.33,2,0.087,0.052,1.985,1.105,3.2,6.342,2.0,0.93,1,0.027,0.582,2.66
2022-07-26 19:00:00,31.45,30.34,23.88,23.33,2,0.092,0.127,2.939,1.002,2.636,6.704,2.0,1.07,1,-0.035,0.579,1.103
2022-07-26 20:00:00,31.35,29.13,22.0,23.33,3,0.087,1.523,1.694,0.443,3.6,7.261,3.0,1.01,1,-0.037,0.598,3.99
2022-07-26 21:00:00,31.11,29.63,22.72,23.33,3,0.107,1.535,2.437,0.525,3.385,7.881,3.0,1.08,1,0.039,0.882,1.837
2022-07-26 22:00:00,31.45,29.68,25.57,23.33,2,0.107,1.249,2.42,0.553,2.128,6.35,2.0,0.9,0,0.0,0.682,4.49
2022-07-26 23:00:00,32.12,30.95,22.0,23.33,2,0.106,0.767,1.744,1.113,3.2,6.823,2.0,1.03,1,-0.003,0.721,2.66
2022-07-27 00:00:00,31.78,30.49,22.0,23.33,0,0.097,1.329,2.489,1.199,2.4,7.417,1.0,0.98,0,0.0,0.717,0.0
2022-07-27 01:00:00,29.26,27.66,22.0,23.33,2,0.084,1.291,1.153,0.974,3.2,6.617,2.0,1.0,1,0.017,0.573,2.66
2022-07-27 02:00:00,28.1,26.92,24.08,23.33,2,0.116,0.049,0.806,0.684,2.577,4.115,2.0,1.05,1,-0.031,0.448,1.496
2022-07-27 03:00:00,31.49,28.67,24.35,23.33,0,0.1,0.706,1.563,0.21,1.695,4.174,0.0,0.95,1,-0.017,0.402,0.0
2022-07-27 04:00:00,29.1,28.08,22.38,23.33,1,0.096,0.133,2.859,0.897,2.685,6.574,1.0,0.94,0,0.0,0.633,0.945
2022-07-27 05:00:00,30.14,28.18,23.82,23.33,1,0.104,2.25,1.752,0.589,2.254,6.846,0.0,1.04,1,0.027,0.736,0.49
2022-07-27 06:00:00,29.1,27.86,24.67,23.33,2,0.088,1.813,2.088,0.833,2.4,7.134,2.0,1.0,1,0.049,0.674,2.677
2022-07-27 07:00:00,28.38,26.76,25.14,23.33,3,0.085,2.49,2.06,0.807,2.657,8.014,3.0,0.95,1,0.005,0.688,5.444
2022-07-27 08:00:00,30.62,27.77,22.7,23.33,2,0.096,0.755,0.831,0.681,2.989,5.256,2.0,1.0,0,0.0,0.506,1.251
2022-07-27 09:00:00,30.74,29.42,22.0,23.33,2,0.089,2.196,1.476,1.144,3.2,8.016,2.0,0.99,0,0.0,0.714,2.66
2022-07-27 10:00:00,29.31,26.38,22.01,23.33,0,0.194,1.508,2.267,0.223,2.396,6.394,0.0,1.04,1,-0.028,1.215,0.0
2022-07-27 11:00:00,27.2,25.79,22.49,23.33,0,0.191,1.133,2.93,0.912,2.254,7.229,0.0,0.9,1,-0.016,1.364,0.0
2022-07-27 12:00:00,29.14,26.66,22.69,23.33,1,0.189,0.556,0.92,0.61,2.593,4.68,1.0,1.02,0,0.0,0.887,0.641
2022-07-27 13:00:00,29.98,27.89,22.77,23.33,0,0.185,1.846,1.526,0.914,2.168,6.454,0.0,1.02,1,0.009,1.201,0.0
2022-07-27 14:00:00,28.01,25.24,24.34,23.33,0,0.178,2.26,0.738,0.875,1.697,5.571,0.0,1.05,1,0.035,1.027,0.0
2022-07-27 15:00:00,29.57,27.47,24.53,23.33,0,0.181,0.588,1.106,0.21,1.641,3.546,0.0,1.08,0,0.0,0.641,0.0
2022-07-27 16:00:00,29.27,27.21,22.79,23.33,0,0.188,0.438,1.442,0.485,2.162,4.528,0.0,0.99,0,0.0,0.853,0.0
2022-07-27 17:00:00,29.77,28.38,24.32,23.33,0,0.18,1.741,1.852,0.389,1.705,5.686,0.0,0.97,0,0.0,1.022,0.0
2022-07-27 18:00:00,29.21,27.87,23.43,23.33,2,0.103,2.442,1.076,0.367,2.771,6.657,2.0,0.92,0,0.0,0.688,0.198
2022-07-27 19:00:00,28.01,25.18,23.08,23.33,3,0.086,1.875,1.069,0.928,3.277,7.149,3.0,0.97,0,0.0,0.614,0.758
2022-07-27 20:00:00,30.08,28.42,24.09,23.33,2,0.092,0.711,2.445,0.44,2.574,6.169,2.0,0.91,1,-0.036,0.531,1.516
2022-07-27 21:00:00,28.62,26.87,23.09,23.33,3,0.099,1.05,2.907,0.675,3.274,7.905,3.0,1.06,0,0.0,0.785,0.73
2022-07-27 22:00:00,28.64,26.13,25.47,23.33,3,0.108,0.961,1.309,0.447,2.559,5.276,3.0,1.06,0,0.0,0.568,6.418
2022-07-27 23:00:00,27.63,25.96,22.0,23.33,3,0.09,2.13,2.22,0.78,3.6,8.73,3.0,0.98,0,0.0,0.783,3.99
2022-07-28 00:00:00,28.02,25.11,22.38,23.33,0,0.101,1.928,1.145,0.921,2.285,6.28,0.0,0.95,1,0.035,0.672,0.0
2022-07-28 01:00:00,27.47,25.0,22.85,23.33,2,0.107,1.472,2.82,0.531,2.946,7.769,2.0,0.92,0,0.0,0.834,0.964
2022-07-28 02:00:00,28.08,25.88,23.53,23.33,0,0.098,0.687,2.182,0.803,1.942,5.614,0.0,1.07,1,-0.031,0.519,0.0
2022-07-28 03:00:00,29.86,27.09,24.52,23.33,2,0.115,2.345,2.507,1.025,2.444,8.32,2.0,1.08,0,0.0,0.953,2.383
2022-07-28 04:00:00,26.67,25.57,22.97,23.33,0,0.115,1.633,0.623,0.294,2.109,4.66,0.0,0.95,0,0.0,0.535,0.0
2022-07-28 05:00:00,26.32,24.8,22.0,23.33,2,0.099,2.426,1.996,0.911,3.2,8.533,2.0,1.02,1,-0.043,0.8,2.66
2022-07-28 06:00:00,29.29,27.36,24.01,23.33,2,0.119,1.45,1.819,0.523,2.597,6.389,2.0,0.95,1,-0.017,0.743,1.362
2022-07-28 07:00:00,27.51,26.05,23.91,23.33,2,0.083,2.053,1.232,0.323,2.628,6.236,2.0,0.95,1,0.015,0.533,1.152
2022-07-28 08:00:00,26.94,24.45,22.0,23.33,3,0.08,2.033,1.156,0.746,3.6,7.534,3.0,0.9,1,-0.014,0.59,3.99
2022-07-28 09:00:00,28.54,25.7,23.0,23.33,2,0.095,0.843,1.95,0.426,2.901,6.121,2.0,1.02,0,0.0,0.583,0.669
2022-07-28 10:00:00,26.78,24.94,22.0,23.33,1,0.163,2.41,2.266,1.021,2.8,8.498,1.0,0.93,1,-0.017,1.366,1.33
2022-07-28 11:00:00,29.11,27.42,22.2,23.33,2,0.178,0.055,0.583,0.243,3.139,4.02,2.0,0.9,1,0.032,0.748,2.255
2022-07-28 12:00:00,27.85,24.93,22.0,23.33,2,0.189,1.922,1.919,0.299,3.2,7.339,2.0,0.92,1,0.047,1.432,2.66
2022-07-28 13:00:00,26.57,24.68,23.97,23.33,0,0.158,2.414,0.926,0.721,1.809,5.87,0.0,0.96,0,0.0,0.926,0.0
2022-07-28 14:00:00,29.11,27.13,23.14,23.33,1,0.153,0.847,0.851,0.789,2.458,4.945,0.0,1.03,0,0.0,0.756,0.19
2022-07-28 15:00:00,26.24,24.53,22.0,23.33,0,0.18,1.62,2.058,0.93,2.4,7.008,0.0,0.94,1,-0.039,1.222,0.0
2022-07-28 16:00:00,27.47,24.65,24.06,23.33,1,0.18,1.406,1.277,0.459,2.183,5.325,1.0,1.08,1,0.018,0.978,0.726
2022-07-28 17:00:00,26.92,24.78,22.0,23.33,0,0.194,1.904,1.602,1.042,2.4,6.948,0.0,0.96,0,0.0,1.348,0.0
2022-07-28 18:00:00,27.81,25.29,23.4,23.33,2,0.107,2.165,1.4,1.153,2.781,7.5,2.0,0.97,0,0.0,0.799,0.132
2022-07-28 19:00:00,27.96,25.34,22.02,23.33,1,0.104,1.508,2.121,0.699,2.793,7.121,1.0,0.94,0,0.0,0.74,1.307
2022-07-28 20:00:00,26.32,24.64,22.56,23.33,1,0.088,2.04,1.675,0.961,2.632,7.307,1.0,0.95,1,-0.043,0.601,0.769
2022-07-28 21:00:00,25.42,23.55,23.61,23.33,2,0.097,0.781,2.909,0.725,2.718,7.133,2.0,0.91,0,0.0,0.693,0.55
2022-07-28 22:00:00,26.52,23.83,23.63,23.33,2,0.108,0.571,1.381,0.269,2.712,4.934,2.0,0.96,0,0.0,0.532,0.591
2022-07-28 23:00:00,25.27,23.55,24.6,23.33,3,0.101,1.077,2.351,0.526,2.819,6.772,3.0,1.07,1,0.049,0.736,3.823
2022-07-29 00:00:00,27.85,25.27,22.9,23.33,0,0.081,1.694,1.143,0.287,2.13,5.255,0.0,1.04,0,0.0,0.424,0.0
2022-07-29 01:00:00,25.87,22.98,23.37,23.33,1,0.118,0.468,1.772,1.189,2.39,5.819,1.0,1.08,0,0.0,0.687,0.038
2022-07-29 02:00:00,25.25,23.01,22.47,23.33,0,0.114,1.701,1.881,0.429,2.258,6.269,0.0,0.92,0,0.0,0.713,0.0
2022-07-29 03:00:00,25.69,23.21,23.22,23.33,2,0.09,0.985,1.323,0.836,2.834,5.978,2.0,0.99,0,0.0,0.541,0.223
2022-07-29 04:00:00,24.05,21.44,23.53,23.33,2,0.105,1.989,1.679,0.484,2.742,6.895,2.0,0.95,0,0.0,0.722,0.395
2022-07-29 05:00:00,24.31,21.62,22.88,23.33,0,0.117,0.092,1.198,0.853,2.135,4.279,0.0,1.04,0,0.0,0.5,0.0
2022-07-29 06:00:00,26.37,24.58,22.0,23.33,3,0.084,1.67,0.515,0.41,3.6,6.195,3.0,1.09,0,0.0,0.519,3.99
2022-07-29 07:00:00,24.4,23.3,23.4,23.33,1,0.1,1.625,1.039,0.985,2.381,6.03,1.0,1.06,1,-0.023,0.581,0.068
2022-07-29 08:00:00,23.9,22.09,23.44,23.33,3,0.098,2.352,2.25,0.311,3.169,8.082,3.0,0.91,0,0.0,0.794,0.322
2022-07-29 09:00:00,25.37,23.02,22.18,23.33,2,0.096,1.783,2.427,1.095,3.145,8.451,2.0,0.96,1,-0.001,0.813,2.292
2022-07-29 10:00:00,25.91,24.0,22.0,23.33,0,0.155,1.991,1.201,1.04,2.4,6.632,0.0,0.91,0,0.0,1.029,0.0
2022-07-29 11:00:00,25.33,22.83,24.77,23.33,1,0.154,2.261,1.52,0.879,1.969,6.629,1.0,0.91,0,0.0,1.02,1.441
2022-07-29 12:00:00,25.49,23.78,23.59,23.33,2,0.177,1.688,0.593,0.267,2.723,5.272,2.0,0.92,1,-0.037,0.894,0.519
2022-07-29 13:00:00,23.63,21.36,22.73,23.33,0,0.171,0.725,1.093,0.409,2.182,4.409,0.0,0.96,0,0.0,0.756,0.0
2022-07-29 14:00:00,22.85,21.48,22.0,23.33,0,0.14,2.174,2.448,1.059,2.4,8.082,0.0,0.96,0,0.0,1.135,0.0
2022-07-29 15:00:00,25.66,23.16,22.01,23.33,2,0.19,1.869,2.015,0.322,3.196,7.402,2.0,0.98,1,-0.026,1.379,2.632
2022-07-29 16:00:00,23.72,21.63,24.56,23.33,1,0.182,1.061,1.014,0.356,2.031,4.463,1.0,0.98,1,-0.024,0.789,1.233
2022-07-29 17:00:00,23.68,22.28,23.17,23.33,1,0.18,1.776,1.144,0.744,2.45,6.114,1.0,1.05,1,-0.004,1.094,0.165
2022-07-29 18:00:00,25.15,23.57,22.34,23.33,2,0.106,2.169,2.542,0.474,3.098,8.284,2.0,0.93,1,0.001,0.878,1.981
2022-07-29 19:00:00,24.27,21.77,23.61,23.33,1,0.107,2.439,1.023,0.422,2.317,6.2,1.0,0.93,0,0.0,0.666,0.282
2022-07-29 20:00:00,24.06,22.09,22.02,23.33,3,0.09,2.381,1.335,0.776,3.593,8.085,3.0,1.03,1,0.041,0.77,3.922
2022-07-29 21:00:00,25.66,24.22,24.8,23.33,2,0.104,0.813,2.161,0.573,2.36,5.906,3.0,1.01,1,0.005,0.62,2.942
2022-07-29 22:00:00,22.74,19.8,24.62,23.33,2,0.107,1.054,1.903,0.341,2.413,5.711,2.0,0.93,0,0.0,0.613,2.587
2022-07-29 23:00:00,24.2,21.77,22.44,23.33,1,0.099,0.274,1.652,0.735,2.668,5.329,1.0,1.07,1,0.042,0.568,0.89
2022-07-30 00:00:00,23.22,20.3,22.25,23.33,0,0.093,0.619,2.749,0.587,2.326,6.282,0.0,0.97,0,0.0,0.587,0.0
2022-07-30 01:00:00,23.32,21.46,22.0,23.33,0,0.105,2.206,1.049,0.935,2.4,6.59,0.0,0.97,1,-0.007,0.683,0.0
2022-07-30 02:00:00,24.47,22.52,22.0,23.33,1,0.119,0.902,2.354,0.303,2.8,6.358,1.0,0.98,0,0.0,0.757,1.33
2022-07-30 03:00:00,23.34,20.54,22.0,23.33,0,0.097,1.551,0.898,0.821,2.4,5.67,0.0,0.96,1,-0.015,0.536,0.0
2022-07-30 04:00:00,23.26,21.21,23.16,23.33,1,0.096,1.665,2.039,0.636,2.451,6.792,1.0,1.01,0,0.0,0.65,0.168
2022-07-30 05:00:00,23.68,21.27,22.61,23.33,0,0.099,1.955,2.677,0.606,2.217,7.455,0.0,0.98,1,0.032,0.766,0.0
2022-07-30 06:00:00,22.14,20.63,22.0,23.33,3,0.083,0.457,1.645,0.432,3.6,6.134,3.0,0.95,0,0.0,0.509,3.99
2022-07-30 07:00:00,21.55,19.66,22.66,23.33,1,0.102,0.762,2.311,0.23,2.601,5.904,1.0,1.08,0,0.0,0.603,0.667
2022-07-30 08:00:00,21.24,19.99,23.61,23.33,1,0.093,1.121,2.551,1.048,2.318,7.038,1.0,0.96,1,0.027,0.683,0.276
2022-07-30 09:00:00,20.21,18.8,23.63,23.33,2,0.085,0.912,0.84,0.526,2.71,4.989,2.0,1.04,1,0.008,0.431,0.607
2022-07-30 10:00:00,24.13,23.12,22.0,23.33,0,0.197,2.457,2.265,0.881,2.4,8.003,0.0,0.97,0,0.0,1.573,0.0
2022-07-30 11:00:00,20.86,19.78,22.85,23.33,1,0.152,2.087,2.8,1.148,2.546,8.581,1.0,0.99,1,0.002,1.306,0.484
2022-07-30 12:00:00,21.63,18.68,22.0,23.33,0,0.142,1.199,1.941,0.765,2.4,6.305,0.0,0.95,0,0.0,0.898,0.0
2022-07-30 13:00:00,21.47,19.99,24.08,23.33,0,0.169,2.198,0.965,0.597,1.775,5.536,0.0,1.05,1,-0.025,0.912,0.0
2022-07-30 14:00:00,21.95,19.62,23.94,23.33,0,0.167,0.869,0.817,0.468,1.818,3.972,0.0,1.05,1,0.033,0.697,0.0
2022-07-30 15:00:00,22.35,19.68,22.0,23.33,0,0.16,1.965,1.149,1.134,2.4,6.648,0.0,0.9,1,-0.012,1.051,0.0
2022-07-30 16:00:00,22.29,20.19,22.08,23.33,2,0.197,0.559,0.759,0.882,3.176,5.376,2.0,0.91,1,-0.005,1.057,2.499
2022-07-30 17:00:00,20.74,19.44,22.45,23.33,0,0.189,1.931,1.783,0.865,2.266,6.846,0.0,1.08,1,0.034,1.331,0.0
2022-07-30 18:00:00,21.06,18.6,22.0,23.33,3,0.102,1.141,0.674,0.626,3.6,6.042,3.0,1.08,0,0.0,0.614,3.99
2022-07-30 19:00:00,21.4,19.2,23.4,23.33,2,0.091,0.269,1.059,1.045,2.779,5.151,2.0,1.0,1,0.009,0.479,0.146
2022-07-30 20:00:00,20.77,18.31,22.67,23.33,2,0.1,0.683,1.6,0.914,2.998,6.195,2.0,1.0,1,0.008,0.626,1.315
2022-07-30 21:00:00,22.52,19.98,24.16,23.33,1,0.097,1.006,1.685,0.483,2.151,5.324,1.0,1.06,0,0.0,0.519,0.834
2022-07-30 22:00:00,21.3,18.35,22.0,23.33,3,0.091,1.873,1.913,0.8,3.6,8.186,3.0,0.93,0,0.0,0.743,3.99
2022-07-30 23:00:00,21.45,19.3,22.26,23.33,2,0.108,0.182,2.264,0.63,3.123,6.2,2.0,1.03,1,0.044,0.714,2.146
2022-07-31 00:00:00,21.27,19.59,22.0,23.33,1,0.085,1.649,0.618,0.207,2.8,5.274,1.0,1.0,1,-0.003,0.445,1.33
2022-07-31 01:00:00,21.68,19.39,22.0,23.33,0,0.082,1.79,0.702,1.008,2.4,5.899,0.0,1.05,0,0.0,0.484,0.0
2022-07-31 02:00:00,20.59,19.45,22.0,23.33,1,0.111,1.635,0.652,0.323,2.8,5.41,1.0,0.91,1,0.0,0.599,1.33
2022-07-31 03:00:00,19.01,16.22,24.2,23.33,0,0.107,1.902,1.558,0.71,1.741,5.911,0.0,1.02,0,0.0,0.63,0.0
2022-07-31 04:00:00,20.61,19.37,22.16,23.33,0,0.1,0.445,0.605,0.536,2.351,3.938,0.0,1.01,1,0.017,0.41,0.0
2022-07-31 05:00:00,19.46,17.81,23.15,23.33,0,0.099,1.468,2.365,0.542,2.055,6.43,0.0,1.07,1,-0.028,0.607,0.0
2022-07-31 06:00:00,19.49,16.85,22.54,23.33,3,0.1,2.353,1.058,0.677,3.437,7.525,3.0,1.04,0,0.0,0.752,2.361
2022-07-31 07:00:00,20.5,18.31,22.0,23.33,3,0.097,1.527,2.848,1.197,3.6,9.172,3.0,1.08,0,0.0,0.894,3.99
2022-07-31 08:00:00,21.06,19.27,22.8,23.33,1,0.096,1.528,1.716,0.608,2.561,6.413,1.0,1.08,1,-0.024,0.59,0.532
2022-07-31 09:00:00,19.75,17.8,23.72,23.33,2,0.1,1.841,1.616,0.382,2.684,6.524,2.0,0.98,1,0.014,0.666,0.778
2022-07-31 10:00:00,19.94,17.23,22.0,23.33,0,0.155,0.833,2.451,0.814,2.4,6.498,0.0,0.93,1,0.033,1.039,0.0
2022-07-31 11:00:00,21.24,19.56,23.97,23.33,0,0.156,1.751,2.283,0.436,1.809,6.279,0.0,1.03,1,-0.02,0.957,0.0
2022-07-31 12:00:00,19.68,16.94,22.0,23.33,1,0.193,2.291,2.018,0.306,2.8,7.414,1.0,1.07,1,0.014,1.441,1.33
2022-07-31 13:00:00,21.95,20.78,22.42,23.33,1,0.171,0.027,2.838,0.25,2.674,5.789,0.0,0.91,1,-0.039,0.95,0.91
2022-07-31 14:00:00,19.82,17.27,23.64,23.33,0,0.184,2.175,1.556,0.223,1.909,5.863,0.0,1.01,1,0.047,1.124,0.0
2022-07-31 15:00:00,17.41,14.71,22.2,23.33,1,0.142,0.547,2.521,0.631,2.739,6.438,0.0,0.92,1,-0.044,0.871,1.126
2022-07-31 16:00:00,19.83,18.46,23.05,23.33,1,0.162,1.14,1.45,0.627,2.486,5.703,1.0,0.91,1,-0.006,0.917,0.285
2022-07-31 17:00:00,19.37,17.51,22.62,23.33,0,0.169,2.131,2.596,0.386,2.213,7.326,1.0,1.04,1,0.004,1.24,0.0
2022-07-31 18:00:00,20.19,18.85,23.16,23.33,2,0.116,2.06,1.149,0.984,2.853,7.046,2.0,1.04,0,0.0,0.814,0.35
2022-07-31 19:00:00,19.48,17.07,22.0,23.33,3,0.108,2.23,1.223,0.329,3.6,7.382,3.0,1.02,1,-0.038,0.758,3.99
2022-07-31 20:00:00,18.58,16.51,22.0,23.33,3,0.116,2.351,2.195,1.115,3.6,9.261,3.0,1.07,0,0.0,1.074,3.99
2022-07-31 21:00:00,17.41,15.14,23.74,23.33,1,0.108,1.118,1.032,0.788,2.278,5.216,1.0,0.92,0,0.0,0.565,0.409
2022-07-31 22:00:00,18.34,16.94,24.24,23.33,1,0.119,1.641,1.073,0.228,2.127,5.068,1.0,0.92,0,0.0,0.602,0.915
2022-07-31 23:00:00,17.61,16.19,22.0,23.33,3,0.105,0.976,1.263,1.163,3.6,7.002,3.0,1.07,1,0.028,0.766,3.99
2022-08-01 00:00:00,17.8,16.71,22.71,23.33,1,0.119,0.877,2.197,0.508,2.588,6.17,1.0,1.0,0,0.0,0.731,0.623
2022-08-01 01:00:00,18.88,17.24,23.35,23.33,2,0.086,1.079,2.723,0.65,2.794,7.246,2.0,0.95,0,0.0,0.626,0.047
2022-08-01 02:00:00,19.88,17.76,23.83,23.33,0,0.082,1.858,2.186,0.484,1.85,6.379,0.0,1.05,0,0.0,0.524,0.0
2022-08-01 03:00:00,18.52,15.81,22.0,23.33,0,0.103,1.254,2.57,0.928,2.4,7.152,0.0,1.08,0,0.0,0.738,0.0
2022-08-01 04:00:00,16.85,14.52,22.0,23.33,1,0.119,2.035,1.859,0.686,2.8,7.38,1.0,1.04,1,0.013,0.893,1.33
2022-08-01 05:00:00,18.41,16.54,22.6,23.33,2,0.097,1.863,0.672,0.332,3.02,5.887,2.0,1.06,0,0.0,0.569,1.458
2022-08-01 06:00:00,19.08,16.18,23.84,23.33,1,0.088,0.051,0.751,0.304,2.247,3.353,1.0,0.96,0,0.0,0.297,0.514
2022-08-01 07:00:00,17.2,14.76,26.0,23.33,3,0.101,1.576,1.886,0.925,2.401,6.788,3.0,0.96,1,0.047,0.732,8.004
2022-08-01 08:00:00,17.6,14.74,22.73,23.33,3,0.106,1.091,1.32,0.437,3.382,6.23,3.0,1.07,0,0.0,0.66,1.811
2022-08-01 09:00:00,17.67,15.61,22.0,23.33,2,0.093,1.142,1.051,0.338,3.2,5.731,2.0,1.02,0,0.0,0.531,2.66
2022-08-01 10:00:00,16.79,15.28,23.48,23.33,0,0.176,2.046,1.666,0.699,1.955,6.366,0.0,0.95,1,0.044,1.168,0.0
2022-08-01 11:00:00,18.15,17.05,24.59,23.33,0,0.186,1.369,2.166,1.003,1.624,6.162,0.0,1.0,1,0.032,1.178,0.0
2022-08-01 12:00:00,17.31,14.86,23.13,23.33,1,0.184,2.214,1.462,0.479,2.461,6.616,1.0,1.04,0,0.0,1.22,0.2
2022-08-01 13:00:00,17.78,16.53,22.0,23.33,0,0.18,1.782,2.506,0.476,2.4,7.165,0.0,0.94,0,0.0,1.288,0.0
2022-08-01 14:00:00,16.4,14.79,24.15,23.33,0,0.19,1.382,2.346,1.034,1.755,6.517,0.0,1.03,1,0.036,1.272,0.0
2022-08-01 15:00:00,16.78,14.71,23.8,23.33,0,0.181,1.886,2.337,0.348,1.861,6.433,0.0,0.91,0,0.0,1.165,0.0
2022-08-01 16:00:00,17.87,15.74,22.0,23.33,0,0.172,0.096,2.963,0.817,2.4,6.276,0.0,0.96,1,-0.041,1.039,0.0
2022-08-01 17:00:00,16.7,14.5,23.46,23.33,2,0.154,0.068,1.238,1.155,2.763,5.223,2.0,1.03,1,0.047,0.852,0.255
2022-08-01 18:00:00,18.73,17.4,24.2,23.33,2,0.11,0.208,2.112,1.041,2.541,5.902,2.0,0.93,1,-0.017,0.635,1.733
2022-08-01 19:00:00,16.54,14.78,24.42,23.33,3,0.095,1.094,2.639,0.262,2.875,6.869,3.0,0.94,1,-0.006,0.644,3.265
2022-08-01 20:00:00,17.1,14.87,22.92,23.33,3,0.115,0.589,1.949,0.52,3.324,6.381,3.0,1.08,0,0.0,0.735,1.229
2022-08-01 21:00:00,17.74,14.8,22.57,23.33,2,0.117,2.461,2.474,0.342,3.029,8.306,2.0,1.03,0,0.0,0.972,1.519
2022-08-01 22:00:00,15.33,12.87,24.47,23.33,3,0.081,1.356,1.536,1.149,2.858,6.899,3.0,1.0,1,0.039,0.598,3.428
2022-08-01 23:00:00,14.92,12.08,22.0,23.33,2,0.12,1.656,1.976,1.186,3.2,8.018,2.0,0.94,1,-0.01,0.949,2.66
2022-08-02 00:00:00,15.1,12.57,23.53,23.33,2,0.108,0.697,0.639,0.435,2.742,4.513,2.0,0.97,1,-0.013,0.477,0.393
2022-08-02 01:00:00,17.82,15.64,22.0,23.33,2,0.101,0.804,2.964,0.87,3.2,7.839,2.0,1.01,1,-0.047,0.743,2.66
2022-08-02 02:00:00,15.95,14.57,24.28,23.33,0,0.096,0.839,2.5,1.042,1.716,6.097,0.0,0.93,1,-0.004,0.579,0.0
2022-08-02 03:00:00,19.0,16.67,22.69,23.33,1,0.101,1.747,2.672,0.434,2.593,7.445,1.0,1.0,0,0.0,0.75,0.64
2022-08-02 04:00:00,15.82,13.57,24.52,23.33,0,0.093,1.184,2.236,0.388,1.643,5.451,0.0,0.98,0,0.0,0.507,0.0
2022-08-02 05:00:00,16.51,14.31,23.59,23.33,0,0.105,1.294,0.965,0.211,1.923,4.394,0.0,1.0,0,0.0,0.461,0.0
2022-08-02 06:00:00,17.82,15.84,22.0,23.33,2,0.084,1.48,0.578,0.612,3.2,5.87,2.0,0.92,0,0.0,0.491,2.66
2022-08-02 07:00:00,18.23,16.17,24.71,23.33,3,0.105,1.922,2.662,1.099,2.787,8.47,3.0,0.92,1,0.027,0.915,4.139
2022-08-02 08:00:00,18.23,16.56,24.86,23.33,3,0.091,0.226,1.491,1.103,2.742,5.561,3.0,1.09,1,-0.044,0.462,4.594
2022-08-02 09:00:00,17.32,15.28,24.06,23.33,3,0.081,1.942,1.16,0.328,2.982,6.412,3.0,1.1,1,0.021,0.538,2.186
2022-08-02 10:00:00,17.09,15.69,22.09,23.33,1,0.158,1.408,1.904,0.404,2.774,6.491,1.0,0.99,1,-0.012,1.011,1.244
2022-08-02 11:00:00,16.61,14.0,22.63,23.33,0,0.14,1.673,1.552,0.608,2.21,6.043,0.0,1.06,0,0.0,0.849,0.0
2022-08-02 12:00:00,16.74,15.37,23.17,23.33,0,0.158,0.819,2.129,0.981,2.048,5.976,0.0,1.03,1,0.035,0.978,0.0
2022-08-02 13:00:00,15.37,14.2,22.16,23.33,2,0.157,1.023,1.709,0.812,3.153,6.698,2.0,0.92,0,0.0,1.051,2.349
2022-08-02 14:00:00,15.05,13.18,25.03,23.33,0,0.193,0.578,2.243,0.714,1.491,5.026,0.0,0.96,1,0.01,0.982,0.0
2022-08-02 15:00:00,15.82,13.51,23.17,23.33,1,0.198,2.448,2.634,0.792,2.448,8.322,1.0,0.96,0,0.0,1.648,0.157
2022-08-02 16:00:00,15.61,13.74,22.0,23.33,0,0.144,1.243,0.989,0.296,2.4,4.928,0.0,1.02,1,0.016,0.726,0.0
2022-08-02 17:00:00,15.29,13.73,23.41,23.33,0,0.168,2.49,1.324,0.678,1.978,6.469,0.0,1.02,0,0.0,1.089,0.0
2022-08-02 18:00:00,16.39,14.28,22.58,23.33,3,0.1,1.224,1.592,1.192,3.425,7.434,3.0,1.08,1,0.026,0.769,2.243
2022-08-02 19:00:00,16.61,14.92,22.91,23.33,3,0.082,0.549,2.905,0.288,3.327,7.07,3.0,1.06,0,0.0,0.583,1.26
2022-08-02 20:00:00,15.7,12.84,22.56,23.33,3,0.104,1.269,1.413,0.719,3.433,6.834,3.0,1.07,0,0.0,0.713,2.317
2022-08-02 21:00:00,17.06,14.21,23.97,23.33,2,0.112,0.099,1.453,0.496,2.609,4.657,2.0,1.08,0,0.0,0.523,1.277
2022-08-02 22:00:00,14.4,12.39,24.34,23.33,3,0.11,2.262,2.134,0.74,2.897,8.032,3.0,1.06,1,0.04,0.924,3.041
2022-08-02 23:00:00,15.31,13.66,23.34,23.33,3,0.088,2.046,1.548,0.774,3.198,7.566,3.0,0.97,1,0.047,0.714,0.029
2022-08-03 00:00:00,14.75,12.28,22.59,23.33,1,0.114,1.815,2.878,0.777,2.622,8.092,1.0,0.94,1,-0.014,0.912,0.737
2022-08-03 01:00:00,13.57,12.5,22.95,23.33,1,0.094,1.525,2.736,1.052,2.515,7.828,1.0,1.01,1,-0.039,0.695,0.38
2022-08-03 02:00:00,15.32,13.37,23.02,23.33,0,0.118,1.45,1.784,0.59,2.093,5.916,0.0,1.04,0,0.0,0.697,0.0
2022-08-03 03:00:00,15.25,13.58,22.04,23.33,2,0.083,2.492,2.112,0.716,3.189,8.509,2.0,0.98,1,0.017,0.722,2.586
2022-08-03 04:00:00,16.86,14.02,23.69,23.33,1,0.099,0.695,0.645,0.211,2.292,3.843,1.0,1.07,0,0.0,0.382,0.365
2022-08-03 05:00:00,15.95,14.92,23.55,23.33,2,0.104,1.949,2.239,0.99,2.734,7.912,2.0,1.09,0,0.0,0.822,0.444
2022-08-03 06:00:00,14.26,12.16,24.85,23.33,3,0.09,1.454,2.268,0.459,2.745,6.926,3.0,1.01,1,0.042,0.665,4.556
2022-08-03 07:00:00,17.12,14.64,24.51,23.33,2,0.111,2.44,1.398,1.017,2.448,7.302,2.0,0.99,0,0.0,0.81,2.353
2022-08-03 08:00:00,16.46,14.49,22.18,23.33,1,0.105,2.07,1.049,0.466,2.747,6.331,1.0,1.07,0,0.0,0.665,1.153
2022-08-03 09:00:00,15.8,14.62,23.98,23.33,2,0.081,2.496,2.788,0.211,2.605,8.099,2.0,0.9,1,0.046,0.7,1.309
2022-08-03 10:00:00,14.96,12.02,22.0,23.33,2,0.196,1.471,1.567,0.355,3.2,6.592,2.0,0.93,1,0.024,1.316,2.66
2022-08-03 11:00:00,14.21,12.17,23.84,23.33,0,0.183,0.511,2.134,1.186,1.849,5.681,0.0,1.07,1,-0.042,0.997,0.0
2022-08-03 12:00:00,14.78,12.55,22.38,23.33,0,0.196,1.259,0.583,0.52,2.286,4.648,0.0,1.05,0,0.0,0.91,0.0
2022-08-03 13:00:00,16.22,14.75,22.0,23.33,2,0.188,1.778,1.535,0.309,3.2,6.822,2.0,0.98,1,0.02,1.301,2.66
2022-08-03 14:00:00,17.0,15.03,23.34,23.33,0,0.177,1.936,2.543,0.319,1.999,6.797,0.0,1.08,1,0.046,1.246,0.0
2022-08-03 15:00:00,16.64,14.78,22.0,23.33,2,0.147,0.001,1.469,0.51,3.2,5.181,2.0,0.97,1,-0.034,0.728,2.66
2022-08-03 16:00:00,14.59,13.44,22.0,23.33,0,0.157,1.263,2.008,0.238,2.4,5.908,0.0,1.03,1,-0.037,0.893,0.0
2022-08-03 17:00:00,13.95,12.74,22.79,23.33,0,0.198,0.588,1.025,0.711,2.164,4.488,0.0,1.03,1,-0.003,0.886,0.0
2022-08-03 18:00:00,15.2,12.52,23.1,23.33,3,0.111,2.187,1.541,0.414,3.27,7.413,3.0,0.94,0,0.0,0.823,0.693
2022-08-03 19:00:00,13.28,11.8,22.56,23.33,2,0.117,0.382,2.819,0.719,3.033,6.954,2.0,0.96,1,0.047,0.862,1.546
2022-08-03 20:00:00,15.36,13.97,22.0,23.33,3,0.094,1.666,1.916,0.341,3.6,7.523,3.0,1.08,1,-0.027,0.683,3.99
2022-08-03 21:00:00,14.88,12.87,22.02,23.33,2,0.112,0.665,2.755,0.63,3.194,7.244,2.0,0.94,0,0.0,0.813,2.623
2022-08-03 22:00:00,14.55,12.02,23.47,23.33,3,0.1,0.891,2.755,0.798,3.159,7.603,3.0,0.93,1,0.041,0.801,0.418
2022-08-03 23:00:00,13.42,12.29,23.7,23.33,2,0.096,2.351,2.86,0.262,2.691,8.164,2.0,1.0,1,0.023,0.806,0.736
2022-08-04 00:00:00,15.52,13.37,22.98,23.33,0,0.118,0.601,2.738,0.599,2.106,6.044,0.0,0.92,1,0.047,0.758,0.0
2022-08-04 01:00:00,14.47,13.23,24.39,23.33,1,0.1,0.238,0.508,0.503,2.084,3.332,1.0,1.08,0,0.0,0.335,1.058
2022-08-04 02:00:00,13.83,12.76,23.48,23.33,1,0.099,0.173,2.835,0.44,2.357,5.806,1.0,0.92,0,0.0,0.573,0.147
2022-08-04 03:00:00,12.13,11.02,22.1,23.33,1,0.107,1.262,0.844,0.805,2.769,5.679,1.0,1.02,0,0.0,0.607,1.227
2022-08-04 04:00:00,14.97,12.3,22.66,23.33,1,0.09,1.604,0.6,0.789,2.601,5.594,1.0,0.97,1,-0.045,0.461,0.667
2022-08-04 05:00:00,16.77,15.54,22.0,23.33,0,0.093,0.818,0.638,0.831,2.4,4.687,0.0,1.06,0,0.0,0.436,0.0
2022-08-04 06:00:00,16.67,15.58,22.87,23.33,1,0.117,1.726,1.372,0.359,2.539,5.996,1.0,1.02,0,0.0,0.703,0.46
2022-08-04 07:00:00,14.55,12.68,24.33,23.33,2,0.107,0.153,2.052,0.486,2.5,5.19,2.0,0.98,1,0.046,0.602,2.009
2022-08-04 08:00:00,14.41,11.72,23.82,23.33,1,0.113,2.143,1.506,0.41,2.253,6.312,1.0,1.1,0,0.0,0.714,0.492
2022-08-04 09:00:00,15.49,13.96,24.68,23.33,3,0.091,2.041,0.564,0.741,2.795,6.141,3.0,0.91,1,-0.045,0.513,4.057
2022-08-04 10:00:00,14.03,12.19,22.64,23.33,0,0.16,2.464,1.691,0.661,2.209,7.025,0.0,1.02,1,-0.034,1.092,0.0
2022-08-04 11:00:00,15.34,14.26,24.62,23.33,2,0.191,2.341,1.605,0.53,2.415,6.892,2.0,1.1,1,-0.002,1.314,2.571
2022-08-04 12:00:00,15.81,13.91,22.77,23.33,2,0.169,0.89,2.392,0.986,2.97,7.238,2.0,1.04,1,0.038,1.261,1.124
2022-08-04 13:00:00,16.28,14.13,24.77,23.33,2,0.19,0.998,1.199,0.294,2.37,4.861,2.0,1.05,1,0.031,0.955,2.872
2022-08-04 14:00:00,14.97,12.83,22.97,23.33,2,0.146,1.865,1.044,1.175,2.908,6.992,2.0,0.91,1,0.046,1.069,0.712
2022-08-04 15:00:00,14.88,13.22,23.85,23.33,0,0.148,0.335,1.14,0.317,1.845,3.637,0.0,0.9,1,0.012,0.552,0.0
2022-08-04 16:00:00,14.22,12.59,24.77,23.33,1,0.199,0.785,1.259,0.973,1.969,4.986,1.0,0.91,0,0.0,0.99,1.44
2022-08-04 17:00:00,14.29,13.08,22.77,23.33,0,0.175,0.296,1.998,0.568,2.17,5.032,0.0,1.1,0,0.0,0.882,0.0
2022-08-04 18:00:00,14.91,13.17,23.26,23.33,2,0.12,1.137,1.679,1.065,2.821,6.703,2.0,1.1,1,-0.028,0.774,0.136
2022-08-04 19:00:00,15.52,14.32,24.55,23.33,2,0.103,1.38,1.342,0.274,2.436,5.432,2.0,0.97,1,0.018,0.576,2.433
2022-08-04 20:00:00,16.09,13.55,22.84,23.33,2,0.111,0.528,1.436,0.575,2.948,5.486,2.0,0.96,1,0.043,0.652,0.979
2022-08-04 21:00:00,14.39,11.46,22.0,23.33,2,0.114,0.067,1.427,0.535,3.2,5.229,2.0,0.93,1,-0.018,0.58,2.66
2022-08-04 22:00:00,16.71,13.77,25.57,23.33,2,0.108,1.798,2.931,1.193,2.129,8.051,1.0,0.97,0,0.0,0.87,4.483
2022-08-04 23:00:00,14.97,12.24,22.44,23.33,3,0.082,0.05,1.082,1.186,3.469,5.787,3.0,0.97,0,0.0,0.473,2.681
2022-08-05 00:00:00,15.24,13.04,23.19,23.33,0,0.086,2.434,2.545,0.39,2.043,7.411,0.0,1.05,0,0.0,0.64,0.0
2022-08-05 01:00:00,14.54,12.14,24.39,23.33,1,0.083,0.554,2.271,0.83,2.084,5.738,1.0,1.07,1,0.001,0.476,1.057
2022-08-05 02:00:00,12.89,11.32,22.27,23.33,0,0.08,1.66,0.514,0.736,2.319,5.228,0.0,1.05,0,0.0,0.42,0.0
2022-08-05 03:00:00,16.23,13.97,22.0,23.33,2,0.092,1.087,2.983,0.354,3.2,7.624,2.0,1.03,0,0.0,0.703,2.66
2022-08-05 04:00:00,16.11,14.2,23.3,23.33,0,0.096,0.149,2.391,0.368,2.009,4.917,0.0,1.05,1,-0.003,0.467,0.0
2022-08-05 05:00:00,15.13,13.16,22.0,23.33,2,0.09,1.18,2.206,1.189,3.2,7.776,2.0,1.05,0,0.0,0.697,2.66
2022-08-05 06:00:00,15.51,12.99,22.65,23.33,1,0.083,1.292,1.513,0.653,2.604,6.062,1.0,1.0,1,0.034,0.535,0.675
2022-08-05 07:00:00,15.99,14.43,23.29,23.33,2,0.101,2.137,1.888,0.326,2.812,7.162,2.0,0.97,0,0.0,0.725,0.072
2022-08-05 08:00:00,13.95,12.31,22.68,23.33,3,0.091,1.831,1.133,0.415,3.397,6.776,3.0,0.96,1,0.015,0.631,1.962
2022-08-05 09:00:00,15.02,12.17,22.0,23.33,1,0.112,0.198,0.589,0.468,2.8,4.055,1.0,1.04,0,0.0,0.454,1.33
2022-08-05 10:00:00,16.38,15.26,24.91,23.33,0,0.168,0.523,2.59,0.711,1.526,5.35,0.0,1.09,0,0.0,0.9,0.0
2022-08-05 11:00:00,14.37,12.39,23.12,23.33,2,0.196,0.78,2.741,0.536,2.863,6.919,2.0,1.02,1,-0.044,1.312,0.412
2022-08-05 12:00:00,15.95,13.13,24.72,23.33,0,0.183,0.291,0.906,0.655,1.585,3.437,0.0,1.08,1,-0.042,0.587,0.0
2022-08-05 13:00:00,14.34,12.12,22.69,23.33,0,0.145,1.142,2.468,0.366,2.194,6.17,0.0,0.9,0,0.0,0.892,0.0
2022-08-05 14:00:00,16.21,14.12,22.0,23.33,0,0.153,2.461,2.353,0.527,2.4,7.74,0.0,1.06,1,-0.04,1.147,0.0
2022-08-05 15:00:00,15.75,14.25,23.32,23.33,2,0.18,1.287,0.946,0.27,2.803,5.306,2.0,1.07,1,-0.002,0.956,0.014
2022-08-05 16:00:00,14.21,12.53,22.74,23.33,0,0.194,1.855,1.555,1.09,2.178,6.677,0.0,1.03,0,0.0,1.293,0.0
2022-08-05 17:00:00,17.04,14.34,22.0,23.33,2,0.142,1.707,1.557,0.399,3.2,6.863,2.0,1.09,1,0.035,1.009,2.66
2022-08-05 18:00:00,15.19,13.07,24.76,23.33,3,0.111,2.125,2.4,0.957,2.771,8.252,3.0,1.02,0,0.0,0.916,4.301
2022-08-05 19:00:00,15.16,13.13,22.25,23.33,1,0.109,0.539,2.594,0.55,2.724,6.407,1.0,0.95,0,0.0,0.699,1.077
2022-08-05 20:00:00,16.22,15.02,22.0,23.33,1,0.094,1.885,0.737,0.674,2.8,6.096,1.0,0.94,0,0.0,0.576,1.33
2022-08-05 21:00:00,17.22,16.18,24.59,23.33,3,0.102,2.203,1.907,0.491,2.822,7.424,3.0,1.01,0,0.0,0.756,3.791
2022-08-05 22:00:00,15.1,12.18,22.39,23.33,2,0.106,0.429,2.404,0.896,3.082,6.811,1.0,1.08,0,0.0,0.723,1.87
2022-08-05 23:00:00,16.23,14.48,22.27,23.33,3,0.105,0.867,2.465,1.045,3.519,7.896,3.0,0.91,0,0.0,0.828,3.178
2022-08-06 00:00:00,16.65,14.45,22.0,23.33,1,0.108,2.425,0.87,0.486,2.8,6.582,1.0,1.02,0,0.0,0.712,1.33
2022-08-06 01:00:00,16.97,15.81,25.09,23.33,0,0.083,1.952,1.814,0.442,1.473,5.681,0.0,1.05,1,-0.009,0.464,0.0
2022-08-06 02:00:00,16.51,14.14,22.0,23.33,0,0.094,0.706,2.644,0.881,2.4,6.632,0.0,0.92,1,-0.031,0.594,0.0
2022-08-06 03:00:00,16.02,13.16,23.07,23.33,0,0.097,1.41,1.296,0.395,2.079,5.18,0.0,0.92,1,0.047,0.551,0.0
2022-08-06 04:00:00,15.62,13.47,24.1,23.33,0,0.09,1.011,1.563,0.84,1.771,5.185,0.0,0.97,0,0.0,0.469,0.0
2022-08-06 05:00:00,16.59,15.34,23.51,23.33,0,0.087,1.225,2.511,0.294,1.948,5.978,0.0,0.95,1,0.037,0.556,0.0
2022-08-06 06:00:00,15.49,13.33,22.93,23.33,3,0.086,0.888,0.723,0.82,3.321,5.753,3.0,0.94,0,0.0,0.492,1.205
2022-08-06 07:00:00,13.71,11.17,22.0,23.33,3,0.095,0.698,2.649,0.713,3.6,7.66,3.0,0.94,0,0.0,0.725,3.99
2022-08-06 08:00:00,17.13,15.31,22.03,23.33,2,0.1,1.687,1.278,0.314,3.192,6.47,2.0,0.93,1,-0.009,0.637,2.603
2022-08-06 09:00:00,17.66,14.9,23.23,23.33,3,0.083,1.946,0.504,0.849,3.232,6.531,3.0,1.02,1,-0.032,0.507,0.314
2022-08-06 10:00:00,14.45,12.16,22.06,23.33,2,0.167,2.185,1.085,0.647,3.183,7.1,2.0,1.04,0,0.0,1.189,2.549
2022-08-06 11:00:00,15.87,13.07,23.24,23.33,1,0.179,0.388,0.724,0.417,2.427,3.956,1.0,1.04,0,0.0,0.706,0.086
2022-08-06 12:00:00,17.57,15.32,23.82,23.33,1,0.146,2.057,0.731,0.553,2.255,5.596,1.0,1.01,1,0.05,0.868,0.488
2022-08-06 13:00:00,19.07,17.81,24.16,23.33,1,0.194,0.637,2.232,0.692,2.153,5.715,1.0,1.09,1,0.028,1.138,0.825
2022-08-06 14:00:00,17.1,15.48,22.0,23.33,0,0.174,1.068,1.035,0.292,2.4,4.795,0.0,1.08,0,0.0,0.835,0.0
2022-08-06 15:00:00,16.42,15.02,25.64,23.33,1,0.187,2.254,2.837,1.158,1.709,7.957,1.0,1.09,1,-0.018,1.469,2.306
2022-08-06 16:00:00,17.04,14.22,23.92,23.33,0,0.188,1.136,1.791,0.866,1.824,5.617,0.0,0.98,0,0.0,1.054,0.0
2022-08-06 17:00:00,18.67,16.15,23.0,23.33,2,0.155,0.493,1.65,0.303,2.901,5.346,2.0,1.08,1,-0.037,0.793,0.664
2022-08-06 18:00:00,16.72,14.37,24.31,23.33,3,0.103,0.4,1.586,1.023,2.908,5.916,3.0,1.05,0,0.0,0.61,2.932
2022-08-06 19:00:00,16.64,15.04,25.84,23.33,2,0.114,1.182,2.231,0.523,2.048,5.985,2.0,0.97,0,0.0,0.682,5.017
2022-08-06 20:00:00,17.03,15.66,22.0,23.33,3,0.086,1.907,1.631,0.797,3.6,7.934,3.0,0.92,0,0.0,0.684,3.99
2022-08-06 21:00:00,16.63,14.12,22.73,23.33,2,0.081,2.493,0.822,0.477,2.981,6.773,2.0,1.04,1,0.009,0.555,1.201
2022-08-06 22:00:00,17.79,15.84,22.0,23.33,2,0.108,1.969,2.7,0.933,3.2,8.802,2.0,0.93,0,0.0,0.947,2.66
2022-08-06 23:00:00,19.36,17.91,23.23,23.33,3,0.084,2.193,1.571,0.923,3.231,7.917,3.0,0.96,1,-0.043,0.622,0.296
2022-08-07 00:00:00,18.14,15.91,23.44,23.33,1,0.085,1.87,0.685,0.752,2.368,5.675,1.0,1.0,1,-0.035,0.445,0.108
2022-08-07 01:00:00,17.64,16.56,22.95,23.33,1,0.11,2.239,1.823,0.441,2.514,7.017,1.0,1.04,1,0.035,0.805,0.377
2022-08-07 02:00:00,17.68,16.03,22.21,23.33,2,0.091,0.191,2.118,0.454,3.136,5.898,2.0,1.09,0,0.0,0.536,2.231
2022-08-07 03:00:00,16.49,14.55,22.0,23.33,0,0.105,2.325,1.189,0.583,2.4,6.497,0.0,1.02,0,0.0,0.683,0.0
2022-08-07 04:00:00,19.02,17.72,23.45,23.33,1,0.117,0.991,2.501,0.345,2.366,6.202,1.0,1.03,0,0.0,0.724,0.118
2022-08-07 05:00:00,18.14,15.17,24.75,23.33,1,0.093,2.304,2.174,0.538,1.976,6.992,1.0,0.96,0,0.0,0.648,1.417
2022-08-07 06:00:00,18.12,16.7,22.29,23.33,2,0.089,0.189,2.126,0.884,3.113,6.312,2.0,1.04,1,0.046,0.606,2.078
2022-08-07 07:00:00,21.58,20.32,23.53,23.33,3,0.084,1.788,1.552,1.031,3.142,7.513,3.0,0.99,1,-0.026,0.607,0.594
2022-08-07 08:00:00,18.77,17.36,22.0,23.33,3,0.085,1.839,2.905,0.533,3.6,8.877,3.0,1.07,0,0.0,0.756,3.99
2022-08-07 09:00:00,17.8,15.27,23.55,23.33,2,0.082,2.492,1.185,0.434,2.735,6.847,2.0,0.98,0,0.0,0.565,0.437
2022-08-07 10:00:00,18.21,16.36,22.53,23.33,0,0.145,1.922,1.944,1.033,2.242,7.141,0.0,0.99,1,0.004,1.037,0.0
2022-08-07 11:00:00,19.88,17.75,22.09,23.33,1,0.185,0.956,1.273,1.091,2.774,6.094,2.0,0.99,1,-0.023,1.105,1.245
2022-08-07 12:00:00,18.93,17.89,22.09,23.33,0,0.184,1.393,2.362,0.61,2.374,6.739,1.0,1.06,1,-0.0,1.237,0.0
2022-08-07 13:00:00,17.47,16.4,22.53,23.33,0,0.195,0.916,0.619,0.227,2.242,4.004,0.0,1.09,0,0.0,0.78,0.0
2022-08-07 14:00:00,19.91,18.02,23.46,23.33,0,0.184,0.49,0.615,0.895,1.962,3.962,0.0,0.97,0,0.0,0.728,0.0
2022-08-07 15:00:00,18.42,15.78,22.0,23.33,0,0.19,0.621,2.527,0.984,2.4,6.532,0.0,1.0,1,0.024,1.264,0.0
2022-08-07 16:00:00,21.05,18.28,22.52,23.33,0,0.185,0.555,1.586,0.218,2.243,4.602,0.0,1.04,0,0.0,0.85,0.0
2022-08-07 17:00:00,20.35,19.17,22.95,23.33,0,0.178,1.372,1.353,0.795,2.115,5.635,0.0,1.08,1,0.038,1.04,0.0
2022-08-07 18:00:00,18.91,16.83,22.0,23.33,3,0.108,2.265,2.019,0.788,3.6,8.673,3.0,1.0,0,0.0,0.94,3.99
2022-08-07 19:00:00,20.73,17.91,25.16,23.33,2,0.095,2.282,2.255,0.579,2.253,7.368,2.0,0.92,1,-0.044,0.653,3.652
2022-08-07 20:00:00,19.61,17.84,22.0,23.33,3,0.083,0.137,1.003,0.95,3.6,5.69,3.0,0.97,1,-0.004,0.471,3.99
2022-08-07 21:00:00,20.49,17.83,22.2,23.33,3,0.114,0.2,0.964,0.628,3.541,5.333,3.0,1.01,0,0.0,0.606,3.4
2022-08-07 22:00:00,20.22,18.95,22.0,23.33,2,0.094,0.613,2.895,0.877,3.2,7.585,2.0,0.98,0,0.0,0.709,2.66
2022-08-07 23:00:00,18.98,16.11,25.16,23.33,1,0.089,0.638,1.974,0.717,1.853,5.181,1.0,0.94,1,-0.045,0.414,1.828
2022-08-08 00:00:00,19.28,16.78,23.66,23.33,2,0.115,0.237,1.475,0.448,2.701,4.862,2.0,0.91,0,0.0,0.558,0.667
2022-08-08 01:00:00,21.05,18.17,22.0,23.33,0,0.116,0.971,2.504,0.807,2.4,6.681,0.0,1.04,1,-0.042,0.734,0.0
2022-08-08 02:00:00,19.79,17.43,24.33,23.33,0,0.094,1.469,1.813,0.937,1.702,5.921,0.0,1.1,0,0.0,0.554,0.0
2022-08-08 03:00:00,19.82,18.09,23.24,23.33,0,0.094,1.445,1.104,1.174,2.028,5.751,0.0,1.08,0,0.0,0.542,0.0
2022-08-08 04:00:00,19.36,16.49,23.31,23.33,1,0.103,1.359,1.017,0.58,2.407,5.363,1.0,1.04,1,0.05,0.603,0.021
2022-08-08 05:00:00,20.84,19.29,22.59,23.33,1,0.109,0.847,1.492,0.264,2.624,5.227,1.0,1.07,1,0.006,0.577,0.743
2022-08-08 06:00:00,22.58,20.92,22.1,23.33,2,0.083,1.766,2.65,1.188,3.17,8.774,2.0,0.95,0,0.0,0.724,2.459
2022-08-08 07:00:00,19.55,17.15,23.41,23.33,3,0.104,2.066,0.654,0.824,3.178,6.722,2.0,1.02,0,0.0,0.697,0.226
2022-08-08 08:00:00,20.74,18.21,22.35,23.33,1,0.118,0.866,1.046,1.146,2.696,5.755,1.0,0.91,1,0.042,0.722,0.984
2022-08-08 09:00:00,22.23,19.38,25.18,23.33,3,0.09,0.214,2.733,0.304,2.646,5.897,3.0,1.04,1,0.035,0.569,5.55
2022-08-08 10:00:00,20.84,19.44,22.0,23.33,0,0.165,0.741,0.804,0.542,2.4,4.487,0.0,1.09,0,0.0,0.739,0.0
2022-08-08 11:00:00,21.48,18.88,24.84,23.33,0,0.188,0.343,2.074,0.334,1.547,4.298,0.0,1.07,0,0.0,0.81,0.0
2022-08-08 12:00:00,20.07,17.59,22.87,23.33,0,0.186,1.168,1.034,1.036,2.14,5.378,0.0,1.01,0,0.0,1.001,0.0
2022-08-08 13:00:00,21.66,20.53,23.36,23.33,0,0.153,0.39,2.015,1.08,1.992,5.477,0.0,1.06,1,0.04,0.88,0.0
2022-08-08 14:00:00,21.15,19.38,24.0,23.33,0,0.177,1.157,1.458,0.701,1.8,5.116,0.0,1.09,1,0.038,0.943,0.0
2022-08-08 15:00:00,22.43,20.86,22.24,23.33,0,0.155,0.553,0.754,0.387,2.327,4.02,0.0,0.94,0,0.0,0.622,0.0
2022-08-08 16:00:00,22.74,21.13,24.04,23.33,0,0.199,1.847,1.956,0.327,1.789,5.919,0.0,1.06,1,-0.017,1.162,0.0
2022-08-08 17:00:00,24.24,21.28,22.0,23.33,2,0.197,0.069,2.208,0.788,3.2,6.265,2.0,0.95,0,0.0,1.235,2.66
2022-08-08 18:00:00,22.34,20.05,22.14,23.33,3,0.109,1.387,2.201,0.706,3.559,7.853,3.0,1.08,1,0.031,0.884,3.582
2022-08-08 19:00:00,22.19,19.76,22.0,23.33,2,0.112,0.424,2.093,0.895,3.2,6.611,2.0,0.92,0,0.0,0.744,2.66
2022-08-08 20:00:00,22.17,19.21,22.0,23.33,2,0.094,0.002,1.751,0.505,3.2,5.458,2.0,0.94,1,0.012,0.527,2.66
2022-08-08 21:00:00,21.73,19.97,22.74,23.33,3,0.087,2.173,1.799,0.602,3.377,7.951,3.0,1.04,1,-0.027,0.663,1.764
2022-08-08 22:00:00,22.53,19.92,23.46,23.33,3,0.084,1.679,2.089,0.221,3.161,7.15,3.0,0.93,1,-0.024,0.575,0.399
2022-08-08 23:00:00,22.0,20.13,23.84,23.33,1,0.103,0.247,2.226,0.81,2.247,5.53,0.0,0.93,1,0.022,0.592,0.513
2022-08-09 00:00:00,22.57,19.83,23.29,23.33,0,0.119,1.66,2.137,0.623,2.013,6.434,0.0,1.01,1,0.03,0.797,0.0
2022-08-09 01:00:00,23.83,22.47,22.2,23.33,2,0.113,1.529,1.967,1.12,3.14,7.756,2.0,1.07,1,-0.038,0.837,2.258
2022-08-09 02:00:00,21.61,18.72,23.44,23.33,2,0.097,1.183,0.89,0.842,2.767,5.682,2.0,0.95,0,0.0,0.554,0.226
2022-08-09 03:00:00,23.87,22.43,23.15,23.33,0,0.101,1.048,1.027,0.599,2.055,4.729,0.0,1.07,0,0.0,0.48,0.0
2022-08-09 04:00:00,24.16,22.5,24.12,23.33,0,0.091,2.218,1.151,0.464,1.763,5.595,0.0,1.06,1,-0.011,0.499,0.0
2022-08-09 05:00:00,22.83,20.32,23.93,23.33,0,0.087,0.613,2.799,1.105,1.82,6.338,0.0,1.02,1,0.006,0.555,0.0
2022-08-09 06:00:00,20.94,19.15,23.04,23.33,2,0.099,0.996,2.398,0.216,2.889,6.5,2.0,1.03,1,0.011,0.657,0.587
2022-08-09 07:00:00,22.56,20.35,22.0,23.33,3,0.099,0.823,1.882,0.527,3.6,6.832,3.0,0.91,0,0.0,0.673,3.99
2022-08-09 08:00:00,24.58,22.69,22.22,23.33,1,0.101,1.928,1.13,1.144,2.735,6.937,1.0,0.97,1,0.031,0.73,1.114
2022-08-09 09:00:00,23.37,20.88,22.34,23.33,3,0.118,2.291,0.777,0.854,3.498,7.42,3.0,0.95,0,0.0,0.876,2.969
2022-08-09 10:00:00,22.5,21.05,22.62,23.33,0,0.2,2.124,2.747,0.733,2.213,7.818,0.0,0.93,0,0.0,1.562,0.0
2022-08-09 11:00:00,23.11,21.99,23.32,23.33,0,0.177,1.994,2.732,0.404,2.004,7.133,0.0,0.98,1,-0.038,1.223,0.0
2022-08-09 12:00:00,24.56,22.96,23.86,23.33,0,0.187,2.467,0.777,1.033,1.843,6.12,0.0,0.97,0,0.0,1.146,0.0
2022-08-09 13:00:00,24.38,22.43,22.94,23.33,0,0.16,1.743,2.493,0.404,2.118,6.759,0.0,1.05,0,0.0,1.082,0.0
2022-08-09 14:00:00,23.71,22.37,23.02,23.33,2,0.19,1.878,1.617,0.448,2.894,6.837,2.0,1.02,1,-0.02,1.278,0.621
2022-08-09 15:00:00,23.69,21.98,23.17,23.33,0,0.177,2.457,1.31,0.392,2.048,6.207,0.0,1.08,0,0.0,1.098,0.0
2022-08-09 16:00:00,23.78,21.98,22.38,23.33,2,0.182,0.017,2.348,0.358,3.086,5.809,2.0,0.93,1,-0.043,1.013,1.898
2022-08-09 17:00:00,23.36,22.25,22.0,23.33,2,0.158,1.585,2.036,1.153,3.2,7.974,2.0,0.91,1,0.007,1.265,2.66
2022-08-09 18:00:00,26.01,23.84,22.0,23.33,2,0.101,1.847,2.45,0.802,3.2,8.3,2.0,1.01,1,-0.041,0.796,2.66
2022-08-09 19:00:00,24.18,21.42,22.17,23.33,2,0.088,2.295,0.686,0.838,3.15,6.968,2.0,0.9,1,0.018,0.63,2.328
2022-08-09 20:00:00,25.84,24.53,23.57,23.33,3,0.108,2.21,1.296,1.154,3.13,7.79,3.0,1.06,1,0.018,0.856,0.713
2022-08-09 21:00:00,26.25,24.06,22.16,23.33,2,0.116,2.105,1.298,0.431,3.153,6.987,2.0,1.0,1,0.011,0.823,2.347
2022-08-09 22:00:00,25.84,23.51,22.71,23.33,3,0.087,2.364,1.324,0.206,3.386,7.28,3.0,1.0,1,0.038,0.668,1.846
2022-08-09 23:00:00,24.52,22.68,23.56,23.33,2,0.083,1.343,1.756,0.799,2.732,6.631,2.0,0.97,0,0.0,0.553,0.459
2022-08-10 00:00:00,25.47,23.07,23.62,23.33,2,0.11,0.017,1.208,0.708,2.713,4.645,2.0,0.97,0,0.0,0.509,0.59
2022-08-10 01:00:00,25.16,23.33,22.0,23.33,1,0.091,0.028,1.611,0.678,2.8,5.116,1.0,0.99,1,-0.046,0.419,1.33
2022-08-10 02:00:00,24.39,22.38,24.2,23.33,2,0.105,1.362,1.419,0.262,2.541,5.584,2.0,0.9,1,-0.039,0.547,1.733
2022-08-10 03:00:00,25.73,24.71,24.35,23.33,1,0.108,1.088,2.338,0.654,2.094,6.175,1.0,0.92,1,-0.009,0.657,1.023
2022-08-10 04:00:00,24.34,21.95,22.0,23.33,2,0.093,1.128,2.009,0.488,3.2,6.824,2.0,1.0,1,0.009,0.643,2.66
2022-08-10 05:00:00,26.82,24.49,22.01,23.33,1,0.113,1.001,2.134,0.475,2.797,6.406,1.0,0.93,1,-0.047,0.675,1.319
2022-08-10 06:00:00,25.28,24.2,24.43,23.33,1,0.102,2.294,1.026,0.422,2.071,5.814,2.0,1.06,1,0.007,0.6,1.099
2022-08-10 07:00:00,26.05,24.32,22.82,23.33,2,0.115,0.898,1.314,0.533,2.953,5.697,2.0,0.95,0,0.0,0.654,1.012
2022-08-10 08:00:00,26.25,23.29,22.0,23.33,3,0.111,2.141,0.553,0.553,3.6,6.847,3.0,0.92,0,0.0,0.757,3.99
2022-08-10 09:00:00,25.82,23.98,22.0,23.33,1,0.115,2.257,0.771,0.509,2.8,6.337,1.0,0.95,1,0.003,0.73,1.33
2022-08-10 10:00:00,26.77,24.77,22.7,23.33,2,0.166,1.249,1.163,1.179,2.99,6.58,2.0,0.97,0,0.0,1.089,1.258
2022-08-10 11:00:00,25.82,23.0,22.0,23.33,1,0.159,1.117,0.664,1.133,2.8,5.714,1.0,0.91,1,0.045,0.952,1.33
2022-08-10 12:00:00,27.28,24.85,22.5,23.33,0,0.186,1.903,2.007,0.775,2.249,6.932,0.0,0.93,1,0.026,1.314,0.0
2022-08-10 13:00:00,25.17,23.01,23.04,23.33,0,0.19,1.77,2.995,1.181,2.088,8.035,0.0,0.96,1,-0.006,1.52,0.0
2022-08-10 14:00:00,26.76,24.16,24.75,23.33,2,0.199,0.821,0.752,1.191,2.374,5.138,1.0,0.96,1,-0.002,1.018,2.849
2022-08-10 15:00:00,28.68,25.95,22.65,23.33,1,0.179,0.256,2.553,0.556,2.605,5.97,1.0,1.06,1,0.015,1.081,0.679
2022-08-10 16:00:00,25.85,23.94,24.29,23.33,0,0.168,0.662,0.797,0.645,1.714,3.818,0.0,1.07,0,0.0,0.64,0.0
2022-08-10 17:00:00,26.28,24.33,24.71,23.33,0,0.158,0.328,2.175,1.159,1.586,5.247,0.0,0.94,1,-0.041,0.79,0.0
2022-08-10 18:00:00,27.59,25.81,24.72,23.33,3,0.094,0.737,2.108,0.809,2.784,6.437,3.0,0.92,0,0.0,0.602,4.174
2022-08-10 19:00:00,27.36,24.43,23.34,23.33,3,0.116,0.655,2.757,0.413,3.197,7.022,3.0,1.03,0,0.0,0.813,0.035
2022-08-10 20:00:00,27.64,25.25,22.0,23.33,2,0.097,1.594,0.785,0.889,3.2,6.469,2.0,1.06,0,0.0,0.628,2.66
2022-08-10 21:00:00,27.89,26.72,23.55,23.33,1,0.112,2.386,1.289,0.406,2.334,6.415,1.0,1.09,1,-0.037,0.679,0.223
2022-08-10 22:00:00,28.14,25.42,24.26,23.33,3,0.089,1.714,0.727,0.539,2.923,5.903,2.0,0.9,1,-0.028,0.5,2.784
2022-08-10 23:00:00,28.73,26.77,22.9,23.33,3,0.118,2.317,1.518,0.428,3.329,7.592,3.0,0.98,0,0.0,0.895,1.282
2022-08-11 00:00:00,28.14,27.0,25.09,23.33,0,0.103,1.96,2.779,0.445,1.472,6.656,1.0,1.05,0,0.0,0.685,0.0
2022-08-11 01:00:00,27.59,25.49,24.03,23.33,2,0.11,1.82,2.454,0.205,2.59,7.069,2.0,1.07,1,0.019,0.799,1.404
2022-08-11 02:00:00,28.61,26.78,23.68,23.33,0,0.084,1.035,2.307,1.081,1.895,6.319,0.0,0.91,0,0.0,0.528,0.0
2022-08-11 03:00:00,29.95,27.19,24.3,23.33,1,0.1,0.812,1.833,0.496,2.109,5.249,1.0,1.04,0,0.0,0.523,0.974
2022-08-11 04:00:00,28.02,26.61,23.4,23.33,1,0.116,2.116,2.709,0.286,2.38,7.491,1.0,0.96,1,-0.005,0.864,0.07
2022-08-11 05:00:00,27.29,24.63,22.0,23.33,1,0.115,2.263,1.624,0.287,2.8,6.974,1.0,0.91,0,0.0,0.803,1.33
2022-08-11 06:00:00,29.47,27.36,22.4,23.33,2,0.082,1.13,0.874,0.756,3.08,5.84,3.0,1.0,0,0.0,0.478,1.858
2022-08-11 07:00:00,28.35,27.24,24.44,23.33,1,0.092,0.023,2.594,1.193,2.069,5.879,1.0,0.93,0,0.0,0.542,1.107
2022-08-11 08:00:00,26.41,23.46,22.03,23.33,2,0.098,1.981,1.199,0.345,3.191,6.716,2.0,1.05,1,0.016,0.673,2.598
2022-08-11 09:00:00,29.53,27.5,22.73,23.33,3,0.087,0.713,0.634,0.3,3.38,5.027,3.0,1.05,1,0.044,0.481,1.795
2022-08-11 10:00:00,28.25,26.67,22.0,23.33,0,0.174,0.025,0.815,0.638,2.4,3.878,0.0,1.07,1,0.004,0.679,0.0
2022-08-11 11:00:00,28.8,26.86,25.14,23.33,0,0.183,2.012,2.023,0.763,1.458,6.256,0.0,0.98,1,-0.019,1.128,0.0
2022-08-11 12:00:00,29.33,26.61,25.02,23.33,0,0.165,1.294,2.018,0.494,1.495,5.3,0.0,0.9,0,0.0,0.875,0.0
2022-08-11 13:00:00,29.29,27.68,22.0,23.33,1,0.163,1.713,1.15,0.503,2.8,6.166,1.0,0.95,0,0.0,1.004,1.33
2022-08-11 14:00:00,29.91,28.52,23.18,23.33,1,0.146,2.287,2.318,0.624,2.447,7.676,1.0,0.99,0,0.0,1.12,0.153
2022-08-11 15:00:00,28.86,27.61,22.18,23.33,0,0.171,1.353,2.434,0.514,2.345,6.646,0.0,1.04,1,-0.006,1.133,0.0
2022-08-11 16:00:00,29.91,28.32,23.74,23.33,0,0.171,1.258,2.801,1.115,1.879,7.053,1.0,0.98,1,0.038,1.244,0.0
2022-08-11 17:00:00,29.24,26.68,23.61,23.33,1,0.168,0.727,1.962,0.242,2.317,5.247,1.0,1.01,1,-0.007,0.875,0.282
2022-08-11 18:00:00,30.34,28.4,23.97,23.33,1,0.108,0.763,2.449,0.435,2.208,5.854,1.0,1.0,0,0.0,0.634,0.644
2022-08-11 19:00:00,30.32,28.86,23.4,23.33,2,0.089,1.991,2.383,1.009,2.781,8.163,2.0,0.93,0,0.0,0.728,0.137
2022-08-11 20:00:00,28.86,27.53,26.52,23.33,3,0.097,1.123,1.145,1.034,2.243,5.544,3.0,1.02,0,0.0,0.535,9.577
2022-08-11 21:00:00,30.98,29.32,22.0,23.33,2,0.081,0.409,1.276,0.312,3.2,5.196,2.0,0.99,1,0.032,0.455,2.66
2022-08-11 22:00:00,29.46,26.58,22.0,23.33,2,0.085,0.236,1.696,1.174,3.2,6.306,2.0,1.06,0,0.0,0.539,2.66
2022-08-11 23:00:00,30.9,29.21,22.53,23.33,3,0.093,1.182,0.548,0.893,3.442,6.065,3.0,1.04,1,0.033,0.596,2.405
2022-08-12 00:00:00,30.56,27.58,22.0,23.33,1,0.094,1.162,1.243,0.473,2.8,5.678,1.0,0.92,0,0.0,0.532,1.33
2022-08-12 01:00:00,32.12,30.15,22.0,23.33,1,0.116,1.634,1.685,0.656,2.8,6.774,1.0,1.0,1,0.043,0.829,1.33
2022-08-12 02:00:00,30.16,28.8,22.0,23.33,1,0.11,1.178,0.77,0.497,2.8,5.245,1.0,1.04,0,0.0,0.575,1.33
2022-08-12 03:00:00,30.12,27.34,22.0,23.33,1,0.119,0.359,0.816,0.35,2.8,4.324,1.0,0.92,0,0.0,0.514,1.33
2022-08-12 04:00:00,30.55,28.63,22.0,23.33,2,0.104,1.27,1.658,0.491,3.2,6.619,2.0,1.06,0,0.0,0.688,2.66
2022-08-12 05:00:00,30.36,27.94,23.62,23.33,0,0.09,2.267,2.327,0.78,1.913,7.288,0.0,0.94,0,0.0,0.653,0.0
2022-08-12 06:00:00,31.55,28.58,22.39,23.33,2,0.093,0.399,2.584,1.026,3.082,7.091,2.0,1.0,0,0.0,0.66,1.875
2022-08-12 07:00:00,29.23,28.13,22.78,23.33,2,0.093,1.724,1.866,0.564,2.965,7.118,2.0,1.09,1,0.029,0.689,1.091
2022-08-12 08:00:00,29.88,28.69,24.07,23.33,1,0.093,1.485,1.687,0.548,2.178,5.897,1.0,1.01,0,0.0,0.549,0.743
2022-08-12 09:00:00,29.96,27.52,22.08,23.33,1,0.107,1.871,1.461,0.668,2.776,6.776,1.0,0.98,0,0.0,0.724,1.25
2022-08-12 10:00:00,32.06,30.5,22.68,23.33,0,0.198,0.377,0.982,0.845,2.195,4.399,0.0,0.9,1,-0.006,0.866,0.0
2022-08-12 11:00:00,32.91,31.54,23.44,23.33,1,0.148,2.354,0.866,0.952,2.368,6.54,1.0,0.93,1,-0.021,0.949,0.109
2022-08-12 12:00:00,31.18,30.11,22.0,23.33,1,0.174,1.552,2.48,0.527,2.8,7.359,1.0,1.02,0,0.0,1.281,1.33
2022-08-12 13:00:00,31.21,30.16,22.0,23.33,0,0.188,2.118,1.663,0.786,2.4,6.967,0.0,1.0,1,-0.045,1.264,0.0
2022-08-12 14:00:00,31.53,28.98,23.42,23.33,1,0.172,0.617,2.476,0.589,2.375,6.057,1.0,0.97,1,0.049,1.088,0.085
2022-08-12 15:00:00,32.71,31.44,23.59,23.33,0,0.145,1.849,2.26,0.916,1.923,6.948,0.0,1.08,0,0.0,1.011,0.0
2022-08-12 16:00:00,30.7,28.77,25.48,23.33,2,0.175,1.953,0.985,0.365,2.157,5.459,2.0,0.97,1,0.043,0.998,4.294
2022-08-12 17:00:00,31.95,29.74,23.19,23.33,2,0.177,0.994,1.776,0.457,2.843,6.069,2.0,1.01,0,0.0,1.072,0.281
2022-08-12 18:00:00,32.77,30.92,23.98,23.33,3,0.109,0.96,1.61,0.626,3.005,6.201,3.0,1.01,0,0.0,0.676,1.961
2022-08-12 19:00:00,32.38,31.33,22.77,23.33,3,0.095,1.644,1.56,1.089,3.37,7.664,3.0,1.01,1,-0.028,0.704,1.694
2022-08-12 20:00:00,32.15,29.58,23.36,23.33,2,0.083,0.234,1.856,0.773,2.793,5.656,2.0,1.0,0,0.0,0.469,0.053
2022-08-12 21:00:00,33.04,32.02,25.0,23.33,2,0.113,1.839,2.955,1.165,2.3,8.259,2.0,0.97,0,0.0,0.929,3.341
2022-08-12 22:00:00,29.42,26.89,22.0,23.33,3,0.103,0.107,2.532,0.303,3.6,6.543,3.0,1.08,1,-0.025,0.65,3.99
2022-08-12 23:00:00,32.88,30.09,23.5,23.33,3,0.089,0.476,2.759,0.66,3.151,7.047,3.0,0.99,1,-0.043,0.587,0.499
2022-08-13 00:00:00,31.62,29.76,25.56,23.33,1,0.116,1.66,0.574,0.619,1.731,4.585,1.0,1.01,1,0.02,0.551,2.233
2022-08-13 01:00:00,30.52,28.45,23.34,23.33,0,0.082,0.246,0.851,0.8,1.998,3.895,0.0,1.03,1,-0.02,0.299,0.0
2022-08-13 02:00:00,32.94,30.99,24.98,23.33,0,0.088,2.43,0.712,1.012,1.506,5.659,0.0,0.91,1,-0.028,0.471,0.0
2022-08-13 03:00:00,33.88,32.1,22.24,23.33,0,0.11,2.171,1.158,1.041,2.327,6.697,0.0,1.06,1,0.023,0.761,0.0
2022-08-13 04:00:00,32.44,29.66,22.96,23.33,0,0.108,1.566,1.605,0.87,2.112,6.152,0.0,1.0,0,0.0,0.667,0.0
2022-08-13 05:00:00,33.6,30.81,23.04,23.33,2,0.092,2.048,2.105,0.842,2.888,7.882,2.0,1.03,0,0.0,0.722,0.58
2022-08-13 06:00:00,34.33,32.66,22.0,23.33,2,0.082,2.219,1.752,1.149,3.2,8.32,2.0,1.05,0,0.0,0.686,2.66
2022-08-13 07:00:00,34.11,31.88,22.0,23.33,1,0.114,0.649,2.758,0.584,2.8,6.79,1.0,1.07,0,0.0,0.776,1.33
2022-08-13 08:00:00,34.5,31.65,22.0,23.33,2,0.093,2.124,2.85,1.033,3.2,9.206,2.0,0.98,0,0.0,0.852,2.66
2022-08-13 09:00:00,33.67,30.75,23.99,23.33,2,0.088,0.487,0.909,1.122,2.604,5.121,2.0,1.06,1,-0.031,0.419,1.313
2022-08-13 10:00:00,33.07,31.06,24.05,23.33,1,0.189,1.033,2.632,0.692,2.186,6.543,1.0,0.95,0,0.0,1.238,0.717
2022-08-13 11:00:00,31.46,29.56,23.39,23.33,2,0.198,1.396,1.704,0.929,2.783,6.812,2.0,1.03,0,0.0,1.348,0.118
2022-08-13 12:00:00,32.89,31.33,23.99,23.33,2,0.151,1.785,1.633,0.577,2.603,6.598,2.0,0.92,1,-0.02,0.976,1.318
2022-08-13 13:00:00,32.35,29.44,22.8,23.33,0,0.176,0.075,2.462,0.359,2.159,5.056,0.0,0.9,1,0.047,0.935,0.0
2022-08-13 14:00:00,35.43,34.15,24.44,23.33,0,0.166,0.726,0.733,0.787,1.667,3.913,0.0,0.92,1,0.046,0.694,0.0
2022-08-13 15:00:00,33.15,30.99,23.01,23.33,2,0.16,1.521,2.706,0.396,2.897,7.521,2.0,0.96,1,0.026,1.23,0.639
2022-08-13 16:00:00,33.51,31.94,23.07,23.33,0,0.174,0.893,2.177,0.658,2.079,5.807,0.0,0.91,1,0.002,1.012,0.0
2022-08-13 17:00:00,34.0,32.44,22.68,23.33,0,0.187,1.938,2.688,1.073,2.196,7.894,0.0,1.03,1,0.028,1.504,0.0
2022-08-13 18:00:00,33.55,31.74,23.82,23.33,3,0.089,1.629,2.986,0.286,3.054,7.955,3.0,0.96,1,0.005,0.715,1.474
2022-08-13 19:00:00,35.26,32.26,22.49,23.33,3,0.086,0.586,1.795,0.23,3.452,6.063,3.0,1.05,1,-0.05,0.47,2.506
2022-08-13 20:00:00,33.0,31.89,24.17,23.33,2,0.117,0.365,0.733,0.806,2.548,4.453,2.0,0.91,1,0.0,0.519,1.683
2022-08-13 21:00:00,33.87,31.71,22.0,23.33,2,0.107,1.573,0.916,0.531,3.2,6.22,2.0,0.94,1,0.01,0.674,2.66
2022-08-13 22:00:00,32.99,31.82,22.0,23.33,3,0.098,1.126,1.309,0.618,3.6,6.653,2.0,0.98,1,-0.023,0.625,3.99
2022-08-13 23:00:00,32.47,31.16,23.82,23.33,3,0.103,0.422,0.759,0.606,3.053,4.84,3.0,0.98,0,0.0,0.498,1.485
2022-08-14 00:00:00,33.23,31.35,22.89,23.33,0,0.11,0.816,2.538,0.287,2.132,5.773,0.0,0.93,1,-0.023,0.611,0.0
2022-08-14 01:00:00,33.85,31.83,22.46,23.33,0,0.111,0.758,1.242,0.204,2.263,4.467,0.0,1.1,1,0.012,0.508,0.0
2022-08-14 02:00:00,33.51,32.0,24.07,23.33,2,0.117,0.27,2.94,1.098,2.58,6.888,2.0,0.96,1,-0.035,0.769,1.476
2022-08-14 03:00:00,33.3,31.67,22.27,23.33,0,0.097,1.367,2.256,0.418,2.319,6.36,0.0,1.04,0,0.0,0.617,0.0
2022-08-14 04:00:00,32.63,31.46,22.76,23.33,0,0.092,1.909,0.934,0.626,2.172,5.641,0.0,0.94,0,0.0,0.517,0.0
2022-08-14 05:00:00,34.0,32.4,24.68,23.33,2,0.106,1.439,1.69,1.172,2.396,6.697,2.0,1.08,0,0.0,0.707,2.698
2022-08-14 06:00:00,32.63,29.7,24.85,23.33,3,0.097,2.066,1.667,1.027,2.746,7.506,3.0,0.98,1,0.031,0.756,4.551
2022-08-14 07:00:00,34.94,32.05,24.89,23.33,1,0.104,0.319,1.731,0.308,1.934,4.292,1.0,1.08,1,0.001,0.446,1.557
2022-08-14 08:00:00,34.31,32.64,22.66,23.33,2,0.097,1.089,1.839,0.709,3.002,6.638,3.0,0.97,0,0.0,0.643,1.337
2022-08-14 09:00:00,32.81,30.67,24.48,23.33,1,0.086,1.524,0.578,0.93,2.057,5.088,2.0,0.9,1,0.038,0.476,1.147
2022-08-14 10:00:00,34.0,31.18,22.0,23.33,0,0.171,1.69,2.216,0.898,2.4,7.204,0.0,1.0,0,0.0,1.235,0.0
2022-08-14 11:00:00,33.6,32.58,22.0,23.33,2,0.162,1.739,1.718,0.961,3.2,7.618,2.0,1.0,0,0.0,1.232,2.66
2022-08-14 12:00:00,34.71,32.09,22.0,23.33,0,0.155,1.822,2.477,0.657,2.4,7.357,0.0,0.92,0,0.0,1.139,0.0
2022-08-14 13:00:00,35.77,32.87,25.01,23.33,1,0.165,1.629,2.538,0.376,1.898,6.441,1.0,0.95,1,-0.029,1.03,1.677
2022-08-14 14:00:00,32.59,31.4,22.0,23.33,2,0.171,0.236,1.076,0.665,3.2,5.177,2.0,1.06,1,0.011,0.896,2.66
2022-08-14 15:00:00,34.61,33.29,22.85,23.33,2,0.185,1.738,0.621,0.848,2.946,6.153,2.0,0.91,0,0.0,1.137,0.964
2022-08-14 16:00:00,34.37,31.45,22.0,23.33,0,0.147,1.812,2.258,0.809,2.4,7.279,0.0,1.0,1,-0.035,1.037,0.0
2022-08-14 17:00:00,35.24,33.16,23.83,23.33,0,0.153,2.484,2.944,0.271,1.85,7.548,0.0,1.01,1,-0.041,1.116,0.0
2022-08-14 18:00:00,34.81,33.78,22.55,23.33,1,0.108,1.733,1.617,0.265,2.635,6.25,1.0,1.04,0,0.0,0.674,0.781
2022-08-14 19:00:00,33.88,32.36,22.0,23.33,2,0.1,1.717,1.149,1.165,3.2,7.231,2.0,0.91,1,0.024,0.749,2.66
2022-08-14 20:00:00,34.34,32.44,23.53,23.33,2,0.09,1.287,0.892,0.352,2.741,5.272,2.0,1.02,1,0.034,0.506,0.4
2022-08-14 21:00:00,33.89,31.51,22.0,23.33,2,0.112,2.17,1.219,0.494,3.2,7.083,2.0,0.9,0,0.0,0.792,2.66
2022-08-14 22:00:00,35.79,33.32,22.0,23.33,3,0.083,2.492,1.32,0.968,3.6,8.38,3.0,0.95,1,-0.023,0.676,3.99
2022-08-14 23:00:00,34.76,31.77,22.0,23.33,2,0.101,1.948,1.56,0.61,3.2,7.317,2.0,1.0,0,0.0,0.739,2.66
2022-08-15 00:00:00,36.67,35.09,22.0,23.33,0,0.088,1.531,2.139,0.381,2.4,6.451,0.0,1.08,1,-0.027,0.543,0.0
2022-08-15 01:00:00,34.73,32.65,23.21,23.33,2,0.083,0.197,1.183,0.667,2.836,4.883,2.0,0.93,1,0.012,0.416,0.232
2022-08-15 02:00:00,34.1,32.04,22.0,23.33,0,0.1,1.817,0.627,0.769,2.4,5.613,0.0,0.93,0,0.0,0.562,0.0
2022-08-15 03:00:00,33.32,31.51,22.0,23.33,0,0.1,1.771,1.433,0.653,2.4,6.257,0.0,1.03,1,-0.046,0.58,0.0
2022-08-15 04:00:00,33.05,31.71,23.0,23.33,2,0.108,1.939,2.639,1.119,2.901,8.598,2.0,0.97,1,0.049,0.979,0.666
2022-08-15 05:00:00,33.29,30.33,22.35,23.33,1,0.11,0.311,1.746,0.485,2.696,5.238,1.0,1.02,1,0.033,0.608,0.982
2022-08-15 06:00:00,35.16,32.45,25.39,23.33,3,0.109,1.634,2.912,0.861,2.583,7.99,3.0,1.1,0,0.0,0.872,6.181
2022-08-15 07:00:00,35.41,33.42,25.2,23.33,3,0.096,0.739,1.759,0.312,2.64,5.45,3.0,1.1,1,0.019,0.544,5.612
2022-08-15 08:00:00,33.34,31.13,22.0,23.33,2,0.105,1.901,1.19,0.592,3.2,6.883,2.0,0.97,1,0.027,0.752,2.66
2022-08-15 09:00:00,35.83,34.37,23.67,23.33,2,0.103,0.601,0.983,0.941,2.699,5.225,2.0,1.0,0,0.0,0.539,0.677
2022-08-15 10:00:00,34.46,32.37,23.9,23.33,1,0.193,1.71,2.236,0.425,2.23,6.601,1.0,1.08,0,0.0,1.271,0.569
2022-08-15 11:00:00,35.1,32.71,22.28,23.33,0,0.189,0.737,1.841,0.79,2.315,5.683,0.0,0.92,1,-0.015,1.06,0.0
2022-08-15 12:00:00,36.58,34.55,22.0,23.33,0,0.176,0.022,2.01,0.353,2.4,4.786,0.0,0.99,1,0.011,0.854,0.0
2022-08-15 13:00:00,35.87,32.89,22.99,23.33,0,0.185,1.583,2.388,0.303,2.104,6.378,0.0,0.98,0,0.0,1.181,0.0
2022-08-15 14:00:00,34.71,32.49,22.79,23.33,1,0.166,0.283,2.315,0.723,2.562,5.883,1.0,0.96,1,0.047,1.024,0.537
2022-08-15 15:00:00,34.1,32.35,22.48,23.33,2,0.173,1.648,0.608,0.875,3.057,6.189,2.0,1.1,0,0.0,1.07,1.706
2022-08-15 16:00:00,32.84,30.3,23.53,23.33,0,0.144,2.314,2.506,0.313,1.941,7.075,0.0,1.05,0,0.0,1.017,0.0
2022-08-15 17:00:00,34.28,32.94,22.1,23.33,1,0.145,2.423,1.832,1.118,2.77,8.143,1.0,0.98,1,0.028,1.212,1.231
2022-08-15 18:00:00,34.79,33.02,22.0,23.33,1,0.105,0.59,1.479,0.426,2.8,5.295,1.0,1.07,1,0.041,0.597,1.33
2022-08-15 19:00:00,34.01,32.32,23.13,23.33,3,0.085,2.023,1.844,0.32,3.261,7.448,3.0,1.0,0,0.0,0.635,0.597
2022-08-15 20:00:00,34.87,33.0,23.46,23.33,3,0.115,0.884,2.031,0.403,3.161,6.479,3.0,1.07,1,0.008,0.755,0.399
2022-08-15 21:00:00,35.08,32.51,22.0,23.33,3,0.113,2.251,0.874,0.37,3.6,7.094,3.0,0.95,1,-0.002,0.801,3.99
2022-08-15 22:00:00,34.77,32.8,24.11,23.33,2,0.106,1.969,1.544,0.291,2.566,6.369,2.0,0.94,1,0.027,0.703,1.567
2022-08-15 23:00:00,34.34,31.75,22.0,23.33,2,0.098,0.185,1.339,0.998,3.2,5.722,2.0,0.95,1,-0.012,0.551,2.66
2022-08-16 00:00:00,35.16,33.0,22.31,23.33,2,0.117,1.018,1.376,0.696,3.108,6.198,2.0,1.01,0,0.0,0.727,2.047
2022-08-16 01:00:00,35.42,33.74,22.69,23.33,1,0.113,0.843,0.728,0.589,2.593,4.753,2.0,0.96,1,-0.01,0.528,0.64
2022-08-16 02:00:00,33.88,31.26,22.24,23.33,0,0.1,1.963,0.9,1.151,2.329,6.342,0.0,0.93,0,0.0,0.634,0.0
2022-08-16 03:00:00,36.37,34.9,22.32,23.33,0,0.108,1.026,0.905,0.571,2.303,4.805,0.0,1.1,1,-0.039,0.48,0.0
2022-08-16 04:00:00,34.85,33.41,25.25,23.33,0,0.103,1.711,1.433,0.367,1.426,4.938,0.0,1.08,0,0.0,0.507,0.0
2022-08-16 05:00:00,34.96,32.95,22.0,23.33,0,0.104,1.506,2.736,0.474,2.4,7.116,0.0,1.03,0,0.0,0.737,0.0
2022-08-16 06:00:00,35.64,34.12,25.93,23.33,1,0.093,2.439,1.015,0.439,1.621,5.514,1.0,1.08,0,0.0,0.514,2.599
2022-08-16 07:00:00,35.15,34.13,23.52,23.33,3,0.098,2.344,1.54,0.699,3.143,7.726,3.0,1.09,1,0.017,0.778,0.584
2022-08-16 08:00:00,35.85,33.56,23.11,23.33,2,0.083,1.069,1.279,0.492,2.867,5.707,2.0,1.04,0,0.0,0.474,0.439
2022-08-16 09:00:00,35.17,33.15,23.57,23.33,2,0.094,1.809,2.468,0.716,2.729,7.722,2.0,1.0,1,0.011,0.739,0.483
2022-08-16 10:00:00,34.25,32.36,26.04,23.33,1,0.163,2.074,0.625,0.869,1.589,5.157,1.0,1.08,1,0.01,0.851,2.706
2022-08-16 11:00:00,35.21,32.27,22.0,23.33,2,0.14,2.247,0.991,0.977,3.2,7.416,3.0,1.01,0,0.0,1.04,2.66
2022-08-16 12:00:00,33.68,31.54,22.0,23.33,2,0.177,0.17,1.027,0.91,3.2,5.307,2.0,0.93,0,0.0,0.938,2.66
2022-08-16 13:00:00,34.91,32.19,22.09,23.33,0,0.142,0.755,2.982,0.406,2.372,6.515,0.0,0.97,1,0.026,0.949,0.0
2022-08-16 14:00:00,34.75,33.47,23.04,23.33,0,0.17,0.801,1.927,0.316,2.088,5.132,0.0,0.99,0,0.0,0.874,0.0
2022-08-16 15:00:00,34.55,32.41,22.0,23.33,0,0.188,1.086,0.847,0.742,2.4,5.076,0.0,1.09,0,0.0,0.956,0.0
2022-08-16 16:00:00,34.6,31.87,23.03,23.33,0,0.173,0.423,1.18,0.399,2.092,4.095,0.0,1.03,0,0.0,0.708,0.0
2022-08-16 17:00:00,32.82,30.66,25.03,23.33,0,0.156,1.241,0.92,0.285,1.49,3.935,0.0,1.08,0,0.0,0.615,0.0
2022-08-16 18:00:00,34.13,31.69,23.18,23.33,1,0.091,1.658,0.812,0.727,2.445,5.642,0.0,1.05,0,0.0,0.516,0.148
2022-08-16 19:00:00,34.74,33.0,22.65,23.33,1,0.107,1.243,2.493,0.527,2.605,6.869,1.0,0.96,1,0.013,0.746,0.681
2022-08-16 20:00:00,34.78,33.59,22.26,23.33,3,0.092,1.664,1.739,0.956,3.523,7.883,2.0,1.04,0,0.0,0.728,3.215
2022-08-16 21:00:00,33.56,31.64,24.08,23.33,2,0.082,0.166,2.078,0.514,2.577,5.335,2.0,0.94,1,0.034,0.472,1.496
2022-08-16 22:00:00,35.82,34.03,22.01,23.33,2,0.113,2.19,1.328,1.179,3.197,7.894,3.0,0.98,0,0.0,0.894,2.642
2022-08-16 23:00:00,33.66,30.92,25.22,23.33,2,0.092,2.348,1.884,0.959,2.235,7.426,2.0,1.06,1,-0.001,0.685,3.771
2022-08-17 00:00:00,35.46,33.97,25.32,23.33,1,0.083,1.545,1.144,0.258,1.804,4.75,1.0,1.02,0,0.0,0.392,1.99
2022-08-17 01:00:00,34.88,31.95,23.31,23.33,0,0.083,2.203,1.27,0.709,2.008,6.19,0.0,1.07,1,-0.043,0.471,0.0
2022-08-17 02:00:00,33.77,30.85,22.99,23.33,1,0.09,0.329,2.131,0.763,2.504,5.726,1.0,0.95,1,0.045,0.56,0.344
2022-08-17 03:00:00,36.15,34.66,24.24,23.33,0,0.087,1.994,0.876,0.895,1.729,5.494,0.0,1.05,0,0.0,0.479,0.0
2022-08-17 04:00:00,33.14,31.45,24.31,23.33,2,0.111,0.298,2.043,0.698,2.506,5.545,2.0,0.94,0,0.0,0.615,1.968
2022-08-17 05:00:00,35.21,32.42,22.03,23.33,0,0.093,1.02,2.631,0.683,2.39,6.724,0.0,1.01,0,0.0,0.624,0.0
2022-08-17 06:00:00,35.25,32.32,22.37,23.33,2,0.112,0.81,0.801,0.568,3.09,5.268,2.0,0.99,0,0.0,0.591,1.924
2022-08-17 07:00:00,33.54,31.65,22.0,23.33,2,0.087,1.464,2.744,0.471,3.2,7.879,2.0,1.01,1,-0.046,0.639,2.66
2022-08-17 08:00:00,35.56,33.92,23.49,23.33,2,0.1,0.754,0.699,1.146,2.753,5.351,2.0,0.93,0,0.0,0.534,0.322
2022-08-17 09:00:00,33.87,31.82,23.8,23.33,3,0.108,1.593,1.372,0.518,3.06,6.543,3.0,0.97,1,-0.011,0.692,1.41
2022-08-17 10:00:00,34.36,31.99,22.0,23.33,0,0.167,0.918,2.026,0.263,2.4,5.608,0.0,1.03,0,0.0,0.935,0.0
2022-08-17 11:00:00,34.29,32.74,22.45,23.33,0,0.18,2.152,1.899,0.367,2.264,6.682,0.0,1.01,1,-0.043,1.157,0.0
2022-08-17 12:00:00,33.84,31.37,22.0,23.33,1,0.166,1.585,0.741,1.057,2.8,6.183,1.0,1.01,0,0.0,1.029,1.33
2022-08-17 13:00:00,34.74,33.63,22.0,23.33,1,0.182,0.538,2.497,0.787,2.8,6.622,1.0,1.0,0,0.0,1.204,1.33
2022-08-17 14:00:00,34.67,33.57,23.66,23.33,1,0.178,0.84,2.933,0.979,2.302,7.054,1.0,1.09,1,0.024,1.28,0.331
2022-08-17 15:00:00,32.08,30.3,22.12,23.33,1,0.147,2.119,0.953,1.009,2.764,6.844,1.0,1.09,1,-0.027,0.978,1.21
2022-08-17 16:00:00,35.07,33.37,22.64,23.33,0,0.187,0.966,2.738,1.023,2.208,6.936,0.0,0.97,1,-0.004,1.292,0.0
2022-08-17 17:00:00,32.05,30.42,22.0,23.33,0,0.183,1.339,1.892,0.751,2.4,6.382,0.0,0.97,1,0.032,1.201,0.0
2022-08-17 18:00:00,34.69,32.71,23.22,23.33,3,0.089,1.622,2.84,0.377,3.233,8.072,3.0,1.01,1,0.042,0.763,0.317
2022-08-17 19:00:00,34.73,33.09,22.95,23.33,2,0.105,0.87,0.94,0.348,2.916,5.074,2.0,0.92,1,0.022,0.557,0.766
2022-08-17 20:00:00,32.45,31.07,22.13,23.33,2,0.09,0.735,2.48,0.774,3.162,7.151,3.0,0.96,0,0.0,0.646,2.41
2022-08-17 21:00:00,33.08,31.46,22.77,23.33,2,0.088,1.188,0.649,0.567,2.968,5.372,2.0,0.95,0,0.0,0.471,1.114
2022-08-17 22:00:00,32.32,29.37,23.22,23.33,3,0.098,0.537,2.708,0.758,3.235,7.238,3.0,0.94,1,0.019,0.731,0.341
2022-08-17 23:00:00,33.15,31.33,22.02,23.33,3,0.105,0.711,2.185,0.698,3.593,7.188,3.0,1.03,1,0.037,0.789,3.924
2022-08-18 00:00:00,33.0,31.11,22.0,23.33,1,0.09,0.155,1.426,0.802,2.8,5.183,1.0,0.98,1,0.039,0.505,1.33
2022-08-18 01:00:00,34.02,31.87,25.17,23.33,0,0.092,0.76,0.976,0.232,1.45,3.418,0.0,0.93,0,0.0,0.315,0.0
2022-08-18 02:00:00,34.49,31.52,22.24,23.33,1,0.105,0.802,2.541,0.233,2.728,6.304,1.0,1.08,1,0.031,0.69,1.09
2022-08-18 03:00:00,34.51,33.02,22.88,23.33,0,0.118,2.405,2.008,0.922,2.135,7.469,0.0,1.07,1,-0.035,0.845,0.0
2022-08-18 04:00:00,32.48,30.12,24.21,23.33,0,0.107,1.474,1.401,0.393,1.736,5.005,0.0,1.07,1,0.025,0.56,0.0
2022-08-18 05:00:00,32.77,30.34,27.23,23.33,2,0.111,1.968,1.61,0.852,1.63,6.06,2.0,0.98,0,0.0,0.675,7.81
2022-08-18 06:00:00,31.23,29.01,22.0,23.33,2,0.095,0.113,2.566,0.747,3.2,6.626,2.0,0.91,1,0.038,0.665,2.66
2022-08-18 07:00:00,32.04,30.86,23.54,23.33,3,0.091,0.266,1.347,1.182,3.138,5.934,3.0,0.92,1,0.042,0.582,0.629
2022-08-18 08:00:00,33.74,31.38,22.15,23.33,2,0.098,2.036,0.724,1.035,3.155,6.951,2.0,0.96,1,0.001,0.683,2.358
2022-08-18 09:00:00,34.32,33.19,22.35,23.33,1,0.112,1.559,2.778,0.613,2.694,7.644,1.0,0.94,1,0.016,0.874,0.977
2022-08-18 10:00:00,31.39,29.2,22.14,23.33,1,0.179,0.477,1.468,0.816,2.759,5.522,1.0,1.07,1,-0.049,0.94,1.194
2022-08-18 11:00:00,31.96,29.48,22.0,23.33,0,0.153,1.012,1.371,0.317,2.4,5.1,0.0,1.1,0,0.0,0.781,0.0
2022-08-18 12:00:00,32.45,31.03,22.95,23.33,0,0.152,1.347,1.011,0.586,2.115,5.059,0.0,1.06,1,-0.003,0.767,0.0
2022-08-18 13:00:00,32.69,30.0,22.0,23.33,2,0.159,2.109,2.744,0.934,3.2,8.986,2.0,1.05,1,0.046,1.479,2.66
2022-08-18 14:00:00,31.52,30.46,24.14,23.33,1,0.14,0.151,1.044,0.823,2.159,4.177,1.0,1.02,0,0.0,0.587,0.806
2022-08-18 15:00:00,32.68,29.99,23.07,23.33,2,0.181,1.492,2.092,0.684,2.88,7.148,2.0,1.05,0,0.0,1.293,0.528
2022-08-18 16:00:00,31.7,29.78,23.51,23.33,0,0.156,1.793,2.702,0.377,1.948,6.819,0.0,1.09,0,0.0,1.065,0.0
2022-08-18 17:00:00,32.08,30.65,22.44,23.33,0,0.189,2.445,0.587,1.003,2.268,6.303,0.0,1.02,1,-0.01,1.181,0.0
2022-08-18 18:00:00,32.56,31.3,22.56,23.33,1,0.115,2.018,2.572,0.473,2.632,7.695,1.0,0.93,1,0.02,0.903,0.771
2022-08-18 19:00:00,31.94,29.04,23.35,23.33,2,0.081,0.691,1.526,1.02,2.796,6.034,2.0,0.93,0,0.0,0.488,0.03
2022-08-18 20:00:00,31.42,30.27,22.0,23.33,3,0.093,1.774,2.145,0.812,3.6,8.33,3.0,1.02,1,-0.026,0.745,3.99
2022-08-18 21:00:00,31.66,30.27,22.57,23.33,3,0.087,1.908,1.431,0.573,3.429,7.341,3.0,0.97,1,0.039,0.68,2.279
2022-08-18 22:00:00,31.6,29.91,22.0,23.33,2,0.117,1.824,2.239,0.241,3.2,7.504,1.0,1.08,1,-0.037,0.843,2.66
2022-08-18 23:00:00,31.24,29.0,22.0,23.33,2,0.107,2.05,1.136,0.432,3.2,6.819,2.0,1.02,1,-0.045,0.683,2.66
2022-08-19 00:00:00,31.26,29.17,22.0,23.33,0,0.116,2.259,0.555,1.089,2.4,6.303,0.0,1.04,1,0.008,0.742,0.0
2022-08-19 01:00:00,33.04,31.78,24.61,23.33,0,0.119,0.246,2.869,1.018,1.618,5.751,0.0,0.9,0,0.0,0.684,0.0
2022-08-19 02:00:00,31.91,30.33,22.18,23.33,1,0.1,0.262,0.541,0.775,2.747,4.325,0.0,1.0,1,0.033,0.465,1.154
2022-08-19 03:00:00,30.97,29.49,24.4,23.33,0,0.089,1.991,2.56,0.666,1.681,6.899,0.0,0.99,1,0.047,0.664,0.0
2022-08-19 04:00:00,31.87,30.45,24.28,23.33,2,0.088,0.631,0.923,0.847,2.515,4.916,2.0,1.04,0,0.0,0.431,1.905
2022-08-19 05:00:00,30.75,28.93,22.0,23.33,0,0.089,0.146,1.481,0.666,2.4,4.693,0.0,0.98,1,-0.006,0.411,0.0
2022-08-19 06:00:00,32.17,29.76,22.0,23.33,2,0.108,1.003,2.556,0.844,3.2,7.604,2.0,1.1,0,0.0,0.824,2.66
2022-08-19 07:00:00,31.28,29.84,26.07,23.33,3,0.082,2.05,1.015,0.507,2.378,5.95,3.0,1.03,1,-0.007,0.478,8.228
2022-08-19 08:00:00,30.71,28.98,25.1,23.33,3,0.082,0.316,2.664,1.038,2.67,6.689,3.0,1.03,1,-0.015,0.534,5.313
2022-08-19 09:00:00,31.17,29.39,22.96,23.33,1,0.104,1.68,1.744,0.902,2.511,6.837,1.0,1.08,1,-0.005,0.708,0.368
2022-08-19 10:00:00,29.06,26.11,23.31,23.33,2,0.193,0.009,1.415,0.53,2.807,4.762,2.0,1.1,1,0.031,0.949,0.042
2022-08-19 11:00:00,29.41,26.5,22.24,23.33,1,0.187,0.274,2.156,1.031,2.727,6.188,1.0,0.94,1,0.042,1.199,1.087
2022-08-19 12:00:00,29.25,26.65,23.52,23.33,0,0.164,0.877,1.353,0.687,1.944,4.862,0.0,1.06,1,-0.014,0.786,0.0
2022-08-19 13:00:00,30.49,29.01,22.14,23.33,2,0.199,0.209,1.368,0.375,3.158,5.11,2.0,0.93,1,-0.004,1.013,2.381
2022-08-19 14:00:00,31.99,30.85,22.0,23.33,2,0.163,2.115,2.334,0.278,3.2,7.926,2.0,0.99,0,0.0,1.29,2.66
2022-08-19 15:00:00,32.39,30.76,22.0,23.33,2,0.178,2.16,1.275,0.9,3.2,7.534,2.0,0.92,1,-0.045,1.298,2.66
2022-08-19 16:00:00,30.7,29.17,23.03,23.33,0,0.15,1.889,1.002,1.065,2.092,6.048,0.0,1.02,1,0.028,0.934,0.0
2022-08-19 17:00:00,30.47,28.45,22.0,23.33,2,0.199,0.606,2.519,1.007,3.2,7.333,1.0,0.99,0,0.0,1.458,2.66
2022-08-19 18:00:00,28.07,25.51,22.92,23.33,1,0.082,1.308,2.513,0.856,2.524,7.201,1.0,1.03,1,-0.012,0.581,0.411
2022-08-19 19:00:00,29.23,26.51,22.0,23.33,2,0.096,0.46,1.744,0.341,3.2,5.746,2.0,1.04,0,0.0,0.55,2.66
2022-08-19 20:00:00,28.88,26.19,22.06,23.33,2,0.1,0.703,1.817,0.294,3.182,5.996,2.0,1.02,1,-0.008,0.588,2.538
2022-08-19 21:00:00,28.95,27.23,24.02,23.33,3,0.086,1.29,2.24,0.545,2.993,7.068,3.0,0.96,0,0.0,0.607,2.081
2022-08-19 22:00:00,29.3,26.93,23.3,23.33,3,0.115,1.838,1.773,1.055,3.211,7.877,3.0,1.07,0,0.0,0.904,0.099
2022-08-19 23:00:00,28.9,27.27,22.99,23.33,1,0.091,0.237,1.543,1.162,2.503,5.444,1.0,1.01,0,0.0,0.497,0.342
2022-08-20 00:00:00,27.29,26.17,24.05,23.33,1,0.111,0.742,2.987,0.441,2.184,6.354,1.0,1.0,0,0.0,0.707,0.725
2022-08-20 01:00:00,29.92,27.51,23.58,23.33,1,0.107,2.317,0.869,0.962,2.327,6.475,1.0,1.1,0,0.0,0.692,0.247
2022-08-20 02:00:00,27.99,26.97,24.74,23.33,1,0.104,1.073,1.982,0.774,1.979,5.808,1.0,0.96,0,0.0,0.604,1.406
2022-08-20 03:00:00,29.2,27.38,22.45,23.33,1,0.088,2.347,2.715,0.232,2.666,7.959,1.0,1.01,0,0.0,0.698,0.882
2022-08-20 04:00:00,30.93,29.27,22.48,23.33,0,0.089,2.479,2.218,0.743,2.255,7.694,0.0,1.04,0,0.0,0.683,0.0
2022-08-20 05:00:00,27.84,25.45,22.0,23.33,2,0.082,1.317,2.702,1.006,3.2,8.225,2.0,0.93,1,-0.048,0.626,2.66
2022-08-20 06:00:00,26.12,23.59,22.49,23.33,1,0.09,0.72,1.341,0.476,2.654,5.192,1.0,0.97,0,0.0,0.465,0.845
2022-08-20 07:00:00,28.26,26.65,24.16,23.33,1,0.094,1.977,1.18,1.097,2.153,6.407,1.0,1.06,1,0.049,0.65,0.828
2022-08-20 08:00:00,29.54,26.92,24.56,23.33,2,0.113,0.398,2.628,0.436,2.432,5.895,2.0,0.95,1,0.014,0.682,2.46
2022-08-20 09:00:00,30.29,28.71,24.15,23.33,2,0.095,0.63,1.485,0.276,2.554,4.946,2.0,1.0,0,0.0,0.468,1.645
2022-08-20 10:00:00,27.0,25.11,22.0,23.33,0,0.172,1.962,2.274,0.36,2.4,6.996,0.0,1.03,0,0.0,1.202,0.0
2022-08-20 11:00:00,28.62,26.17,24.3,23.33,0,0.164,1.084,0.869,1.037,1.71,4.701,0.0,1.03,1,-0.029,0.741,0.0
2022-08-20 12:00:00,27.55,25.17,22.0,23.33,1,0.172,0.504,2.39,0.617,2.8,6.311,1.0,1.05,1,-0.01,1.076,1.33
2022-08-20 13:00:00,27.8,24.83,24.08,23.33,0,0.178,1.628,1.872,0.997,1.777,6.274,0.0,1.07,0,0.0,1.115,0.0
2022-08-20 14:00:00,30.45,29.0,22.56,23.33,2,0.195,1.832,1.172,0.731,3.032,6.767,2.0,0.98,0,0.0,1.322,1.543
2022-08-20 15:00:00,26.19,23.87,23.84,23.33,0,0.151,0.313,1.736,0.681,1.847,4.577,0.0,1.04,0,0.0,0.69,0.0
2022-08-20 16:00:00,27.84,25.62,22.0,23.33,0,0.158,0.692,2.242,1.007,2.4,6.342,0.0,1.05,1,0.011,1.011,0.0
2022-08-20 17:00:00,27.94,25.11,24.41,23.33,2,0.199,0.553,0.53,0.623,2.478,4.185,2.0,0.96,1,-0.035,0.796,2.151
2022-08-20 18:00:00,28.45,27.14,22.0,23.33,3,0.106,0.95,2.094,1.002,3.6,7.645,3.0,1.09,0,0.0,0.811,3.99
2022-08-20 19:00:00,27.36,24.85,22.2,23.33,2,0.097,1.909,1.854,0.301,3.141,7.204,2.0,1.07,0,0.0,0.698,2.264
2022-08-20 20:00:00,27.46,25.32,22.0,23.33,2,0.089,1.784,1.051,0.836,3.2,6.871,2.0,0.96,0,0.0,0.612,2.66
2022-08-20 21:00:00,26.65,25.1,22.0,23.33,3,0.083,1.656,2.382,0.903,3.6,8.541,3.0,1.04,1,-0.031,0.676,3.99
2022-08-20 22:00:00,27.2,25.25,23.11,23.33,1,0.101,0.016,1.259,1.099,2.466,4.839,1.0,1.04,1,0.004,0.495,0.217
2022-08-20 23:00:00,26.48,24.81,25.17,23.33,1,0.12,0.355,1.192,0.424,1.85,3.822,1.0,0.99,1,-0.004,0.453,1.837
2022-08-21 00:00:00,27.33,25.17,26.2,23.33,2,0.11,0.558,1.678,0.804,1.94,4.98,2.0,1.07,0,0.0,0.545,5.741
2022-08-21 01:00:00,26.23,23.45,23.12,23.33,1,0.093,0.68,2.19,0.633,2.465,5.969,1.0,1.04,1,0.033,0.589,0.213
2022-08-21 02:00:00,26.86,24.73,24.34,23.33,0,0.113,0.366,2.822,0.583,1.698,5.469,0.0,1.03,0,0.0,0.618,0.0
2022-08-21 03:00:00,26.35,24.08,23.28,23.33,1,0.111,1.026,0.853,0.307,2.416,4.602,1.0,0.94,1,-0.041,0.469,0.051
2022-08-21 04:00:00,27.39,25.35,23.6,23.33,1,0.091,0.188,1.491,0.334,2.32,4.334,1.0,0.98,0,0.0,0.396,0.269
2022-08-21 05:00:00,26.1,25.0,22.59,23.33,0,0.081,1.875,0.667,1.037,2.223,5.803,0.0,0.99,1,0.047,0.515,0.0
2022-08-21 06:00:00,24.27,22.8,23.23,23.33,2,0.085,1.969,2.396,0.95,2.83,8.145,2.0,1.05,0,0.0,0.69,0.192
2022-08-21 07:00:00,27.19,25.21,23.64,23.33,3,0.115,1.436,1.619,0.582,3.107,6.744,3.0,1.02,1,-0.025,0.752,0.945
2022-08-21 08:00:00,24.91,23.29,22.31,23.33,1,0.113,0.224,2.267,1.028,2.708,6.228,1.0,0.92,0,0.0,0.707,1.024
2022-08-21 09:00:00,25.05,23.69,22.91,23.33,1,0.092,2.225,1.305,0.281,2.528,6.339,1.0,0.96,0,0.0,0.582,0.423
2022-08-21 10:00:00,25.0,22.99,22.93,23.33,1,0.172,2.414,2.611,0.825,2.521,8.371,1.0,0.99,0,0.0,1.44,0.4
2022-08-21 11:00:00,26.86,25.21,23.99,23.33,1,0.182,0.506,1.837,1.068,2.202,5.614,1.0,1.05,1,-0.009,1.011,0.662
2022-08-21 12:00:00,23.23,21.72,22.0,23.33,1,0.194,1.762,2.859,1.039,2.8,8.459,1.0,1.05,0,0.0,1.639,1.33
2022-08-21 13:00:00,28.4,26.47,22.94,23.33,1,0.149,2.105,0.697,0.573,2.519,5.893,1.0,1.0,0,0.0,0.877,0.392
2022-08-21 14:00:00,26.2,24.94,25.29,23.33,1,0.154,1.35,1.786,0.945,1.812,5.892,0.0,0.92,0,0.0,0.906,1.964
2022-08-21 15:00:00,25.26,22.4,24.4,23.33,0,0.146,0.808,2.416,0.627,1.681,5.533,0.0,0.96,0,0.0,0.81,0.0
2022-08-21 16:00:00,24.87,22.13,24.62,23.33,2,0.148,1.196,2.0,1.04,2.414,6.651,2.0,0.95,0,0.0,0.987,2.578
2022-08-21 17:00:00,25.09,22.68,23.03,23.33,1,0.171,1.281,0.558,0.731,2.491,5.061,2.0,1.06,0,0.0,0.864,0.301
2022-08-21 18:00:00,25.22,24.01,23.39,23.33,2,0.112,1.002,2.931,0.965,2.784,7.682,2.0,0.94,0,0.0,0.863,0.11
2022-08-21 19:00:00,25.23,22.68,24.2,23.33,3,0.095,2.325,1.246,0.279,2.939,6.788,3.0,0.99,0,0.0,0.648,2.618
2022-08-21 20:00:00,25.03,22.41,24.87,23.33,2,0.113,1.86,1.123,0.79,2.338,6.111,2.0,1.03,1,-0.021,0.672,3.085
2022-08-21 21:00:00,24.45,21.91,22.0,23.33,3,0.095,0.603,1.714,0.75,3.6,6.668,3.0,1.09,0,0.0,0.635,3.99
2022-08-21 22:00:00,24.05,22.82,22.0,23.33,3,0.113,1.464,1.855,0.81,3.6,7.729,3.0,1.1,1,-0.004,0.869,3.99
2022-08-21 23:00:00,23.99,21.7,24.57,23.33,3,0.093,1.722,2.416,0.896,2.829,7.862,2.0,1.09,0,0.0,0.734,3.724
2022-08-22 00:00:00,23.83,21.16,22.67,23.33,0,0.098,0.35,1.483,1.118,2.2,5.151,0.0,1.04,1,-0.006,0.497,0.0
2022-08-22 01:00:00,25.05,22.89,22.19,23.33,2,0.105,0.896,1.6,0.986,3.142,6.623,2.0,1.05,0,0.0,0.693,2.272
2022-08-22 02:00:00,24.4,22.1,22.0,23.33,1,0.083,2.264,1.837,0.42,2.8,7.321,1.0,1.05,1,0.009,0.616,1.33
2022-08-22 03:00:00,20.75,18.83,22.33,23.33,1,0.118,1.418,1.486,1.026,2.7,6.63,1.0,1.07,0,0.0,0.782,0.996
2022-08-22 04:00:00,24.24,22.18,22.0,23.33,0,0.103,0.542,2.786,0.322,2.4,6.051,0.0,1.09,0,0.0,0.623,0.0
2022-08-22 05:00:00,23.66,22.59,25.51,23.33,2,0.1,0.307,2.628,0.822,2.147,5.904,2.0,0.99,0,0.0,0.592,4.359
2022-08-22 06:00:00,23.34,21.06,22.97,23.33,3,0.114,1.296,1.637,1.083,3.308,7.324,3.0,0.98,0,0.0,0.832,1.071
2022-08-22 07:00:00,22.86,21.7,22.93,23.33,1,0.115,1.369,0.5,0.301,2.521,4.692,1.0,0.99,0,0.0,0.538,0.4
2022-08-22 08:00:00,24.26,22.39,23.71,23.33,3,0.101,0.836,2.752,1.05,3.088,7.726,3.0,1.03,0,0.0,0.78,1.127
2022-08-22 09:00:00,23.97,22.39,24.15,23.33,3,0.117,1.576,0.811,0.999,2.954,6.339,3.0,1.06,1,-0.046,0.696,2.474
2022-08-22 10:00:00,22.14,20.05,24.14,23.33,0,0.168,0.172,1.111,0.704,1.759,3.746,0.0,1.07,0,0.0,0.629,0.0
2022-08-22 11:00:00,23.21,21.95,24.29,23.33,1,0.177,0.363,0.881,0.509,2.113,3.866,1.0,0.99,0,0.0,0.683,0.958
2022-08-22 12:00:00,21.73,19.34,22.24,23.33,0,0.165,1.366,0.95,0.605,2.327,5.248,0.0,0.97,1,-0.033,0.835,0.0
2022-08-22 13:00:00,21.21,18.62,22.64,23.33,1,0.141,0.155,2.507,1.169,2.607,6.438,1.0,1.1,1,-0.008,0.9,0.687
2022-08-22 14:00:00,21.85,20.53,23.92,23.33,1,0.199,2.202,1.949,0.402,2.223,6.776,1.0,0.95,0,0.0,1.349,0.593
2022-08-22 15:00:00,23.23,22.02,22.37,23.33,0,0.162,0.355,2.89,0.78,2.29,6.315,0.0,0.94,1,-0.005,1.018,0.0
2022-08-22 16:00:00,23.22,21.93,22.99,23.33,0,0.187,1.685,1.079,0.283,2.102,5.149,0.0,1.04,0,0.0,0.961,0.0
2022-08-22 17:00:00,22.67,19.91,23.48,23.33,2,0.16,0.978,1.714,0.418,2.756,5.866,2.0,0.94,0,0.0,0.936,0.297
2022-08-22 18:00:00,22.77,20.72,23.94,23.33,2,0.104,0.999,2.944,0.963,2.617,7.524,2.0,0.98,0,0.0,0.781,1.224
2022-08-22 19:00:00,22.46,20.52,22.0,23.33,3,0.12,1.912,2.566,0.503,3.6,8.581,3.0,0.96,0,0.0,1.029,3.99
2022-08-22 20:00:00,21.19,19.98,23.86,23.33,3,0.111,1.249,2.322,1.186,3.043,7.799,3.0,0.93,0,0.0,0.869,1.583
2022-08-22 21:00:00,22.16,19.86,22.72,23.33,3,0.091,1.814,0.972,0.701,3.384,6.872,3.0,1.02,0,0.0,0.625,1.831
2022-08-22 22:00:00,22.42,19.69,23.85,23.33,3,0.091,1.263,2.424,0.717,3.045,7.448,3.0,0.97,0,0.0,0.675,1.557
2022-08-22 23:00:00,22.27,19.61,23.93,23.33,2,0.093,1.482,1.369,0.236,2.62,5.708,2.0,0.99,1,0.024,0.558,1.205
2022-08-23 00:00:00,22.6,20.35,24.93,23.33,0,0.114,1.902,1.826,1.157,1.521,6.406,0.0,0.94,1,-0.045,0.683,0.0
2022-08-23 01:00:00,22.02,20.86,24.62,23.33,2,0.081,1.518,2.023,0.374,2.413,6.328,2.0,1.05,1,-0.03,0.483,2.588
2022-08-23 02:00:00,21.55,20.33,24.62,23.33,1,0.089,1.539,2.023,0.738,2.015,6.316,0.0,0.96,1,-0.021,0.543,1.286
2022-08-23 03:00:00,22.17,21.07,24.73,23.33,0,0.116,1.973,2.316,0.596,1.58,6.465,0.0,0.97,1,0.009,0.761,0.0
2022-08-23 04:00:00,20.97,19.45,23.35,23.33,1,0.106,2.373,2.154,0.616,2.395,7.538,1.0,0.95,1,0.031,0.827,0.02
2022-08-23 05:00:00,20.01,18.74,23.04,23.33,0,0.089,0.942,0.671,0.843,2.088,4.544,1.0,0.99,1,-0.044,0.361,0.0
2022-08-23 06:00:00,20.63,19.11,24.05,23.33,3,0.089,1.443,1.643,0.862,2.986,6.934,3.0,0.99,0,0.0,0.616,2.152
2022-08-23 07:00:00,19.95,18.18,23.88,23.33,1,0.115,0.216,2.16,0.354,2.236,4.966,1.0,1.01,0,0.0,0.569,0.548
2022-08-23 08:00:00,19.91,17.03,22.63,23.33,2,0.116,0.897,1.24,0.7,3.011,5.848,2.0,1.09,1,-0.032,0.645,1.402
2022-08-23 09:00:00,20.34,18.12,23.49,23.33,2,0.09,1.03,1.283,0.99,2.754,6.058,1.0,1.08,0,0.0,0.547,0.312
2022-08-23 10:00:00,19.6,16.93,22.96,23.33,2,0.191,2.088,0.811,0.643,2.913,6.455,2.0,1.02,0,0.0,1.233,0.744
2022-08-23 11:00:00,19.98,17.56,22.0,23.33,0,0.196,1.283,1.547,0.366,2.4,5.596,0.0,0.91,0,0.0,1.096,0.0
2022-08-23 12:00:00,18.3,17.07,24.55,23.33,2,0.196,1.828,2.967,0.513,2.435,7.743,2.0,1.02,1,0.002,1.518,2.437
2022-08-23 13:00:00,20.31,17.83,23.07,23.33,0,0.14,0.048,1.213,0.412,2.08,3.753,0.0,0.92,0,0.0,0.527,0.0
2022-08-23 14:00:00,20.0,18.45,25.46,23.33,2,0.195,1.161,1.829,0.326,2.162,5.478,2.0,1.04,0,0.0,1.07,4.257
2022-08-23 15:00:00,19.08,16.8,22.0,23.33,1,0.143,2.253,2.358,0.578,2.8,7.989,1.0,0.98,0,0.0,1.145,1.33
2022-08-23 16:00:00,20.46,18.78,22.33,23.33,0,0.156,0.561,0.534,0.741,2.3,4.136,0.0,1.07,1,0.004,0.649,0.0
2022-08-23 17:00:00,20.64,17.65,23.04,23.33,0,0.171,0.079,2.751,0.273,2.088,5.191,0.0,1.09,0,0.0,0.887,0.0
2022-08-23 18:00:00,18.0,16.48,24.36,23.33,1,0.108,1.084,1.466,0.804,2.091,5.444,2.0,0.98,0,0.0,0.59,1.035
2022-08-23 19:00:00,18.75,17.2,23.48,23.33,3,0.102,1.761,2.673,1.193,3.156,8.783,3.0,0.99,1,-0.049,0.843,0.448
2022-08-23 20:00:00,18.65,15.79,23.37,23.33,3,0.114,1.136,0.597,1.164,3.188,6.086,3.0,1.02,1,-0.035,0.66,0.128
2022-08-23 21:00:00,18.39,17.34,22.0,23.33,1,0.083,1.15,0.864,1.029,2.8,5.843,1.0,0.94,1,-0.046,0.441,1.33
2022-08-23 22:00:00,20.07,17.68,22.0,23.33,1,0.114,1.675,1.306,0.466,2.8,6.247,1.0,1.09,1,-0.007,0.704,1.33
2022-08-23 23:00:00,18.95,16.5,23.39,23.33,3,0.092,0.636,1.364,0.222,3.184,5.406,3.0,0.99,0,0.0,0.496,0.171
2022-08-24 00:00:00,18.79,16.12,22.0,23.33,1,0.106,1.88,2.619,1.034,2.8,8.333,1.0,0.93,1,-0.008,0.877,1.33
2022-08-24 01:00:00,16.96,14.01,22.36,23.33,1,0.082,0.383,0.528,0.256,2.691,3.858,1.0,1.05,0,0.0,0.315,0.968
2022-08-24 02:00:00,19.51,16.56,23.6,23.33,2,0.104,0.989,2.103,0.406,2.72,6.217,2.0,0.94,1,0.004,0.653,0.542
2022-08-24 03:00:00,17.55,16.42,22.0,23.33,1,0.109,1.64,0.828,0.744,2.8,6.013,1.0,0.93,0,0.0,0.654,1.33
2022-08-24 04:00:00,18.76,16.12,24.93,23.33,1,0.095,2.071,2.558,0.378,1.922,6.929,1.0,1.01,0,0.0,0.657,1.596
2022-08-24 05:00:00,18.89,16.6,24.47,23.33,0,0.089,1.979,2.446,1.034,1.659,7.118,0.0,1.03,0,0.0,0.631,0.0
2022-08-24 06:00:00,19.89,17.6,22.0,23.33,2,0.102,1.804,1.75,0.977,3.2,7.731,2.0,1.01,0,0.0,0.785,2.66
2022-08-24 07:00:00,17.14,15.88,22.0,23.33,1,0.113,0.898,1.032,0.956,2.8,5.685,2.0,1.03,0,0.0,0.644,1.33
2022-08-24 08:00:00,15.34,13.04,22.0,23.33,3,0.093,0.306,2.086,1.016,3.6,7.008,3.0,0.92,1,-0.008,0.644,3.99
2022-08-24 09:00:00,18.46,15.5,22.06,23.33,3,0.09,0.542,0.891,0.42,3.582,5.434,3.0,1.0,1,-0.046,0.444,3.807
2022-08-24 10:00:00,19.99,17.17,23.92,23.33,1,0.145,2.162,0.975,0.929,2.224,6.29,1.0,0.97,0,0.0,0.909,0.59
2022-08-24 11:00:00,19.35,17.47,22.5,23.33,0,0.173,2.143,2.067,0.555,2.249,7.014,0.0,1.09,0,0.0,1.211,0.0
2022-08-24 12:00:00,18.24,17.16,23.55,23.33,1,0.18,2.379,2.978,0.867,2.334,8.558,1.0,0.91,1,-0.041,1.501,0.223
2022-08-24 13:00:00,17.46,15.73,22.0,23.33,0,0.196,0.19,2.728,0.322,2.4,5.64,0.0,0.96,1,0.045,1.153,0.0
2022-08-24 14:00:00,18.68,16.03,23.96,23.33,2,0.184,1.342,1.983,0.906,2.613,6.843,2.0,1.09,0,0.0,1.262,1.255
2022-08-24 15:00:00,16.82,14.42,22.33,23.33,2,0.172,1.622,1.846,1.172,3.1,7.74,3.0,1.1,1,0.033,1.368,1.992
2022-08-24 16:00:00,18.19,16.27,23.01,23.33,0,0.196,1.777,2.996,0.244,2.096,7.112,0.0,1.06,1,0.036,1.43,0.0
2022-08-24 17:00:00,18.15,17.03,22.89,23.33,0,0.169,1.61,1.868,0.294,2.133,5.905,0.0,0.92,0,0.0,0.996,0.0
2022-08-24 18:00:00,18.62,16.77,22.0,23.33,3,0.104,1.925,1.55,0.324,3.6,7.399,3.0,1.01,0,0.0,0.772,3.99
2022-08-24 19:00:00,20.25,18.31,22.0,23.33,2,0.1,0.899,2.774,0.631,3.2,7.503,2.0,0.98,0,0.0,0.751,2.66
2022-08-24 20:00:00,17.81,14.95,24.16,23.33,1,0.095,0.449,1.085,0.491,2.152,4.176,1.0,1.06,1,-0.039,0.359,0.831
2022-08-24 21:00:00,16.83,14.55,23.48,23.33,3,0.116,0.511,0.744,1.007,3.156,5.419,3.0,0.91,0,0.0,0.628,0.446
2022-08-24 22:00:00,17.25,15.62,24.26,23.33,2,0.09,0.03,2.085,0.674,2.522,5.311,2.0,0.94,0,0.0,0.477,1.86
2022-08-24 23:00:00,15.43,13.38,23.39,23.33,3,0.091,0.876,0.74,0.685,3.183,5.483,3.0,1.0,1,-0.025,0.477,0.179
2022-08-25 00:00:00,16.44,15.3,23.17,23.33,1,0.085,0.229,1.433,0.917,2.449,5.028,1.0,0.93,0,0.0,0.427,0.158
2022-08-25 01:00:00,16.65,13.71,22.0,23.33,1,0.11,0.804,1.559,0.562,2.8,5.725,1.0,1.04,1,0.018,0.649,1.33
2022-08-25 02:00:00,16.47,14.75,22.68,23.33,2,0.104,1.571,1.869,0.553,2.997,6.99,2.0,1.06,0,0.0,0.726,1.309
2022-08-25 03:00:00,17.08,15.12,22.97,23.33,2,0.104,2.236,2.979,0.957,2.91,9.082,2.0,1.04,1,-0.014,0.934,0.726
2022-08-25 04:00:00,16.04,14.33,25.34,23.33,2,0.089,2.099,1.052,0.98,2.197,6.328,2.0,0.99,1,-0.02,0.541,4.027
2022-08-25 05:00:00,17.92,15.55,23.82,23.33,0,0.106,0.632,1.439,0.214,1.853,4.138,0.0,1.08,1,0.035,0.474,0.0
2022-08-25 06:00:00,16.73,14.41,24.84,23.33,1,0.111,0.335,0.831,0.344,1.947,3.457,1.0,0.93,0,0.0,0.382,1.513
2022-08-25 07:00:00,16.66,14.23,23.72,23.33,1,0.094,0.483,2.019,0.413,2.285,5.2,1.0,0.95,0,0.0,0.49,0.387
2022-08-25 08:00:00,16.28,14.75,22.15,23.33,2,0.112,2.427,2.319,0.552,3.156,8.454,2.0,1.0,1,-0.037,0.91,2.367
2022-08-25 09:00:00,16.7,15.07,23.14,23.33,1,0.094,1.374,1.705,0.491,2.458,6.028,1.0,0.91,0,0.0,0.566,0.189
2022-08-25 10:00:00,17.31,16.06,23.28,23.33,0,0.148,0.456,1.115,0.869,2.015,4.454,0.0,0.92,1,-0.018,0.643,0.0
2022-08-25 11:00:00,15.56,13.25,22.0,23.33,2,0.191,2.102,2.052,1.028,3.2,8.382,2.0,0.98,1,0.021,1.622,2.66
2022-08-25 12:00:00,15.72,14.64,22.54,23.33,2,0.197,0.988,1.848,0.392,3.038,6.266,2.0,1.09,1,0.045,1.279,1.583
2022-08-25 13:00:00,16.01,13.82,22.75,23.33,0,0.162,2.248,0.928,0.763,2.174,6.113,0.0,1.08,0,0.0,0.988,0.0
2022-08-25 14:00:00,14.92,12.18,24.93,23.33,2,0.171,0.652,1.514,0.568,2.322,5.056,2.0,0.99,1,0.001,0.866,3.193
2022-08-25 15:00:00,15.39,12.61,22.0,23.33,1,0.187,0.983,1.588,0.706,2.8,6.077,1.0,0.93,1,-0.038,1.097,1.33
2022-08-25 16:00:00,15.68,13.78,24.45,23.33,2,0.174,1.262,2.957,0.821,2.466,7.506,2.0,0.94,0,0.0,1.304,2.234
2022-08-25 17:00:00,16.98,15.06,22.0,23.33,0,0.2,2.232,2.623,1.094,2.4,8.348,0.0,0.98,1,0.035,1.702,0.0
2022-08-25 18:00:00,16.32,15.16,22.0,23.33,3,0.115,2.172,2.336,0.392,3.6,8.5,3.0,0.94,0,0.0,0.977,3.99
2022-08-25 19:00:00,16.2,13.86,24.42,23.33,3,0.103,1.436,2.722,0.287,2.875,7.32,2.0,0.92,1,0.042,0.794,3.258
2022-08-25 20:00:00,16.81,14.16,23.88,23.33,2,0.095,0.554,2.339,0.827,2.637,6.357,2.0,1.03,1,0.017,0.623,1.097
2022-08-25 21:00:00,15.77,14.28,24.51,23.33,2,0.085,1.008,2.759,0.594,2.448,6.809,2.0,1.02,0,0.0,0.575,2.351
2022-08-25 22:00:00,16.25,14.41,23.96,23.33,2,0.118,2.439,0.636,0.363,2.612,6.05,2.0,0.96,0,0.0,0.713,1.262
2022-08-25 23:00:00,15.71,13.04,25.47,23.33,3,0.101,1.519,1.64,0.317,2.558,6.035,3.0,1.06,0,0.0,0.611,6.425
2022-08-26 00:00:00,16.04,13.28,23.67,23.33,0,0.091,1.953,2.367,0.759,1.899,6.978,0.0,1.06,1,-0.028,0.609,0.0
2022-08-26 01:00:00,15.15,13.66,22.81,23.33,0,0.094,1.125,1.958,0.5,2.156,5.74,0.0,1.0,1,-0.021,0.518,0.0
2022-08-26 02:00:00,13.25,11.15,23.41,23.33,1,0.091,1.33,0.938,1.197,2.377,5.842,0.0,0.92,0,0.0,0.531,0.082
2022-08-26 03:00:00,15.51,14.13,24.49,23.33,1,0.104,1.072,1.351,0.606,2.052,5.082,1.0,1.08,1,0.042,0.57,1.162
2022-08-26 04:00:00,17.03,15.83,22.06,23.33,0,0.117,1.757,1.294,0.412,2.381,5.845,0.0,1.03,1,-0.013,0.672,0.0
2022-08-26 05:00:00,16.5,13.67,22.22,23.33,1,0.114,2.129,1.153,0.829,2.735,6.846,1.0,0.95,1,0.002,0.785,1.112
2022-08-26 06:00:00,16.5,13.86,22.63,23.33,3,0.098,1.268,1.358,0.444,3.411,6.482,3.0,1.02,1,-0.034,0.604,2.102
2022-08-26 07:00:00,16.73,14.21,22.0,23.33,3,0.113,1.202,1.787,0.694,3.6,7.283,3.0,0.98,0,0.0,0.823,3.99
2022-08-26 08:00:00,15.55,14.46,23.17,23.33,2,0.097,0.851,2.637,0.683,2.85,7.021,2.0,1.03,1,0.006,0.687,0.329
2022-08-26 09:00:00,15.63,12.94,22.0,23.33,3,0.09,0.443,2.355,0.654,3.6,7.051,3.0,0.99,0,0.0,0.635,3.99
2022-08-26 10:00:00,14.78,12.91,23.06,23.33,1,0.178,2.348,2.588,0.996,2.481,8.413,1.0,1.0,1,0.045,1.546,0.266
2022-08-26 11:00:00,15.05,13.37,24.04,23.33,2,0.177,0.79,2.709,0.417,2.588,6.504,2.0,1.05,1,0.039,1.19,1.417
2022-08-26 12:00:00,15.95,13.86,22.43,23.33,0,0.173,2.002,1.54,1.104,2.272,6.918,0.0,1.02,0,0.0,1.198,0.0
2022-08-26 13:00:00,16.51,15.33,25.01,23.33,0,0.145,1.788,1.365,0.991,1.496,5.641,1.0,0.92,0,0.0,0.82,0.0
2022-08-26 14:00:00,15.14,12.63,22.0,23.33,2,0.184,1.977,0.644,0.533,3.2,6.354,2.0,0.91,0,0.0,1.168,2.66
2022-08-26 15:00:00,14.81,12.64,24.43,23.33,0,0.176,2.342,2.826,0.381,1.671,7.22,0.0,0.96,0,0.0,1.272,0.0
2022-08-26 16:00:00,15.23,13.86,23.81,23.33,0,0.18,1.558,0.665,0.48,1.857,4.559,0.0,0.99,0,0.0,0.819,0.0
2022-08-26 17:00:00,15.81,14.43,22.0,23.33,2,0.194,2.245,2.353,0.533,3.2,8.33,2.0,0.96,1,-0.041,1.574,2.66
2022-08-26 18:00:00,13.74,12.37,26.25,23.33,2,0.08,0.419,1.445,0.757,1.924,4.546,3.0,1.03,0,0.0,0.364,5.846
2022-08-26 19:00:00,12.87,11.76,22.92,23.33,3,0.095,1.567,2.872,0.246,3.323,8.008,3.0,0.94,0,0.0,0.761,1.219
2022-08-26 20:00:00,14.6,12.42,22.0,23.33,1,0.084,1.931,1.549,1.114,2.8,7.394,1.0,1.04,0,0.0,0.625,1.33
2022-08-26 21:00:00,13.91,11.23,22.0,23.33,2,0.097,0.679,2.542,0.299,3.2,6.719,2.0,1.05,0,0.0,0.649,2.66
2022-08-26 22:00:00,14.6,13.57,22.74,23.33,2,0.112,1.852,1.207,0.479,2.979,6.517,2.0,0.92,0,0.0,0.727,1.188
2022-08-26 23:00:00,14.95,13.85,22.85,23.33,3,0.098,1.946,1.248,0.309,3.346,6.849,3.0,1.03,0,0.0,0.668,1.449
2022-08-27 00:00:00,14.63,12.48,23.12,23.33,2,0.097,2.078,1.989,0.457,2.863,7.386,2.0,1.09,0,0.0,0.719,0.414
2022-08-27 01:00:00,16.52,13.88,22.64,23.33,1,0.102,0.782,2.995,1.038,2.607,7.422,1.0,0.94,0,0.0,0.759,0.687
2022-08-27 02:00:00,15.38,13.73,23.76,23.33,0,0.103,1.704,1.794,0.815,1.872,6.185,0.0,1.08,0,0.0,0.639,0.0
2022-08-27 03:00:00,15.34,13.64,22.53,23.33,0,0.114,0.761,2.841,0.427,2.24,6.268,0.0,1.02,1,0.028,0.744,0.0
2022-08-27 04:00:00,15.66,13.46,22.0,23.33,0,0.092,1.848,2.466,1.072,2.4,7.785,0.0,1.02,0,0.0,0.719,0.0
2022-08-27 05:00:00,13.89,12.34,22.82,23.33,2,0.113,1.157,2.49,1.001,2.954,7.602,2.0,0.91,0,0.0,0.858,1.018
2022-08-27 06:00:00,16.06,15.0,22.0,23.33,1,0.103,1.494,1.59,0.954,2.8,6.837,0.0,1.05,1,0.014,0.716,1.33
2022-08-27 07:00:00,14.94,12.47,23.42,23.33,1,0.092,1.04,1.466,1.048,2.373,5.926,1.0,1.0,1,0.037,0.583,0.095
2022-08-27 08:00:00,15.68,13.43,22.0,23.33,2,0.092,0.405,0.98,0.82,3.2,5.404,2.0,1.04,0,0.0,0.496,2.66
2022-08-27 09:00:00,13.93,11.77,23.2,23.33,1,0.094,0.445,2.91,0.701,2.441,6.498,0.0,1.06,0,0.0,0.614,0.134
2022-08-27 10:00:00,13.45,10.96,24.58,23.33,0,0.159,0.194,2.898,0.574,1.627,5.293,0.0,1.0,1,-0.033,0.81,0.0
2022-08-27 11:00:00,15.82,13.47,22.0,23.33,1,0.156,1.545,2.368,0.424,2.8,7.137,1.0,0.95,1,0.041,1.153,1.33
2022-08-27 12:00:00,15.38,13.96,24.27,23.33,1,0.179,2.122,1.241,0.757,2.118,6.238,1.0,0.93,0,0.0,1.117,0.944
2022-08-27 13:00:00,14.1,12.39,22.48,23.33,1,0.174,0.052,1.113,1.089,2.656,4.911,1.0,0.93,0,0.0,0.852,0.85
2022-08-27 14:00:00,14.14,12.88,25.1,23.33,0,0.162,0.166,2.972,0.794,1.469,5.4,0.0,1.07,1,0.039,0.913,0.0
2022-08-27 15:00:00,16.13,14.87,22.56,23.33,2,0.178,1.144,0.666,1.12,3.031,5.961,2.0,0.92,1,0.005,1.069,1.536
2022-08-27 16:00:00,13.82,11.47,22.0,23.33,0,0.156,1.844,2.609,0.557,2.4,7.41,0.0,0.98,0,0.0,1.158,0.0
2022-08-27 17:00:00,16.66,13.95,23.82,23.33,0,0.188,0.394,1.389,0.895,1.853,4.531,0.0,0.97,0,0.0,0.85,0.0
2022-08-27 18:00:00,14.13,11.2,22.48,23.33,3,0.091,0.679,1.547,0.849,3.457,6.532,3.0,1.07,0,0.0,0.594,2.559
2022-08-27 19:00:00,15.68,13.42,22.0,23.33,1,0.114,0.58,2.58,0.87,2.8,6.83,1.0,1.0,0,0.0,0.782,1.33
2022-08-27 20:00:00,14.72,13.35,22.43,23.33,3,0.081,0.998,0.727,0.845,3.472,6.041,3.0,1.1,1,-0.027,0.465,2.71
2022-08-27 21:00:00,15.66,14.45,22.95,23.33,1,0.097,0.562,1.385,0.422,2.516,4.886,1.0,1.05,0,0.0,0.476,0.384
2022-08-27 22:00:00,14.53,11.9,24.61,23.33,3,0.085,0.881,2.88,0.344,2.817,6.922,3.0,1.07,1,-0.022,0.564,3.842
2022-08-27 23:00:00,14.92,12.77,22.0,23.33,2,0.097,1.821,2.248,1.179,3.2,8.448,2.0,0.92,0,0.0,0.817,2.66
2022-08-28 00:00:00,15.14,12.91,23.03,23.33,0,0.114,1.528,2.387,0.245,2.092,6.252,0.0,0.95,0,0.0,0.71,0.0
2022-08-28 01:00:00,14.12,11.55,23.75,23.33,1,0.105,0.203,2.394,0.668,2.275,5.539,1.0,0.93,0,0.0,0.581,0.42
2022-08-28 02:00:00,15.88,13.47,23.23,23.33,2,0.109,1.594,0.651,0.625,2.83,5.701,2.0,0.99,1,-0.04,0.585,0.196
2022-08-28 03:00:00,14.64,11.97,24.57,23.33,2,0.094,1.193,1.008,0.56,2.428,5.189,2.0,1.04,0,0.0,0.488,2.484
2022-08-28 04:00:00,14.95,13.84,22.91,23.33,2,0.118,2.336,1.728,0.982,2.927,7.973,2.0,0.93,1,-0.026,0.914,0.838
2022-08-28 05:00:00,14.2,11.71,22.78,23.33,0,0.108,0.723,1.42,0.945,2.166,5.255,0.0,0.93,1,-0.035,0.534,0.0
2022-08-28 06:00:00,12.66,9.96,23.71,23.33,2,0.097,1.815,1.527,1.105,2.687,7.135,2.0,1.02,0,0.0,0.691,0.762
2022-08-28 07:00:00,15.05,13.48,23.12,23.33,3,0.097,1.827,2.454,0.595,3.264,8.141,3.0,0.95,1,-0.025,0.765,0.632
2022-08-28 08:00:00,17.68,15.4,22.53,23.33,2,0.117,0.554,0.537,0.764,3.041,4.895,2.0,1.0,0,0.0,0.571,1.597
2022-08-28 09:00:00,16.08,14.45,23.62,23.33,3,0.103,2.258,2.151,1.092,3.114,8.616,3.0,0.91,1,-0.011,0.877,0.868
2022-08-28 10:00:00,15.3,12.39,22.22,23.33,1,0.165,1.228,0.5,1.194,2.735,5.657,1.0,1.04,0,0.0,0.935,1.113
2022-08-28 11:00:00,15.09,14.02,22.27,23.33,2,0.167,1.697,0.658,1.169,3.12,6.644,2.0,1.01,0,0.0,1.107,2.127
2022-08-28 12:00:00,15.41,13.25,22.37,23.33,0,0.143,0.365,1.521,0.918,2.29,5.093,0.0,1.03,1,0.029,0.756,0.0
2022-08-28 13:00:00,15.96,14.63,24.62,23.33,0,0.162,0.645,2.602,0.343,1.613,5.203,0.0,0.96,0,0.0,0.841,0.0
2022-08-28 14:00:00,14.27,11.84,22.0,23.33,1,0.185,1.465,0.862,0.223,2.8,5.351,1.0,0.96,1,0.047,1.039,1.33
2022-08-28 15:00:00,16.6,15.24,23.47,23.33,0,0.162,0.798,1.887,1.025,1.958,5.667,0.0,1.06,1,-0.04,0.879,0.0
2022-08-28 16:00:00,16.23,14.76,23.04,23.33,1,0.183,1.249,2.196,1.041,2.488,6.974,2.0,1.04,0,0.0,1.276,0.289
2022-08-28 17:00:00,16.27,14.28,22.0,23.33,0,0.162,0.935,1.074,0.946,2.4,5.355,0.0,1.02,0,0.0,0.868,0.0
2022-08-28 18:00:00,16.03,13.2,23.37,23.33,1,0.112,1.601,1.781,0.48,2.388,6.251,2.0,1.03,1,0.002,0.701,0.042
2022-08-28 19:00:00,15.65,14.22,23.57,23.33,3,0.118,1.218,2.779,0.84,3.129,7.965,3.0,0.92,1,0.002,0.941,0.723
2022-08-28 20:00:00,16.34,15.05,23.71,23.33,1,0.116,0.012,1.781,0.516,2.288,4.596,1.0,1.07,0,0.0,0.532,0.378
2022-08-28 21:00:00,16.3,13.78,22.0,23.33,1,0.093,1.624,0.893,0.651,2.8,5.968,0.0,1.05,1,-0.018,0.537,1.33
2022-08-28 22:00:00,15.4,13.4,24.64,23.33,2,0.096,1.055,2.07,0.582,2.408,6.115,2.0,1.02,1,0.013,0.602,2.619
2022-08-28 23:00:00,15.22,12.4,22.11,23.33,2,0.112,0.854,1.981,1.114,3.166,7.114,2.0,1.08,0,0.0,0.799,2.431
2022-08-29 00:00:00,15.94,14.65,23.82,23.33,0,0.104,0.235,0.567,0.434,1.853,3.09,0.0,0.93,1,0.009,0.33,0.0
2022-08-29 01:00:00,17.43,15.14,23.89,23.33,0,0.102,0.551,0.726,0.778,1.833,3.888,0.0,1.04,0,0.0,0.396,0.0
2022-08-29 02:00:00,14.69,13.23,22.0,23.33,0,0.117,0.559,0.892,0.561,2.4,4.412,0.0,1.09,1,-0.014,0.502,0.0
2022-08-29 03:00:00,14.51,13.2,23.79,23.33,0,0.101,2.338,0.841,0.863,1.862,5.904,0.0,0.96,0,0.0,0.599,0.0
2022-08-29 04:00:00,16.19,13.83,22.54,23.33,1,0.101,1.081,1.149,0.765,2.639,5.633,1.0,0.9,0,0.0,0.567,0.793
2022-08-29 05:00:00,16.13,13.94,22.0,23.33,1,0.082,0.105,1.635,1.124,2.8,5.664,1.0,1.05,1,-0.042,0.421,1.33
2022-08-29 06:00:00,16.3,13.79,24.4,23.33,2,0.083,0.347,1.429,0.302,2.48,4.558,2.0,0.9,0,0.0,0.377,2.143
2022-08-29 07:00:00,16.43,14.81,22.07,23.33,2,0.08,0.198,2.727,0.421,3.179,6.524,2.0,1.07,1,-0.033,0.491,2.52
2022-08-29 08:00:00,16.01,14.12,22.0,23.33,2,0.117,1.472,2.03,0.966,3.2,7.669,2.0,0.91,1,-0.048,0.846,2.66
2022-08-29 09:00:00,17.78,15.97,22.52,23.33,2,0.096,0.467,2.69,0.569,3.045,6.771,2.0,1.03,0,0.0,0.652,1.627
2022-08-29 10:00:00,14.74,11.78,23.33,23.33,2,0.168,1.246,1.818,0.366,2.802,6.232,2.0,0.98,0,0.0,1.045,0.007
2022-08-29 11:00:00,15.57,13.99,22.93,23.33,0,0.178,0.925,0.725,0.703,2.121,4.474,0.0,0.94,1,0.05,0.848,0.0
2022-08-29 12:00:00,16.36,14.77,23.66,23.33,1,0.167,2.01,1.658,0.852,2.303,6.823,1.0,1.08,0,0.0,1.142,0.328
2022-08-29 13:00:00,14.88,13.17,22.0,23.33,0,0.167,0.801,2.555,0.245,2.4,6.001,0.0,1.05,1,-0.031,0.974,0.0
2022-08-29 14:00:00,16.4,14.27,22.11,23.33,0,0.141,1.146,0.985,0.492,2.367,4.99,0.0,0.97,0,0.0,0.703,0.0
2022-08-29 15:00:00,18.3,16.8,22.86,23.33,1,0.15,1.803,0.728,1.009,2.542,6.082,1.0,0.96,1,-0.001,0.914,0.469
2022-08-29 16:00:00,16.72,13.89,25.28,23.33,0,0.169,1.083,1.324,0.72,1.417,4.544,0.0,1.05,0,0.0,0.769,0.0
2022-08-29 17:00:00,17.0,15.46,22.86,23.33,0,0.189,1.983,1.472,0.235,2.141,5.832,0.0,1.07,0,0.0,1.104,0.0
2022-08-29 18:00:00,15.57,12.78,24.3,23.33,3,0.088,1.654,1.266,0.482,2.909,6.311,3.0,1.04,0,0.0,0.553,2.917
2022-08-29 19:00:00,16.28,15.07,23.05,23.33,2,0.091,1.026,0.838,0.839,2.886,5.59,2.0,1.03,0,0.0,0.507,0.567
2022-08-29 20:00:00,16.59,14.27,22.42,23.33,3,0.091,1.26,1.127,0.399,3.474,6.261,3.0,0.95,0,0.0,0.572,2.731
2022-08-29 21:00:00,16.71,13.9,22.7,23.33,2,0.107,2.418,2.206,1.027,2.989,8.64,2.0,1.07,1,0.033,0.956,1.252
2022-08-29 22:00:00,18.38,17.04,22.8,23.33,3,0.089,1.654,1.465,0.877,3.361,7.356,3.0,1.05,0,0.0,0.653,1.596
2022-08-29 23:00:00,17.72,14.79,23.72,23.33,1,0.107,2.262,2.081,0.671,2.283,7.298,1.0,1.0,0,0.0,0.781,0.394
2022-08-30 00:00:00,16.12,14.22,24.65,23.33,0,0.084,0.447,1.841,1.116,1.605,5.008,1.0,1.0,0,0.0,0.419,0.0
2022-08-30 01:00:00,17.55,14.66,23.43,23.33,2,0.086,1.208,1.873,0.592,2.771,6.443,2.0,1.01,1,0.004,0.557,0.203
2022-08-30 02:00:00,17.88,15.52,24.42,23.33,1,0.1,2.272,1.121,0.435,2.073,5.901,0.0,1.07,1,0.009,0.601,1.094
2022-08-30 03:00:00,18.59,16.99,22.0,23.33,0,0.117,0.807,1.804,0.861,2.4,5.872,0.0,1.05,0,0.0,0.686,0.0
2022-08-30 04:00:00,19.11,17.73,22.5,23.33,2,0.114,2.419,0.559,0.773,3.049,6.801,2.0,1.07,1,0.044,0.822,1.655
2022-08-30 05:00:00,16.59,14.98,22.13,23.33,1,0.119,0.243,1.579,0.535,2.761,5.118,1.0,1.0,1,0.023,0.63,1.199
2022-08-30 06:00:00,16.87,15.68,23.38,23.33,3,0.106,2.257,1.932,0.544,3.187,7.919,3.0,1.02,0,0.0,0.84,0.142
2022-08-30 07:00:00,16.5,15.21,22.57,23.33,3,0.107,1.113,0.955,0.598,3.429,6.095,3.0,1.07,1,-0.001,0.651,2.282
2022-08-30 08:00:00,17.6,16.39,23.88,23.33,3,0.105,0.184,1.141,0.491,3.037,4.854,3.0,0.95,0,0.0,0.51,1.637
2022-08-30 09:00:00,18.38,16.53,22.0,23.33,2,0.105,2.199,1.049,0.91,3.2,7.358,2.0,0.99,1,0.033,0.805,2.66
2022-08-30 10:00:00,18.98,16.39,23.05,23.33,1,0.144,0.63,0.676,0.851,2.485,4.642,1.0,1.02,1,0.016,0.683,0.278
2022-08-30 11:00:00,18.0,16.71,23.82,23.33,1,0.195,0.056,1.37,0.641,2.253,4.319,1.0,1.08,1,-0.013,0.829,0.494
2022-08-30 12:00:00,17.83,16.57,22.0,23.33,1,0.145,0.34,2.947,0.598,2.8,6.685,1.0,0.9,0,0.0,0.968,1.33
2022-08-30 13:00:00,18.39,16.1,25.55,23.33,2,0.195,1.648,1.385,0.565,2.136,5.734,2.0,0.94,0,0.0,1.117,4.432
2022-08-30 14:00:00,17.48,16.09,22.66,23.33,0,0.169,2.445,1.651,0.483,2.202,6.781,0.0,0.95,1,0.042,1.192,0.0
2022-08-30 15:00:00,20.49,19.3,22.0,23.33,1,0.167,0.279,2.133,0.286,2.8,5.497,1.0,0.97,1,-0.041,0.876,1.33
2022-08-30 16:00:00,16.88,15.55,23.19,23.33,0,0.198,1.155,2.121,0.468,2.043,5.787,0.0,0.96,1,0.008,1.156,0.0
2022-08-30 17:00:00,18.76,15.91,23.04,23.33,1,0.199,0.452,2.875,0.521,2.488,6.335,1.0,1.02,1,0.037,1.301,0.29
2022-08-30 18:00:00,20.68,18.04,22.9,23.33,3,0.119,1.863,2.644,0.748,3.329,8.584,3.0,1.08,1,-0.008,1.015,1.285
2022-08-30 19:00:00,18.75,17.04,24.19,23.33,2,0.085,0.295,2.485,0.974,2.543,6.297,2.0,1.03,1,0.03,0.564,1.719
2022-08-30 20:00:00,18.64,16.33,23.9,23.33,2,0.09,0.6,2.879,0.596,2.631,6.705,2.0,0.95,0,0.0,0.606,1.134
2022-08-30 21:00:00,18.56,16.49,23.36,23.33,3,0.116,0.491,1.077,1.145,3.193,5.905,3.0,1.07,0,0.0,0.683,0.082
2022-08-30 22:00:00,18.83,16.48,23.54,23.33,3,0.099,1.381,2.043,1.027,3.138,7.589,3.0,1.03,0,0.0,0.754,0.631
2022-08-30 23:00:00,20.48,18.11,22.87,23.33,2,0.085,2.183,2.718,1.185,2.938,9.023,2.0,0.94,1,0.019,0.79,0.91
2022-08-31 00:00:00,16.98,14.72,25.13,23.33,0,0.095,1.278,2.06,1.076,1.461,5.875,0.0,0.97,0,0.0,0.56,0.0
2022-08-31 01:00:00,20.82,19.29,22.0,23.33,0,0.085,0.146,2.944,0.817,2.4,6.306,1.0,1.06,0,0.0,0.534,0.0
2022-08-31 02:00:00,17.95,16.88,23.17,23.33,0,0.088,1.408,0.751,0.798,2.05,5.008,0.0,1.05,0,0.0,0.441,0.0
2022-08-31 03:00:00,19.2,17.29,23.08,23.33,1,0.082,1.994,1.598,0.33,2.477,6.398,1.0,1.02,1,-0.035,0.49,0.252
2022-08-31 04:00:00,19.14,16.35,23.98,23.33,1,0.098,0.33,2.943,0.922,2.207,6.403,1.0,0.93,0,0.0,0.625,0.646
2022-08-31 05:00:00,20.25,18.11,22.0,23.33,1,0.112,0.182,1.449,0.8,2.8,5.231,1.0,1.06,0,0.0,0.587,1.33
2022-08-31 06:00:00,18.16,15.49,22.0,23.33,1,0.103,0.47,2.349,0.707,2.8,6.325,1.0,0.96,0,0.0,0.654,1.33
2022-08-31 07:00:00,20.31,17.33,23.19,23.33,2,0.104,1.865,0.576,0.893,2.844,6.178,2.0,1.05,0,0.0,0.644,0.284
2022-08-31 08:00:00,21.97,20.64,23.34,23.33,1,0.088,1.479,2.237,0.644,2.399,6.759,1.0,1.03,0,0.0,0.595,0.007
2022-08-31 09:00:00,18.68,16.3,24.79,23.33,3,0.094,1.351,2.837,0.724,2.764,7.676,3.0,0.95,0,0.0,0.72,4.373
2022-08-31 10:00:00,20.33,17.98,22.0,23.33,2,0.17,0.624,1.457,0.598,3.2,5.879,2.0,0.94,0,0.0,1.002,2.66
2022-08-31 11:00:00,19.58,16.62,24.39,23.33,0,0.186,0.831,0.553,0.917,1.684,3.986,0.0,0.93,1,-0.013,0.73,0.0
2022-08-31 12:00:00,20.76,17.79,25.84,23.33,1,0.182,2.415,0.57,1.077,1.648,5.709,1.0,0.95,1,0.042,1.083,2.511
2022-08-31 13:00:00,20.46,18.08,22.55,23.33,0,0.147,0.602,2.73,1.041,2.236,6.608,0.0,0.93,0,0.0,0.972,0.0
2022-08-31 14:00:00,19.9,18.41,22.0,23.33,0,0.175,2.254,2.306,0.986,2.4,7.946,0.0,1.02,1,-0.035,1.359,0.0
2022-08-31 15:00:00,21.13,18.53,22.51,23.33,2,0.198,1.451,0.767,0.214,3.047,5.478,2.0,1.02,1,0.026,1.111,1.637
2022-08-31 16:00:00,22.55,21.33,23.02,23.33,0,0.149,0.308,0.636,1.112,2.095,4.152,0.0,1.02,1,0.007,0.627,0.0
2022-08-31 17:00:00,20.65,18.09,23.68,23.33,0,0.191,1.168,2.512,0.475,1.897,6.052,1.0,1.03,0,0.0,1.157,0.0
2022-08-31 18:00:00,21.66,18.84,22.29,23.33,3,0.111,2.371,2.525,1.088,3.513,9.497,3.0,1.06,0,0.0,1.058,3.119
2022-08-31 19:00:00,19.75,17.99,24.87,23.33,2,0.089,1.046,0.801,0.397,2.34,4.585,2.0,1.08,1,-0.035,0.374,3.072
2022-08-31 20:00:00,20.19,17.93,22.0,23.33,2,0.119,2.158,1.254,0.64,3.2,7.252,2.0,0.95,0,0.0,0.862,2.66
2022-08-31 21:00:00,21.73,19.87,22.0,23.33,2,0.083,0.641,2.45,0.949,3.2,7.241,2.0,1.02,0,0.0,0.604,2.66
2022-08-31 22:00:00,22.84,20.97,24.33,23.33,1,0.083,1.427,1.814,0.84,2.102,6.183,1.0,0.92,0,0.0,0.512,0.998
2022-08-31 23:00:00,21.82,20.2,22.0,23.33,3,0.104,2.11,2.891,0.616,3.6,9.217,3.0,0.92,1,0.04,0.997,3.99
2022-09-01 00:00:00,21.26,18.73,22.76,23.33,0,0.109,2.302,1.703,0.879,2.173,7.056,0.0,1.03,0,0.0,0.769,0.0
2022-09-01 01:00:00,21.67,18.8,26.74,23.33,0,0.118,1.215,2.192,0.749,0.978,5.134,0.0,1.0,0,0.0,0.608,0.0
2022-09-01 02:00:00,20.53,17.65,22.99,23.33,1,0.096,1.599,1.774,0.476,2.504,6.354,1.0,1.05,1,0.038,0.649,0.344
2022-09-01 03:00:00,22.49,21.14,22.0,23.33,0,0.081,0.007,2.857,0.846,2.4,6.111,0.0,0.99,1,-0.005,0.49,0.0
2022-09-01 04:00:00,22.88,20.13,22.93,23.33,0,0.104,0.633,1.497,0.404,2.121,4.655,0.0,0.93,0,0.0,0.485,0.0
2022-09-01 05:00:00,21.65,19.17,22.94,23.33,0,0.092,0.697,1.074,0.894,2.118,4.784,0.0,1.07,0,0.0,0.438,0.0
2022-09-01 06:00:00,21.74,20.23,23.19,23.33,2,0.097,0.234,1.317,0.203,2.842,4.596,2.0,0.92,1,-0.018,0.43,0.274
2022-09-01 07:00:00,22.58,21.45,23.79,23.33,2,0.1,0.699,2.632,0.749,2.662,6.742,2.0,0.94,0,0.0,0.671,0.929
2022-09-01 08:00:00,21.99,20.45,22.0,23.33,3,0.083,0.803,1.745,0.601,3.6,6.749,3.0,0.96,1,-0.034,0.523,3.99
2022-09-01 09:00:00,22.47,19.64,25.03,23.33,3,0.099,2.422,1.386,0.503,2.692,7.003,3.0,1.1,1,-0.001,0.695,5.085
2022-09-01 10:00:00,24.74,22.48,23.29,23.33,1,0.165,1.672,1.861,0.716,2.412,6.66,1.0,0.98,0,0.0,1.099,0.036
2022-09-01 11:00:00,22.51,20.06,23.87,23.33,2,0.198,1.065,0.833,0.845,2.638,5.382,2.0,1.0,0,0.0,1.067,1.084
2022-09-01 12:00:00,22.5,20.99,22.25,23.33,0,0.184,2.47,0.513,1.165,2.326,6.475,0.0,1.05,0,0.0,1.192,0.0
2022-09-01 13:00:00,22.32,19.89,24.54,23.33,1,0.141,0.383,1.201,1.033,2.037,4.655,1.0,1.03,1,-0.005,0.651,1.214
2022-09-01 14:00:00,23.83,22.77,22.69,23.33,0,0.193,1.19,2.013,0.917,2.193,6.312,0.0,1.07,0,0.0,1.217,0.0
2022-09-01 15:00:00,23.01,21.26,23.33,23.33,0,0.146,1.618,2.279,0.679,2.0,6.576,0.0,1.0,0,0.0,0.96,0.0
2022-09-01 16:00:00,22.65,20.4,22.0,23.33,0,0.148,0.139,2.567,0.592,2.4,5.698,0.0,1.09,0,0.0,0.846,0.0
2022-09-01 17:00:00,24.73,23.44,22.0,23.33,1,0.184,1.792,2.817,0.233,2.8,7.642,2.0,1.06,0,0.0,1.407,1.33
2022-09-01 18:00:00,24.94,22.3,23.83,23.33,2,0.12,0.25,1.53,0.559,2.652,4.991,3.0,0.98,1,0.026,0.624,0.992
2022-09-01 19:00:00,23.03,21.56,22.47,23.33,3,0.106,0.351,2.351,1.048,3.46,7.21,3.0,0.98,0,0.0,0.765,2.587
2022-09-01 20:00:00,21.88,19.58,22.0,23.33,3,0.104,0.399,0.687,0.584,3.6,5.27,3.0,1.09,1,-0.013,0.536,3.99
2022-09-01 21:00:00,24.87,23.05,22.23,23.33,1,0.096,2.322,0.644,0.662,2.732,6.359,2.0,1.04,0,0.0,0.613,1.102
2022-09-01 22:00:00,23.28,21.09,23.84,23.33,2,0.093,1.708,0.812,0.472,2.648,5.64,2.0,1.02,0,0.0,0.522,1.017
2022-09-01 23:00:00,24.87,23.66,22.25,23.33,3,0.116,1.639,1.621,0.474,3.526,7.261,3.0,1.05,1,-0.032,0.814,3.255
2022-09-02 00:00:00,22.22,21.19,22.86,23.33,1,0.119,1.389,1.028,0.262,2.542,5.221,1.0,1.01,1,-0.02,0.6,0.471
2022-09-02 01:00:00,25.2,22.38,23.02,23.33,1,0.1,0.732,1.217,0.814,2.495,5.258,1.0,0.93,1,-0.02,0.505,0.312
2022-09-02 02:00:00,23.21,21.67,22.0,23.33,1,0.092,1.552,2.12,0.648,2.8,7.12,1.0,0.96,0,0.0,0.652,1.33
2022-09-02 03:00:00,25.26,22.62,22.0,23.33,2,0.111,1.025,1.396,0.806,3.2,6.428,2.0,1.01,0,0.0,0.712,2.66
2022-09-02 04:00:00,24.66,21.66,23.4,23.33,2,0.085,0.364,1.893,0.747,2.779,5.783,2.0,0.9,1,-0.029,0.464,0.147
2022-09-02 05:00:00,23.8,22.38,22.12,23.33,1,0.111,1.724,1.531,0.999,2.765,7.019,1.0,0.99,1,0.032,0.809,1.214
2022-09-02 06:00:00,24.46,22.93,24.27,23.33,2,0.113,0.324,0.922,0.951,2.52,4.717,2.0,1.05,1,-0.008,0.524,1.876
2022-09-02 07:00:00,25.66,23.34,24.16,23.33,3,0.085,0.477,0.685,0.971,2.952,5.085,3.0,0.93,1,-0.006,0.427,2.491
2022-09-02 08:00:00,25.2,22.26,23.86,23.33,2,0.119,2.044,1.091,0.699,2.641,6.475,2.0,0.91,0,0.0,0.771,1.066
2022-09-02 09:00:00,25.79,22.95,25.18,23.33,3,0.119,1.65,0.644,0.554,2.645,5.493,3.0,1.07,1,0.01,0.666,5.561
2022-09-02 10:00:00,27.29,25.28,22.9,23.33,0,0.172,1.577,2.047,1.133,2.13,6.887,0.0,1.02,1,0.009,1.197,0.0
2022-09-02 11:00:00,23.86,21.27,23.78,23.33,0,0.177,1.046,2.489,0.254,1.866,5.655,0.0,0.94,0,0.0,1.0,0.0
2022-09-02 12:00:00,27.16,25.88,22.3,23.33,0,0.169,0.991,1.349,0.353,2.31,5.003,0.0,1.06,0,0.0,0.845,0.0
2022-09-02 13:00:00,25.75,22.8,25.94,23.33,1,0.176,1.726,1.468,0.62,1.617,5.43,2.0,1.03,1,-0.031,0.925,2.613
2022-09-02 14:00:00,24.86,21.93,25.38,23.33,1,0.151,1.85,2.54,0.814,1.786,6.99,1.0,0.97,0,0.0,1.054,2.05
2022-09-02 15:00:00,24.54,23.22,23.01,23.33,0,0.169,1.276,1.057,0.208,2.096,4.636,0.0,0.98,1,-0.033,0.75,0.0
2022-09-02 16:00:00,25.8,24.2,23.46,23.33,0,0.179,2.423,0.798,0.919,1.961,6.101,0.0,0.93,1,0.027,1.122,0.0
2022-09-02 17:00:00,27.02,25.82,24.63,23.33,2,0.166,2.389,1.753,0.759,2.411,7.311,2.0,1.07,1,0.008,1.222,2.602
2022-09-02 18:00:00,26.08,24.54,22.82,23.33,3,0.083,1.031,2.115,0.685,3.353,7.184,3.0,1.0,1,0.026,0.621,1.52
2022-09-02 19:00:00,27.83,25.2,22.21,23.33,3,0.093,2.052,1.999,0.623,3.536,8.211,3.0,1.01,0,0.0,0.766,3.354
2022-09-02 20:00:00,24.98,23.22,24.05,23.33,1,0.081,1.358,2.285,0.719,2.185,6.548,1.0,1.08,0,0.0,0.528,0.719
2022-09-02 21:00:00,26.53,25.35,23.09,23.33,3,0.11,1.279,0.642,0.362,3.272,5.555,3.0,0.9,1,-0.02,0.591,0.708
2022-09-02 22:00:00,25.4,23.72,23.22,23.33,3,0.106,0.137,1.571,0.309,3.234,5.251,3.0,0.91,0,0.0,0.555,0.331
2022-09-02 23:00:00,27.13,24.16,22.0,23.33,3,0.083,1.435,1.096,0.49,3.6,6.621,3.0,0.93,0,0.0,0.546,3.99
2022-09-03 00:00:00,27.76,25.5,22.0,23.33,0,0.119,2.251,2.398,0.91,2.4,7.959,0.0,0.91,1,-0.029,0.915,0.0
2022-09-03 01:00:00,26.56,24.73,23.28,23.33,0,0.081,1.95,2.682,0.788,2.015,7.435,0.0,1.03,0,0.0,0.602,0.0
2022-09-03 02:00:00,24.49,23.16,24.09,23.33,0,0.104,1.966,1.203,0.68,1.774,5.623,0.0,1.03,0,0.0,0.583,0.0
2022-09-03 03:00:00,27.4,24.43,22.73,23.33,2,0.111,0.4,0.738,0.772,2.981,4.891,2.0,0.94,0,0.0,0.543,1.202
2022-09-03 04:00:00,27.75,25.11,24.72,23.33,0,0.112,0.896,1.134,0.759,1.583,4.372,0.0,0.93,1,0.027,0.514,0.0
2022-09-03 05:00:00,27.83,26.26,22.16,23.33,0,0.081,0.583,0.76,0.507,2.353,4.203,0.0,0.93,0,0.0,0.342,0.0
2022-09-03 06:00:00,28.77,27.63,22.0,23.33,1,0.116,0.79,1.306,0.297,2.8,5.193,1.0,1.09,0,0.0,0.604,1.33
2022-09-03 07:00:00,26.57,25.46,22.92,23.33,2,0.117,1.449,1.845,1.097,2.924,7.315,2.0,1.04,1,-0.012,0.842,0.821
2022-09-03 08:00:00,28.43,27.19,22.9,23.33,2,0.102,0.912,2.934,0.8,2.93,7.576,2.0,1.02,0,0.0,0.776,0.858
2022-09-03 09:00:00,29.05,26.89,23.92,23.33,2,0.099,1.402,1.498,0.898,2.623,6.421,2.0,0.96,0,0.0,0.637,1.188
2022-09-03 10:00:00,26.18,23.33,22.07,23.33,1,0.174,1.096,1.05,0.664,2.779,5.589,1.0,0.99,1,-0.025,0.95,1.26
2022-09-03 11:00:00,28.39,26.4,24.64,23.33,0,0.165,0.717,0.917,0.956,1.607,4.198,0.0,0.92,0,0.0,0.692,0.0
2022-09-03 12:00:00,27.67,24.99,25.36,23.33,1,0.147,0.239,0.933,0.784,1.792,3.748,1.0,1.1,0,0.0,0.551,2.03
2022-09-03 13:00:00,28.2,26.31,22.95,23.33,1,0.16,2.23,0.981,0.254,2.514,5.979,1.0,1.05,1,0.035,0.99,0.377
2022-09-03 14:00:00,28.74,26.32,24.5,23.33,2,0.183,0.028,2.406,1.09,2.45,5.974,2.0,1.02,0,0.0,1.096,2.339
2022-09-03 15:00:00,28.01,25.54,22.0,23.33,2,0.177,0.004,0.653,0.506,3.2,4.362,2.0,1.02,1,-0.033,0.738,2.66
2022-09-03 16:00:00,27.92,26.58,24.29,23.33,1,0.147,2.067,2.994,0.338,2.113,7.511,1.0,1.0,1,0.039,1.144,0.96
2022-09-03 17:00:00,28.74,27.02,24.26,23.33,0,0.15,2.492,1.807,0.288,1.723,6.31,0.0,0.95,0,0.0,0.945,0.0
2022-09-03 18:00:00,27.72,25.45,24.04,23.33,2,0.086,1.818,1.861,0.92,2.589,7.188,2.0,0.95,1,0.04,0.655,1.412
2022-09-03 19:00:00,27.83,26.68,22.98,23.33,3,0.082,0.038,1.394,0.904,3.306,5.642,3.0,1.01,0,0.0,0.462,1.046
2022-09-03 20:00:00,29.69,27.97,22.0,23.33,2,0.102,0.567,2.226,0.9,3.2,6.893,2.0,0.91,0,0.0,0.701,2.66
2022-09-03 21:00:00,27.97,25.9,22.23,23.33,2,0.112,2.43,1.679,1.116,3.131,8.355,2.0,0.91,1,-0.008,0.925,2.2
2022-09-03 22:00:00,29.88,26.89,22.25,23.33,2,0.104,2.022,1.323,0.549,3.125,7.018,2.0,1.01,0,0.0,0.733,2.162
2022-09-03 23:00:00,29.78,27.83,22.0,23.33,3,0.103,1.417,1.163,0.761,3.6,6.941,3.0,1.08,1,0.018,0.733,3.99
2022-09-04 00:00:00,27.7,25.06,23.15,23.33,0,0.107,0.592,2.814,0.819,2.056,6.282,0.0,1.08,0,0.0,0.674,0.0
2022-09-04 01:00:00,28.84,26.98,22.5,23.33,0,0.094,0.036,1.227,1.179,2.251,4.694,1.0,0.9,0,0.0,0.439,0.0
2022-09-04 02:00:00,30.82,28.22,22.01,23.33,0,0.094,0.052,1.591,0.512,2.397,4.552,0.0,0.92,1,0.049,0.479,0.0
2022-09-04 03:00:00,28.74,26.55,22.0,23.33,1,0.093,1.53,1.376,1.156,2.8,6.862,1.0,1.02,0,0.0,0.635,1.33
2022-09-04 04:00:00,29.35,26.58,22.14,23.33,2,0.108,0.055,0.715,0.349,3.158,4.276,2.0,1.07,1,-0.018,0.446,2.377
2022-09-04 05:00:00,30.38,28.56,24.35,23.33,0,0.086,2.484,0.965,0.964,1.696,6.109,0.0,1.09,1,-0.035,0.493,0.0
2022-09-04 06:00:00,30.8,28.59,22.21,23.33,1,0.081,0.458,0.974,0.833,2.738,5.003,1.0,1.07,1,-0.011,0.392,1.123
2022-09-04 07:00:00,29.86,27.6,22.38,23.33,3,0.104,1.777,2.234,1.017,3.485,8.513,3.0,1.04,0,0.0,0.884,2.844
2022-09-04 08:00:00,29.61,27.78,22.45,23.33,3,0.118,0.388,1.516,0.229,3.464,5.597,3.0,0.94,1,-0.001,0.658,2.634
2022-09-04 09:00:00,31.73,30.44,23.41,23.33,3,0.104,1.35,2.455,0.278,3.178,7.261,3.0,0.91,1,0.028,0.786,0.23
2022-09-04 10:00:00,32.14,30.95,23.55,23.33,1,0.19,0.202,2.272,0.27,2.336,5.079,1.0,0.91,1,0.016,0.981,0.217
2022-09-04 11:00:00,31.47,30.44,22.0,23.33,0,0.141,1.917,0.98,0.793,2.4,6.09,0.0,1.02,1,-0.006,0.851,0.0
2022-09-04 12:00:00,30.67,27.92,24.23,23.33,1,0.161,1.462,1.907,0.803,2.132,6.305,1.0,0.91,1,-0.038,0.979,0.896
2022-09-04 13:00:00,29.87,28.4,24.72,23.33,1,0.185,0.215,2.357,1.106,1.983,5.662,1.0,1.05,1,0.046,1.091,1.394
2022-09-04 14:00:00,29.94,28.52,22.0,23.33,0,0.145,2.121,2.083,0.668,2.4,7.272,0.0,1.04,1,-0.023,1.029,0.0
2022-09-04 15:00:00,31.38,28.91,22.0,23.33,0,0.174,1.368,2.0,0.268,2.4,6.036,0.0,0.92,1,-0.022,1.028,0.0
2022-09-04 16:00:00,31.37,29.73,22.46,23.33,2,0.166,2.304,2.349,0.41,3.062,8.125,2.0,1.08,0,0.0,1.347,1.741
2022-09-04 17:00:00,32.44,30.43,22.09,23.33,0,0.141,2.292,0.642,0.208,2.372,5.514,0.0,1.0,0,0.0,0.778,0.0
2022-09-04 18:00:00,31.78,30.46,23.27,23.33,1,0.098,2.301,2.329,0.977,2.419,8.026,1.0,1.08,1,0.048,0.836,0.061
2022-09-04 19:00:00,29.72,26.8,22.0,23.33,3,0.115,0.194,1.182,1.016,3.6,5.992,3.0,1.08,1,0.047,0.738,3.99
2022-09-04 20:00:00,32.36,29.66,22.0,23.33,3,0.094,0.302,1.93,1.198,3.6,7.03,3.0,0.94,1,0.041,0.701,3.99
2022-09-04 21:00:00,30.4,27.67,24.85,23.33,3,0.095,2.469,1.106,0.612,2.746,6.933,3.0,0.98,1,-0.006,0.652,4.551
2022-09-04 22:00:00,31.1,29.28,22.0,23.33,2,0.114,1.219,2.597,0.219,3.2,7.235,2.0,0.93,1,-0.033,0.794,2.66
2022-09-04 23:00:00,31.81,29.29,24.49,23.33,2,0.101,0.596,1.701,0.435,2.452,5.184,3.0,1.05,0,0.0,0.522,2.324
2022-09-05 00:00:00,33.64,32.36,23.43,23.33,2,0.101,1.924,2.107,0.788,2.772,7.591,2.0,1.0,0,0.0,0.77,0.193
2022-09-05 01:00:00,34.84,33.82,22.0,23.33,1,0.114,0.661,2.485,1.162,2.8,7.108,1.0,1.09,0,0.0,0.813,1.33
2022-09-05 02:00:00,32.42,31.38,23.76,23.33,0,0.1,1.818,2.738,0.304,1.871,6.731,0.0,0.94,0,0.0,0.671,0.0
2022-09-05 03:00:00,31.71,29.54,22.86,23.33,0,0.107,2.093,2.33,0.322,2.142,6.887,0.0,1.04,1,-0.032,0.707,0.0
2022-09-05 04:00:00,32.51,30.6,22.45,23.33,1,0.083,1.961,0.872,0.902,2.664,6.398,1.0,1.1,1,-0.003,0.531,0.877
2022-09-05 05:00:00,32.94,30.91,23.29,23.33,1,0.087,0.685,2.636,0.867,2.412,6.6,1.0,1.03,0,0.0,0.575,0.036
2022-09-05 06:00:00,31.82,30.8,23.57,23.33,3,0.096,1.004,2.046,0.451,3.129,6.63,3.0,0.91,0,0.0,0.638,0.719
2022-09-05 07:00:00,34.01,32.16,23.85,23.33,1,0.1,1.033,2.024,1.013,2.245,6.315,2.0,1.02,0,0.0,0.63,0.519
2022-09-05 08:00:00,32.52,30.09,24.41,23.33,2,0.119,1.228,2.803,0.329,2.476,6.836,2.0,0.94,0,0.0,0.811,2.168
2022-09-05 09:00:00,32.87,30.98,23.49,23.33,3,0.119,0.418,1.122,1.126,3.153,5.819,3.0,0.91,0,0.0,0.691,0.479
2022-09-05 10:00:00,33.11,30.64,22.0,23.33,0,0.198,1.131,1.099,0.401,2.4,5.031,0.0,0.97,0,0.0,0.998,0.0
2022-09-05 11:00:00,32.94,31.47,22.43,23.33,1,0.197,1.277,1.783,0.281,2.671,6.012,2.0,0.95,0,0.0,1.182,0.898
2022-09-05 12:00:00,33.43,30.8,26.53,23.33,1,0.156,1.329,2.377,0.54,1.441,5.686,1.0,1.06,1,-0.038,0.849,3.202
2022-09-05 13:00:00,32.05,29.87,23.87,23.33,0,0.154,2.05,1.618,0.388,1.839,5.895,0.0,0.97,0,0.0,0.905,0.0
2022-09-05 14:00:00,32.18,30.76,25.84,23.33,0,0.197,1.293,2.085,0.727,1.247,5.352,0.0,1.05,1,0.034,1.091,0.0
2022-09-05 15:00:00,31.71,30.23,24.67,23.33,0,0.168,0.577,1.631,0.887,1.598,4.693,0.0,0.9,1,-0.032,0.754,0.0
2022-09-05 16:00:00,33.32,31.06,23.29,23.33,0,0.152,1.658,2.026,0.691,2.013,6.388,1.0,0.9,0,0.0,0.974,0.0
2022-09-05 17:00:00,33.72,31.06,23.36,23.33,1,0.182,1.993,2.556,0.861,2.391,7.801,1.0,0.91,1,0.003,1.426,0.032
2022-09-05 18:00:00,33.47,31.64,22.96,23.33,2,0.113,0.798,0.951,0.565,2.913,5.228,2.0,0.94,1,-0.036,0.556,0.748
2022-09-05 19:00:00,34.75,33.24,22.0,23.33,2,0.106,1.613,2.238,0.228,3.2,7.28,2.0,0.97,0,0.0,0.77,2.66
2022-09-05 20:00:00,33.14,30.4,23.02,23.33,3,0.095,0.367,2.469,1.174,3.294,7.303,3.0,1.02,0,0.0,0.691,0.925
2022-09-05 21:00:00,33.88,31.54,24.45,23.33,2,0.1,0.855,1.618,1.019,2.464,5.956,2.0,1.1,1,-0.047,0.549,2.246
2022-09-05 22:00:00,32.18,30.28,22.28,23.33,3,0.116,2.273,1.308,0.273,3.516,7.37,3.0,0.97,0,0.0,0.856,3.149
2022-09-05 23:00:00,32.95,30.97,23.49,23.33,3,0.105,2.278,0.534,0.649,3.152,6.613,3.0,0.91,0,0.0,0.696,0.493
2022-09-06 00:00:00,34.09,32.68,24.02,23.33,2,0.096,1.438,2.493,0.835,2.593,7.36,2.0,0.94,0,0.0,0.706,1.384
2022-09-06 01:00:00,34.31,32.05,22.0,23.33,2,0.085,1.756,1.32,0.391,3.2,6.666,2.0,1.08,0,0.0,0.565,2.66
2022-09-06 02:00:00,33.22,31.51,22.46,23.33,1,0.092,2.135,1.393,0.778,2.662,6.969,1.0,1.04,1,0.043,0.682,0.872
2022-09-06 03:00:00,33.5,30.51,22.0,23.33,1,0.119,2.396,1.34,0.734,2.8,7.27,1.0,1.06,1,-0.026,0.84,1.33
2022-09-06 04:00:00,32.11,30.15,22.01,23.33,0,0.097,1.225,1.747,0.408,2.396,5.776,0.0,0.92,1,-0.025,0.538,0.0
2022-09-06 05:00:00,33.33,31.36,22.0,23.33,1,0.099,1.404,2.256,0.341,2.8,6.801,1.0,0.93,0,0.0,0.672,1.33
2022-09-06 06:00:00,34.63,32.5,22.0,23.33,1,0.1,1.039,2.43,0.959,2.8,7.228,0.0,0.92,1,0.039,0.762,1.33
2022-09-06 07:00:00,34.37,31.54,24.7,23.33,1,0.115,0.18,1.481,0.523,1.989,4.173,1.0,1.07,1,0.001,0.482,1.373
2022-09-06 08:00:00,34.35,31.75,22.0,23.33,1,0.104,1.057,2.158,0.444,2.8,6.459,1.0,0.94,1,0.018,0.691,1.33
2022-09-06 09:00:00,33.95,32.05,23.15,23.33,2,0.108,1.977,2.302,0.938,2.854,8.071,2.0,1.03,0,0.0,0.87,0.356
2022-09-06 10:00:00,33.96,31.52,22.4,23.33,0,0.147,2.012,1.242,0.936,2.281,6.472,0.0,1.0,0,0.0,0.951,0.0
2022-09-06 11:00:00,33.34,31.17,24.41,23.33,2,0.183,2.231,0.742,0.476,2.476,5.925,2.0,1.01,1,-0.033,1.051,2.169
2022-09-06 12:00:00,34.75,32.76,24.57,23.33,0,0.153,0.129,2.737,1.073,1.628,5.566,0.0,0.94,0,0.0,0.852,0.0
2022-09-06 13:00:00,34.52,33.13,24.04,23.33,1,0.151,1.318,2.193,0.888,2.189,6.588,1.0,1.03,1,0.025,1.017,0.707
2022-09-06 14:00:00,34.64,32.71,23.37,23.33,0,0.161,0.269,2.12,0.546,1.99,4.924,0.0,0.91,1,-0.027,0.769,0.0
2022-09-06 15:00:00,33.66,32.17,22.72,23.33,0,0.179,0.502,0.647,0.627,2.183,3.96,0.0,1.1,0,0.0,0.71,0.0
2022-09-06 16:00:00,32.08,29.25,22.0,23.33,1,0.154,2.251,2.545,0.927,2.8,8.522,1.0,0.91,1,0.021,1.334,1.33
2022-09-06 17:00:00,35.37,33.7,25.33,23.33,2,0.151,1.242,1.915,0.412,2.2,5.769,3.0,0.91,0,0.0,0.871,4.004
2022-09-06 18:00:00,33.84,30.93,22.09,23.33,1,0.114,1.896,2.62,0.669,2.773,7.958,1.0,0.96,1,-0.029,0.876,1.242
2022-09-06 19:00:00,33.49,31.43,23.8,23.33,2,0.104,0.161,2.936,0.854,2.661,6.612,2.0,1.07,1,0.02,0.708,0.933
2022-09-06 20:00:00,35.09,32.83,24.27,23.33,2,0.085,1.042,2.893,0.739,2.519,7.193,2.0,0.95,1,0.038,0.652,1.883
2022-09-06 21:00:00,34.04,31.95,22.33,23.33,3,0.096,1.686,2.64,0.808,3.5,8.634,3.0,0.99,1,-0.042,0.783,2.989
2022-09-06 22:00:00,35.53,34.27,24.25,23.33,3,0.119,0.334,0.527,0.746,2.926,4.533,3.0,0.9,1,-0.005,0.533,2.747
2022-09-06 23:00:00,35.12,33.37,23.92,23.33,3,0.094,0.815,2.714,0.399,3.025,6.953,3.0,0.92,1,0.011,0.665,1.761
2022-09-07 00:00:00,35.22,34.02,25.07,23.33,2,0.115,0.161,0.688,0.61,2.278,3.737,2.0,1.02,1,0.018,0.446,3.487
2022-09-07 01:00:00,33.21,30.96,22.44,23.33,0,0.084,1.628,2.628,0.732,2.269,7.257,0.0,0.94,0,0.0,0.608,0.0
2022-09-07 02:00:00,35.82,33.92,22.0,23.33,1,0.093,2.427,1.2,0.98,2.8,7.408,1.0,1.04,0,0.0,0.692,1.33
2022-09-07 03:00:00,34.9,32.34,22.39,23.33,0,0.094,2.068,2.025,0.854,2.282,7.229,0.0,1.06,1,0.012,0.692,0.0
2022-09-07 04:00:00,34.3,32.85,23.25,23.33,0,0.082,2.437,0.595,0.627,2.025,5.683,0.0,1.07,0,0.0,0.466,0.0
2022-09-07 05:00:00,34.84,33.51,23.07,23.33,1,0.085,2.114,2.428,1.174,2.479,8.195,1.0,0.93,1,-0.044,0.651,0.26
2022-09-07 06:00:00,32.94,31.13,22.53,23.33,1,0.088,2.138,0.779,0.308,2.642,5.867,1.0,0.99,0,0.0,0.515,0.802
2022-09-07 07:00:00,35.15,32.3,22.0,23.33,1,0.114,1.443,1.527,0.407,2.8,6.176,1.0,1.09,0,0.0,0.701,1.33
2022-09-07 08:00:00,33.74,31.32,23.56,23.33,1,0.083,1.296,2.544,0.541,2.331,6.711,1.0,1.05,0,0.0,0.554,0.235
2022-09-07 09:00:00,33.44,31.6,25.37,23.33,1,0.092,1.016,2.238,0.429,1.79,5.473,1.0,0.92,1,-0.04,0.463,2.037
2022-09-07 10:00:00,33.29,31.26,23.56,23.33,0,0.161,2.045,0.515,0.825,1.933,5.319,0.0,1.0,1,-0.019,0.839,0.0
2022-09-07 11:00:00,35.95,34.78,23.73,23.33,0,0.191,0.455,1.508,0.24,1.881,4.083,0.0,1.08,0,0.0,0.778,0.0
2022-09-07 12:00:00,34.23,31.26,23.69,23.33,2,0.185,0.141,0.605,0.377,2.694,3.817,2.0,0.99,1,0.038,0.743,0.714
2022-09-07 13:00:00,36.41,34.08,23.48,23.33,1,0.2,2.37,2.184,0.493,2.357,7.404,1.0,1.07,1,-0.041,1.437,0.146
2022-09-07 14:00:00,34.36,32.78,24.12,23.33,0,0.177,0.009,2.922,0.883,1.765,5.58,0.0,1.0,1,0.004,0.991,0.0
2022-09-07 15:00:00,33.2,31.03,23.47,23.33,2,0.168,2.442,2.138,1.076,2.758,8.414,2.0,0.92,1,-0.02,1.391,0.289
2022-09-07 16:00:00,33.81,32.59,22.62,23.33,0,0.145,1.822,1.061,0.998,2.213,6.094,0.0,0.93,0,0.0,0.886,0.0
2022-09-07 17:00:00,36.17,33.24,22.04,23.33,1,0.2,0.821,1.388,0.382,2.787,5.378,1.0,0.91,1,0.005,1.079,1.285
2022-09-07 18:00:00,34.79,33.44,22.7,23.33,2,0.086,1.745,2.942,0.765,2.99,8.441,2.0,0.94,0,0.0,0.722,1.258
2022-09-07 19:00:00,34.41,32.11,23.38,23.33,2,0.099,2.045,1.06,0.23,2.787,6.122,2.0,1.08,0,0.0,0.609,0.094
2022-09-07 20:00:00,35.13,33.64,22.62,23.33,2,0.09,0.613,1.904,0.511,3.014,6.042,2.0,1.03,0,0.0,0.543,1.419
2022-09-07 21:00:00,35.48,33.04,23.38,23.33,3,0.087,1.927,1.501,1.006,3.187,7.621,3.0,1.05,0,0.0,0.661,0.142
2022-09-07 22:00:00,36.1,33.55,23.53,23.33,3,0.109,2.011,2.421,0.657,3.142,8.23,3.0,1.02,1,0.004,0.904,0.591
2022-09-07 23:00:00,36.44,34.09,24.0,23.33,2,0.102,0.623,2.668,0.35,2.6,6.242,2.0,0.98,0,0.0,0.634,1.34
2022-09-08 00:00:00,34.63,32.4,24.54,23.33,0,0.089,0.105,1.352,0.639,1.638,3.734,0.0,0.94,1,0.041,0.372,0.0
2022-09-08 01:00:00,33.67,30.89,23.09,23.33,0,0.092,0.51,2.151,0.398,2.072,5.131,0.0,1.09,1,-0.01,0.464,0.0
2022-09-08 02:00:00,34.59,33.43,22.0,23.33,0,0.119,0.502,1.873,0.593,2.4,5.367,0.0,1.0,1,0.031,0.668,0.0
2022-09-08 03:00:00,35.26,33.6,22.59,23.33,1,0.114,0.163,1.196,0.688,2.624,4.671,1.0,1.0,1,-0.022,0.51,0.744
2022-09-08 04:00:00,34.04,32.54,23.05,23.33,0,0.115,1.815,1.18,0.55,2.084,5.629,0.0,1.1,1,-0.049,0.599,0.0
2022-09-08 05:00:00,34.04,31.06,22.0,23.33,1,0.098,0.95,1.847,1.137,2.8,6.733,0.0,0.98,0,0.0,0.663,1.33
2022-09-08 06:00:00,35.34,33.56,24.67,23.33,3,0.105,2.211,0.885,0.763,2.8,6.659,3.0,1.07,1,-0.038,0.661,4.009
2022-09-08 07:00:00,34.94,32.48,23.17,23.33,1,0.095,0.63,2.527,1.043,2.449,6.649,2.0,1.07,0,0.0,0.632,0.159
2022-09-08 08:00:00,35.02,32.65,23.46,23.33,3,0.083,1.133,0.673,0.961,3.163,5.929,3.0,0.95,1,-0.015,0.478,0.383
2022-09-08 09:00:00,34.22,32.8,24.64,23.33,1,0.096,1.598,0.736,0.861,2.008,5.204,2.0,0.92,0,0.0,0.5,1.309
2022-09-08 10:00:00,34.74,33.26,22.24,23.33,1,0.197,2.194,1.356,0.697,2.727,6.973,1.0,1.1,1,-0.042,1.333,1.086
2022-09-08 11:00:00,34.04,32.47,23.69,23.33,0,0.157,1.312,0.795,0.202,1.893,4.202,0.0,0.99,0,0.0,0.659,0.0
2022-09-08 12:00:00,35.84,34.02,22.87,23.33,2,0.184,0.934,1.689,0.813,2.94,6.376,1.0,0.9,0,0.0,1.173,0.924
2022-09-08 13:00:00,35.97,34.51,22.78,23.33,1,0.175,2.168,1.499,0.556,2.566,6.789,1.0,1.0,1,-0.001,1.185,0.551
2022-09-08 14:00:00,33.08,32.04,22.07,23.33,0,0.154,0.776,2.305,0.318,2.378,5.776,0.0,1.02,1,-0.024,0.867,0.0
2022-09-08 15:00:00,33.98,31.22,25.0,23.33,0,0.156,0.199,2.883,0.645,1.5,5.226,0.0,1.06,0,0.0,0.814,0.0
2022-09-08 16:00:00,33.4,30.47,22.55,23.33,0,0.169,1.113,2.384,0.936,2.235,6.667,0.0,1.09,1,0.027,1.157,0.0
2022-09-08 17:00:00,34.23,32.55,23.84,23.33,0,0.165,1.963,0.949,1.162,1.848,5.921,0.0,1.08,0,0.0,0.978,0.0
2022-09-08 18:00:00,34.78,33.1,22.0,23.33,2,0.091,0.077,2.839,0.574,3.2,6.69,2.0,1.09,1,0.047,0.655,2.66
2022-09-08 19:00:00,33.39,32.38,24.42,23.33,3,0.096,1.465,1.48,0.743,2.875,6.563,3.0,0.91,1,-0.007,0.623,3.258
2022-09-08 20:00:00,33.9,31.54,24.26,23.33,2,0.099,1.486,1.685,1.051,2.521,6.744,2.0,1.04,0,0.0,0.669,1.865
2022-09-08 21:00:00,33.8,31.15,23.12,23.33,2,0.102,2.321,1.554,0.534,2.865,7.274,2.0,0.95,0,0.0,0.74,0.426
2022-09-08 22:00:00,34.98,33.69,22.73,23.33,2,0.091,0.716,1.201,0.342,2.982,5.241,2.0,0.94,0,0.0,0.477,1.205
2022-09-08 23:00:00,34.82,33.5,23.48,23.33,3,0.101,0.697,2.738,0.482,3.156,7.073,3.0,1.06,0,0.0,0.714,0.45
2022-09-09 00:00:00,34.01,31.43,25.75,23.33,2,0.1,1.101,1.331,1.099,2.076,5.607,2.0,0.98,1,-0.032,0.531,4.833
2022-09-09 01:00:00,34.88,32.65,22.0,23.33,0,0.093,0.892,1.946,0.359,2.4,5.598,0.0,1.08,1,-0.045,0.474,0.0
2022-09-09 02:00:00,34.13,33.04,23.94,23.33,1,0.113,1.841,1.1,0.529,2.218,5.689,0.0,0.91,1,0.042,0.686,0.608
2022-09-09 03:00:00,34.37,32.13,22.0,23.33,0,0.102,1.604,2.493,0.665,2.4,7.162,0.0,1.06,0,0.0,0.729,0.0
2022-09-09 04:00:00,36.29,34.67,22.98,23.33,0,0.093,1.897,2.435,1.047,2.107,7.487,0.0,0.93,1,-0.04,0.659,0.0
2022-09-09 05:00:00,35.92,34.19,22.7,23.33,1,0.118,2.05,1.241,1.138,2.589,7.018,1.0,0.94,0,0.0,0.827,0.627
2022-09-09 06:00:00,33.25,30.71,22.49,23.33,3,0.114,2.307,2.204,0.626,3.454,8.591,3.0,1.0,1,0.034,1.012,2.532
2022-09-09 07:00:00,35.35,32.72,22.99,23.33,2,0.119,1.077,2.26,1.132,2.904,7.373,2.0,0.98,0,0.0,0.88,0.685
2022-09-09 08:00:00,35.29,33.49,22.0,23.33,2,0.108,2.462,1.906,0.361,3.2,7.929,2.0,1.0,1,0.004,0.858,2.66
2022-09-09 09:00:00,33.3,30.4,24.24,23.33,3,0.095,0.539,2.001,0.357,2.929,5.827,3.0,1.09,0,0.0,0.554,2.715
2022-09-09 10:00:00,35.23,33.41,22.0,23.33,0,0.146,1.786,1.936,1.149,2.4,7.271,0.0,1.03,1,0.026,1.09,0.0
2022-09-09 11:00:00,35.91,33.36,23.65,23.33,1,0.192,1.335,0.705,0.71,2.306,5.055,1.0,0.96,0,0.0,0.972,0.318
2022-09-09 12:00:00,33.21,31.24,22.61,23.33,1,0.171,2.042,2.176,0.386,2.618,7.221,1.0,0.93,1,0.015,1.25,0.722
2022-09-09 13:00:00,33.37,30.57,22.0,23.33,0,0.163,1.192,1.674,0.688,2.4,5.954,1.0,0.98,1,0.005,0.976,0.0
2022-09-09 14:00:00,35.26,32.45,23.24,23.33,0,0.143,1.96,1.596,0.983,2.027,6.566,0.0,0.99,1,-0.002,0.94,0.0
2022-09-09 15:00:00,34.47,33.3,22.0,23.33,0,0.163,2.325,2.65,1.027,2.4,8.402,0.0,1.02,1,0.05,1.418,0.0
2022-09-09 16:00:00,34.71,31.84,23.05,23.33,0,0.194,1.831,0.558,1.064,2.086,5.538,0.0,0.95,0,0.0,1.076,0.0
2022-09-09 17:00:00,34.45,31.8,22.0,23.33,1,0.141,1.94,1.128,0.77,2.8,6.638,1.0,1.05,0,0.0,0.938,1.33
2022-09-09 18:00:00,34.45,31.87,23.55,23.33,3,0.11,0.168,0.804,1.067,3.134,5.172,3.0,0.92,1,0.027,0.597,0.671
2022-09-09 19:00:00,32.69,31.29,22.0,23.33,2,0.119,0.512,0.588,0.71,3.2,5.011,2.0,1.01,0,0.0,0.598,2.66
2022-09-09 20:00:00,35.01,32.4,22.46,23.33,2,0.111,2.436,1.189,0.807,3.062,7.494,2.0,1.02,1,0.003,0.835,1.742
2022-09-09 21:00:00,35.09,32.39,23.35,23.33,3,0.098,1.733,2.971,0.959,3.194,8.857,3.0,0.94,1,-0.04,0.827,0.068
2022-09-09 22:00:00,33.64,32.06,22.07,23.33,1,0.101,1.404,1.176,0.625,2.778,5.983,1.0,1.07,0,0.0,0.606,1.257
2022-09-09 23:00:00,33.77,30.87,22.93,23.33,3,0.116,0.917,2.159,0.274,3.321,6.671,3.0,1.02,1,0.044,0.818,1.199
2022-09-10 00:00:00,32.23,31.13,22.0,23.33,1,0.102,0.111,0.796,0.55,2.8,4.257,1.0,1.03,1,0.022,0.457,1.33
2022-09-10 01:00:00,34.22,32.92,23.76,23.33,1,0.09,0.923,2.005,0.824,2.273,6.024,1.0,1.0,1,-0.029,0.515,0.427
2022-09-10 02:00:00,34.22,32.15,25.12,23.33,2,0.097,1.247,2.961,0.392,2.265,6.865,2.0,1.08,1,0.047,0.716,3.576
2022-09-10 03:00:00,33.53,31.38,26.35,23.33,0,0.101,0.529,1.23,0.348,1.095,3.201,0.0,1.04,0,0.0,0.322,0.0
2022-09-10 04:00:00,34.66,32.37,23.11,23.33,0,0.084,0.433,2.62,0.493,2.067,5.613,0.0,0.98,1,-0.006,0.464,0.0
2022-09-10 05:00:00,33.14,32.11,23.95,23.33,2,0.11,1.271,2.994,0.232,2.616,7.113,3.0,0.95,0,0.0,0.781,1.232
2022-09-10 06:00:00,33.98,31.06,22.0,23.33,2,0.084,1.465,1.971,0.943,3.2,7.58,2.0,0.91,1,0.049,0.689,2.66
2022-09-10 07:00:00,32.33,31.25,24.8,23.33,1,0.096,0.6,1.274,0.459,1.959,4.291,1.0,0.93,0,0.0,0.413,1.473
2022-09-10 08:00:00,33.27,31.98,23.93,23.33,1,0.112,1.468,2.184,0.324,2.221,6.197,1.0,1.1,0,0.0,0.695,0.601
2022-09-10 09:00:00,33.05,32.03,22.42,23.33,3,0.099,2.251,2.612,0.899,3.474,9.236,3.0,0.98,1,-0.014,0.898,2.732
2022-09-10 10:00:00,33.39,31.26,24.48,23.33,1,0.143,1.183,0.928,1.043,2.055,5.209,1.0,1.08,0,0.0,0.746,1.155
2022-09-10 11:00:00,32.73,29.86,22.69,23.33,0,0.196,2.143,1.631,0.22,2.192,6.186,0.0,0.93,1,0.044,1.259,0.0
2022-09-10 12:00:00,32.9,30.57,22.45,23.33,1,0.174,2.318,1.298,0.434,2.665,6.715,1.0,0.99,0,0.0,1.166,0.88
2022-09-10 13:00:00,33.79,31.15,23.57,23.33,1,0.18,0.231,1.208,1.145,2.329,4.913,1.0,1.09,0,0.0,0.882,0.24
2022-09-10 14:00:00,32.46,31.43,22.0,23.33,0,0.162,0.24,2.652,0.585,2.4,5.877,0.0,0.92,0,0.0,0.952,0.0
2022-09-10 15:00:00,31.22,29.14,24.23,23.33,0,0.187,1.19,1.554,1.139,1.732,5.615,1.0,1.02,0,0.0,1.05,0.0
2022-09-10 16:00:00,34.51,32.59,22.0,23.33,1,0.15,1.47,1.348,0.474,2.8,6.092,1.0,1.08,1,0.033,0.947,1.33
2022-09-10 17:00:00,34.07,32.07,22.0,23.33,0,0.143,1.065,2.009,0.418,2.4,5.892,0.0,1.09,1,-0.007,0.835,0.0
2022-09-10 18:00:00,31.32,30.18,22.0,23.33,3,0.119,0.816,1.049,0.414,3.6,5.879,3.0,1.07,0,0.0,0.702,3.99
2022-09-10 19:00:00,33.23,30.86,23.91,23.33,1,0.1,1.602,1.075,0.285,2.227,5.189,1.0,1.07,0,0.0,0.519,0.581
2022-09-10 20:00:00,31.96,29.96,22.26,23.33,3,0.118,0.005,1.801,1.096,3.522,6.424,3.0,1.03,0,0.0,0.758,3.21
2022-09-10 21:00:00,32.65,30.12,22.0,23.33,3,0.1,2.42,1.523,1.18,3.6,8.723,3.0,0.94,0,0.0,0.874,3.99
2022-09-10 22:00:00,32.61,30.64,22.27,23.33,3,0.099,0.58,1.237,1.155,3.518,6.49,3.0,1.05,1,0.016,0.658,3.17
2022-09-10 23:00:00,32.0,30.7,22.96,23.33,3,0.098,2.293,0.635,1.052,3.312,7.291,3.0,1.1,1,0.028,0.743,1.105
2022-09-11 00:00:00,31.38,29.08,22.0,23.33,1,0.093,0.273,1.802,1.047,2.8,5.921,1.0,1.01,1,-0.048,0.505,1.33
2022-09-11 01:00:00,31.39,30.05,22.0,23.33,0,0.101,0.595,2.542,0.861,2.4,6.398,0.0,0.95,1,0.009,0.657,0.0
2022-09-11 02:00:00,31.09,28.34,25.53,23.33,0,0.098,0.587,2.628,1.026,1.34,5.582,0.0,1.01,1,0.048,0.596,0.0
2022-09-11 03:00:00,31.09,28.86,22.0,23.33,0,0.081,2.49,1.089,0.408,2.4,6.387,0.0,1.04,0,0.0,0.52,0.0
2022-09-11 04:00:00,31.77,30.46,22.61,23.33,0,0.09,0.012,1.999,0.588,2.216,4.815,0.0,0.94,0,0.0,0.435,0.0
2022-09-11 05:00:00,31.04,28.12,22.56,23.33,2,0.089,1.599,2.64,0.841,3.032,8.112,2.0,1.04,1,-0.039,0.679,1.541
2022-09-11 06:00:00,32.36,30.32,22.49,23.33,3,0.115,2.174,1.522,1.075,3.452,8.222,3.0,1.02,1,0.049,0.993,2.507
2022-09-11 07:00:00,33.08,31.93,23.75,23.33,2,0.104,1.681,2.83,0.86,2.676,8.048,2.0,1.02,0,0.0,0.837,0.831
2022-09-11 08:00:00,30.92,28.67,24.14,23.33,2,0.111,0.907,2.757,1.039,2.559,7.262,2.0,0.96,1,-0.028,0.775,1.616
2022-09-11 09:00:00,31.66,30.15,22.63,23.33,3,0.118,2.396,1.02,0.674,3.41,7.5,3.0,0.93,1,0.017,0.904,2.091
2022-09-11 10:00:00,31.83,29.23,22.0,23.33,1,0.164,2.234,1.147,0.917,2.8,7.099,1.0,1.02,1,0.036,1.197,1.33
2022-09-11 11:00:00,31.72,29.08,24.53,23.33,2,0.158,1.085,0.951,1.18,2.441,5.657,2.0,1.02,0,0.0,0.896,2.399
2022-09-11 12:00:00,31.23,28.28,22.89,23.33,1,0.164,1.433,0.99,0.353,2.534,5.311,1.0,0.97,1,0.042,0.915,0.444
2022-09-11 13:00:00,31.81,29.81,25.08,23.33,1,0.174,2.419,2.77,1.127,1.877,8.192,1.0,0.96,1,0.042,1.471,1.746
2022-09-11 14:00:00,31.46,29.55,22.0,23.33,2,0.166,2.456,2.828,0.722,3.2,9.207,2.0,0.97,0,0.0,1.525,2.66
2022-09-11 15:00:00,29.65,27.14,23.23,23.33,0,0.156,1.125,0.63,0.843,2.03,4.627,0.0,1.0,1,0.04,0.761,0.0
2022-09-11 16:00:00,31.67,30.4,25.3,23.33,1,0.186,2.118,1.984,1.078,1.809,6.99,1.0,1.09,1,0.045,1.342,1.972
2022-09-11 17:00:00,31.59,29.5,22.58,23.33,2,0.172,0.755,1.911,0.61,3.027,6.302,2.0,1.05,0,0.0,1.083,1.508
2022-09-11 18:00:00,29.85,27.76,22.73,23.33,2,0.092,0.93,1.476,0.619,2.981,6.006,2.0,1.07,1,-0.021,0.53,1.201
2022-09-11 19:00:00,30.56,29.38,23.35,23.33,2,0.11,0.412,2.079,0.727,2.794,6.012,2.0,1.0,0,0.0,0.66,0.049
2022-09-11 20:00:00,31.11,29.27,22.33,23.33,2,0.1,0.523,2.868,0.219,3.101,6.712,2.0,1.01,1,-0.015,0.658,2.001
2022-09-11 21:00:00,30.12,27.42,22.63,23.33,2,0.086,1.642,0.926,0.697,3.012,6.277,2.0,0.94,1,0.026,0.569,1.409
2022-09-11 22:00:00,31.31,28.6,22.59,23.33,3,0.103,1.277,0.801,0.491,3.422,5.991,3.0,1.04,0,0.0,0.617,2.206
2022-09-11 23:00:00,32.5,31.31,22.25,23.33,3,0.116,0.578,0.583,1.128,3.526,5.815,3.0,0.98,0,0.0,0.677,3.249
2022-09-12 00:00:00,29.26,28.08,24.47,23.33,0,0.114,1.007,1.41,0.288,1.658,4.362,0.0,1.05,1,0.049,0.546,0.0
2022-09-12 01:00:00,28.57,27.04,23.55,23.33,0,0.103,0.933,1.344,0.659,1.934,4.87,0.0,0.98,1,-0.018,0.486,0.0
2022-09-12 02:00:00,30.15,27.4,23.3,23.33,0,0.095,2.468,1.577,1.147,2.01,7.203,0.0,0.92,0,0.0,0.685,0.0
2022-09-12 03:00:00,30.47,29.21,23.97,23.33,1,0.083,2.134,1.758,1.101,2.209,7.202,1.0,0.93,1,0.006,0.607,0.64
2022-09-12 04:00:00,29.42,26.98,22.68,23.33,0,0.099,0.97,2.395,0.901,2.195,6.461,0.0,1.06,0,0.0,0.638,0.0
2022-09-12 05:00:00,31.0,29.8,22.07,23.33,0,0.11,2.285,1.48,0.789,2.379,6.933,0.0,0.95,0,0.0,0.763,0.0
2022-09-12 06:00:00,28.11,25.87,22.28,23.33,3,0.094,0.857,1.327,0.481,3.517,6.181,3.0,0.95,1,-0.033,0.55,3.159
2022-09-12 07:00:00,30.04,28.33,23.0,23.33,1,0.089,1.67,2.567,0.567,2.499,7.303,1.0,1.09,1,-0.045,0.608,0.328
2022-09-12 08:00:00,28.64,26.07,22.0,23.33,3,0.117,2.417,2.624,0.29,3.6,8.931,3.0,1.03,1,-0.039,1.008,3.99
2022-09-12 09:00:00,30.87,29.4,22.4,23.33,2,0.113,0.976,1.082,0.986,3.08,6.124,2.0,0.92,0,0.0,0.691,1.861
2022-09-12 10:00:00,31.04,28.76,22.38,23.33,1,0.166,1.7,1.287,0.524,2.686,6.196,1.0,0.93,0,0.0,1.027,0.949
2022-09-12 11:00:00,28.18,26.7,25.55,23.33,1,0.149,0.74,2.563,0.868,1.735,5.906,1.0,0.95,1,-0.042,0.837,2.219
2022-09-12 12:00:00,28.29,25.86,22.0,23.33,0,0.143,0.666,0.699,0.558,2.4,4.322,0.0,1.02,0,0.0,0.617,0.0
2022-09-12 13:00:00,29.59,26.85,22.78,23.33,0,0.178,1.435,1.315,0.664,2.165,5.579,0.0,1.05,0,0.0,0.996,0.0
2022-09-12 14:00:00,28.24,26.99,25.07,23.33,1,0.144,2.448,1.621,0.755,1.879,6.703,1.0,0.95,1,-0.043,0.921,1.741
2022-09-12 15:00:00,28.48,25.75,23.15,23.33,0,0.184,1.133,0.968,1.002,2.056,5.159,0.0,1.07,1,0.012,0.961,0.0
2022-09-12 16:00:00,28.45,26.26,23.9,23.33,2,0.172,2.344,0.95,0.411,2.629,6.334,2.0,0.92,0,0.0,1.092,1.148
2022-09-12 17:00:00,26.39,25.14,23.12,23.33,1,0.152,2.286,1.562,0.599,2.464,6.911,1.0,0.94,0,0.0,1.05,0.21
2022-09-12 18:00:00,28.19,26.34,22.2,23.33,1,0.095,0.634,2.386,0.33,2.74,6.091,1.0,1.09,1,-0.004,0.573,1.131
2022-09-12 19:00:00,27.41,26.09,22.0,23.33,3,0.098,1.005,2.601,0.276,3.6,7.481,3.0,0.93,1,-0.006,0.728,3.99
2022-09-12 20:00:00,27.5,25.1,23.25,23.33,2,0.108,1.608,2.948,0.805,2.826,8.187,2.0,1.08,0,0.0,0.888,0.167
2022-09-12 21:00:00,29.33,26.81,22.07,23.33,3,0.117,1.295,0.685,0.389,3.579,5.948,3.0,1.04,1,0.024,0.723,3.782
2022-09-12 22:00:00,26.52,25.31,22.04,23.33,2,0.116,0.24,1.042,0.26,3.188,4.73,1.0,0.91,0,0.0,0.548,2.581
2022-09-12 23:00:00,28.49,26.47,22.4,23.33,2,0.082,2.484,2.392,1.097,3.08,9.053,2.0,1.0,1,-0.007,0.738,1.858
2022-09-13 00:00:00,27.28,24.66,25.09,23.33,1,0.087,1.882,1.851,0.734,1.872,6.339,1.0,1.0,0,0.0,0.55,1.764
2022-09-13 01:00:00,27.18,24.3,25.89,23.33,1,0.11,1.094,1.319,0.335,1.634,4.382,1.0,1.09,1,0.042,0.525,2.556
2022-09-13 02:00:00,28.14,26.11,23.26,23.33,0,0.108,1.545,1.014,0.253,2.022,4.835,0.0,0.98,1,0.039,0.559,0.0
2022-09-13 03:00:00,27.58,24.68,22.44,23.33,1,0.085,0.219,1.201,0.32,2.667,4.407,1.0,0.99,1,-0.002,0.374,0.888
2022-09-13 04:00:00,27.7,25.63,22.0,23.33,0,0.1,1.238,1.573,0.671,2.4,5.883,1.0,0.92,1,0.002,0.591,0.0
2022-09-13 05:00:00,27.99,26.2,23.56,23.33,1,0.111,2.327,0.943,0.868,2.331,6.47,1.0,1.03,0,0.0,0.72,0.232
2022-09-13 06:00:00,26.58,23.88,25.14,23.33,3,0.089,2.242,2.911,0.841,2.658,8.652,3.0,0.94,1,0.037,0.805,5.428
2022-09-13 07:00:00,26.19,24.2,22.7,23.33,2,0.115,0.843,0.769,0.344,2.989,4.946,2.0,0.92,0,0.0,0.568,1.254
2022-09-13 08:00:00,25.6,23.66,22.0,23.33,3,0.082,1.328,2.964,0.833,3.6,8.726,3.0,1.1,0,0.0,0.717,3.99
2022-09-13 09:00:00,25.75,23.77,23.8,23.33,3,0.111,1.743,2.605,0.605,3.059,8.012,3.0,0.95,0,0.0,0.892,1.422
2022-09-13 10:00:00,29.41,26.72,24.18,23.33,0,0.141,0.85,1.558,0.665,1.745,4.818,0.0,0.93,0,0.0,0.68,0.0
2022-09-13 11:00:00,27.6,24.93,22.0,23.33,0,0.173,0.162,2.35,1.001,2.4,5.913,0.0,1.04,0,0.0,1.021,0.0
2022-09-13 12:00:00,24.89,23.08,23.21,23.33,0,0.184,1.264,2.179,0.532,2.036,6.011,1.0,1.06,1,0.045,1.149,0.0
2022-09-13 13:00:00,24.81,23.14,23.54,23.33,0,0.177,1.504,1.033,0.347,1.938,4.822,0.0,0.91,1,-0.023,0.832,0.0
2022-09-13 14:00:00,26.5,24.52,22.91,23.33,2,0.186,0.015,1.348,1.073,2.926,5.362,2.0,0.92,1,-0.032,0.963,0.835
2022-09-13 15:00:00,26.46,24.31,22.05,23.33,2,0.184,0.239,1.783,0.412,3.185,5.619,2.0,0.92,1,0.04,1.071,2.558
2022-09-13 16:00:00,26.34,24.87,24.22,23.33,0,0.182,0.518,2.095,0.494,1.734,4.841,0.0,0.91,0,0.0,0.879,0.0
2022-09-13 17:00:00,25.43,22.84,22.52,23.33,1,0.189,0.87,1.857,0.907,2.645,6.279,1.0,1.03,0,0.0,1.189,0.814
2022-09-13 18:00:00,25.45,23.47,22.0,23.33,3,0.101,1.353,1.682,0.884,3.6,7.519,3.0,1.02,1,-0.006,0.753,3.99
2022-09-13 19:00:00,25.79,24.12,22.0,23.33,2,0.116,0.735,1.608,1.0,3.2,6.543,1.0,1.03,0,0.0,0.756,2.66
2022-09-13 20:00:00,25.43,24.22,24.51,23.33,2,0.08,0.69,1.746,0.384,2.446,5.266,3.0,1.0,0,0.0,0.422,2.366
2022-09-13 21:00:00,23.02,21.54,23.74,23.33,2,0.091,2.173,1.586,0.552,2.678,6.99,2.0,1.06,0,0.0,0.638,0.82
2022-09-13 22:00:00,24.89,22.0,23.11,23.33,3,0.102,0.363,1.853,0.326,3.268,5.81,3.0,1.01,0,0.0,0.59,0.673
2022-09-13 23:00:00,24.16,22.55,22.47,23.33,1,0.087,1.239,2.72,0.741,2.658,7.358,2.0,1.08,1,0.007,0.649,0.858
2022-09-14 00:00:00,25.07,23.74,22.37,23.33,1,0.116,2.382,2.082,0.493,2.69,7.647,1.0,1.0,0,0.0,0.889,0.965
2022-09-14 01:00:00,27.77,25.85,22.0,23.33,1,0.106,1.563,2.307,0.889,2.8,7.558,1.0,1.06,1,0.035,0.835,1.33
2022-09-14 02:00:00,25.04,23.43,22.48,23.33,0,0.099,1.793,1.994,0.2,2.255,6.242,0.0,0.98,0,0.0,0.619,0.0
2022-09-14 03:00:00,24.25,23.18,22.0,23.33,0,0.113,1.078,2.108,0.26,2.4,5.845,0.0,0.99,1,-0.006,0.652,0.0
2022-09-14 04:00:00,25.37,23.73,22.12,23.33,2,0.098,0.05,1.946,0.633,3.165,5.793,3.0,1.07,1,0.009,0.577,2.427
2022-09-14 05:00:00,24.82,22.73,22.63,23.33,1,0.102,1.615,0.567,1.158,2.612,5.953,1.0,0.92,1,-0.038,0.572,0.703
2022-09-14 06:00:00,24.65,22.54,23.73,23.33,2,0.08,1.58,2.999,1.091,2.68,8.35,2.0,1.01,0,0.0,0.669,0.804
2022-09-14 07:00:00,24.72,23.01,22.95,23.33,3,0.095,0.276,0.584,1.194,3.314,5.368,3.0,1.05,0,0.0,0.508,1.134
2022-09-14 08:00:00,26.06,24.16,23.95,23.33,1,0.086,1.155,1.488,0.617,2.214,5.474,1.0,1.05,1,-0.023,0.446,0.624
2022-09-14 09:00:00,22.76,19.83,24.62,23.33,1,0.108,2.288,0.763,0.247,2.014,5.312,1.0,1.02,0,0.0,0.572,1.289
2022-09-14 10:00:00,24.25,22.5,24.27,23.33,2,0.172,0.513,0.742,0.506,2.519,4.28,2.0,0.99,0,0.0,0.734,1.88
2022-09-14 11:00:00,22.74,21.23,23.56,23.33,0,0.193,1.153,2.484,0.876,1.931,6.443,0.0,0.95,1,0.032,1.278,0.0
2022-09-14 12:00:00,24.11,22.63,23.01,23.33,0,0.16,1.153,1.565,0.335,2.096,5.148,0.0,1.08,1,0.049,0.871,0.0
2022-09-14 13:00:00,22.53,20.61,22.0,23.33,0,0.144,2.027,2.503,0.5,2.4,7.43,0.0,0.97,1,-0.013,1.055,0.0
2022-09-14 14:00:00,22.92,20.4,23.89,23.33,2,0.169,2.061,1.182,0.256,2.634,6.133,2.0,1.06,1,0.001,1.034,1.116
2022-09-14 15:00:00,22.93,21.52,25.02,23.33,2,0.156,1.898,1.141,0.675,2.295,6.01,2.0,0.91,1,-0.006,0.933,3.371
2022-09-14 16:00:00,24.09,21.67,23.41,23.33,2,0.183,0.914,1.128,0.409,2.777,5.227,2.0,0.95,1,0.039,0.996,0.161
2022-09-14 17:00:00,23.92,22.88,25.3,23.33,2,0.197,0.18,2.04,0.291,2.21,4.721,2.0,0.97,0,0.0,0.932,3.941
2022-09-14 18:00:00,21.65,19.81,22.0,23.33,3,0.105,0.874,2.537,0.611,3.6,7.622,3.0,1.03,1,0.015,0.814,3.99
2022-09-14 19:00:00,22.84,20.29,22.0,23.33,3,0.092,1.699,1.631,0.551,3.6,7.481,3.0,0.96,1,0.015,0.704,3.99
2022-09-14 20:00:00,21.97,20.29,24.03,23.33,2,0.119,1.757,1.448,0.738,2.592,6.535,2.0,0.91,0,0.0,0.775,1.392
2022-09-14 21:00:00,21.31,19.18,23.32,23.33,2,0.091,2.413,2.934,0.949,2.805,9.1,2.0,0.93,0,0.0,0.831,0.026
2022-09-14 22:00:00,22.24,20.83,24.58,23.33,2,0.104,1.134,0.792,0.313,2.427,4.666,2.0,0.95,0,0.0,0.483,2.493
2022-09-14 23:00:00,22.04,19.56,22.98,23.33,3,0.12,1.581,1.717,0.991,3.306,7.594,3.0,0.94,1,0.03,0.939,1.046
2022-09-15 00:00:00,24.67,23.56,22.0,23.33,0,0.115,1.348,1.521,0.226,2.4,5.495,0.0,0.94,1,-0.043,0.59,0.0
2022-09-15 01:00:00,22.57,19.86,22.74,23.33,1,0.101,0.377,0.745,0.643,2.577,4.342,1.0,1.05,0,0.0,0.44,0.586
2022-09-15 02:00:00,20.65,19.25,22.0,23.33,2,0.12,1.153,1.171,0.787,3.2,6.311,2.0,0.98,0,0.0,0.755,2.66
2022-09-15 03:00:00,21.35,18.61,22.0,23.33,0,0.108,1.362,0.571,1.157,2.4,5.49,0.0,0.98,1,-0.023,0.57,0.0
2022-09-15 04:00:00,22.83,21.13,24.17,23.33,0,0.088,2.377,2.692,0.774,1.75,7.593,0.0,1.09,1,0.001,0.671,0.0
2022-09-15 05:00:00,23.8,21.35,24.05,23.33,0,0.096,0.916,2.02,0.359,1.786,5.081,0.0,0.99,0,0.0,0.489,0.0
2022-09-15 06:00:00,20.01,18.38,23.44,23.33,2,0.093,2.45,2.538,0.718,2.769,8.475,2.0,1.09,0,0.0,0.791,0.211
2022-09-15 07:00:00,19.62,16.8,22.0,23.33,2,0.094,1.356,1.804,0.596,3.2,6.955,2.0,0.96,0,0.0,0.652,2.66
2022-09-15 08:00:00,23.26,22.01,22.57,23.33,1,0.11,0.606,1.999,0.679,2.629,5.913,1.0,0.98,0,0.0,0.653,0.76
2022-09-15 09:00:00,21.68,20.32,22.0,23.33,2,0.103,0.479,2.252,0.397,3.2,6.328,2.0,0.98,1,0.02,0.674,2.66
2022-09-15 10:00:00,20.31,18.33,24.41,23.33,2,0.173,0.354,2.77,0.701,2.476,6.302,2.0,1.01,1,-0.007,1.082,2.164
2022-09-15 11:00:00,21.61,20.45,22.3,23.33,1,0.193,1.132,0.729,0.35,2.71,4.922,1.0,1.02,0,0.0,0.949,1.03
2022-09-15 12:00:00,18.34,16.95,22.0,23.33,0,0.167,0.055,1.327,0.944,2.4,4.726,0.0,0.95,1,0.0,0.789,0.0
2022-09-15 13:00:00,20.88,17.99,23.04,23.33,2,0.144,1.113,2.273,0.794,2.889,7.068,2.0,1.06,0,0.0,1.015,0.588
2022-09-15 14:00:00,21.1,18.15,22.23,23.33,0,0.191,2.471,2.896,0.279,2.33,7.976,0.0,1.0,1,0.002,1.523,0.0
2022-09-15 15:00:00,21.59,19.84,24.78,23.33,0,0.18,1.675,2.952,1.09,1.566,7.283,1.0,0.9,0,0.0,1.314,0.0
2022-09-15 16:00:00,19.56,16.71,22.12,23.33,2,0.191,1.899,2.095,0.816,3.165,7.976,2.0,1.02,0,0.0,1.523,2.424
2022-09-15 17:00:00,20.55,18.46,22.0,23.33,0,0.148,0.298,0.984,0.516,2.4,4.198,0.0,1.06,0,0.0,0.623,0.0
2022-09-15 18:00:00,19.44,17.9,22.0,23.33,3,0.101,1.183,0.798,0.246,3.6,5.826,3.0,0.95,0,0.0,0.59,3.99
2022-09-15 19:00:00,20.53,18.12,22.96,23.33,2,0.089,0.716,2.865,0.832,2.911,7.324,2.0,0.91,0,0.0,0.652,0.734
2022-09-15 20:00:00,19.28,16.96,22.33,23.33,3,0.09,2.235,1.585,0.573,3.502,7.896,3.0,1.06,0,0.0,0.714,3.013
2022-09-15 21:00:00,19.66,16.69,22.0,23.33,3,0.104,0.453,0.987,1.108,3.6,6.148,3.0,1.1,1,0.042,0.684,3.99
2022-09-15 22:00:00,18.98,17.45,24.43,23.33,1,0.082,1.147,2.835,0.235,2.072,6.288,1.0,0.92,0,0.0,0.513,1.097
2022-09-15 23:00:00,20.53,18.19,23.8,23.33,3,0.119,1.47,0.761,0.239,3.06,5.53,3.0,1.09,0,0.0,0.657,1.412
2022-09-16 00:00:00,20.64,19.54,22.97,23.33,1,0.117,1.285,2.324,1.149,2.51,7.268,0.0,0.97,1,0.03,0.879,0.364
2022-09-16 01:00:00,19.45,18.23,24.64,23.33,2,0.095,2.076,2.063,1.165,2.409,7.712,2.0,1.09,0,0.0,0.734,2.614
2022-09-16 02:00:00,19.63,18.62,23.8,23.33,1,0.101,0.579,0.719,0.228,2.261,3.787,1.0,1.03,1,0.005,0.386,0.465
2022-09-16 03:00:00,18.05,15.05,22.01,23.33,0,0.099,0.943,1.347,0.916,2.396,5.603,0.0,1.08,0,0.0,0.553,0.0
2022-09-16 04:00:00,19.11,16.5,22.0,23.33,2,0.115,1.98,0.875,0.421,3.2,6.477,2.0,1.06,0,0.0,0.747,2.66
2022-09-16 05:00:00,19.26,16.69,23.98,23.33,1,0.108,1.32,2.011,0.901,2.206,6.438,1.0,0.91,0,0.0,0.692,0.652
2022-09-16 06:00:00,21.84,19.82,23.48,23.33,1,0.091,1.005,1.693,1.069,2.357,6.124,0.0,0.91,0,0.0,0.558,0.146
2022-09-16 07:00:00,18.02,16.42,23.2,23.33,3,0.098,0.074,0.511,0.301,3.239,4.124,3.0,1.01,1,-0.04,0.363,0.379
2022-09-16 08:00:00,20.5,19.2,22.0,23.33,3,0.097,1.883,2.939,0.439,3.6,8.862,3.0,0.93,0,0.0,0.861,3.99
2022-09-16 09:00:00,19.95,18.38,23.73,23.33,3,0.118,2.43,1.374,0.224,3.081,7.11,3.0,0.99,1,0.05,0.891,1.199
2022-09-16 10:00:00,19.14,17.39,22.09,23.33,1,0.175,1.551,1.146,0.244,2.772,5.712,0.0,1.09,1,-0.01,0.99,1.237
2022-09-16 11:00:00,20.53,18.02,22.88,23.33,0,0.185,2.141,1.056,0.23,2.137,5.564,0.0,0.96,0,0.0,1.03,0.0
2022-09-16 12:00:00,19.06,16.98,24.74,23.33,0,0.152,1.292,0.897,1.001,1.579,4.769,0.0,1.0,1,0.005,0.731,0.0
2022-09-16 13:00:00,18.99,17.83,22.21,23.33,1,0.18,0.579,2.998,0.498,2.738,6.813,1.0,0.98,0,0.0,1.227,1.123
2022-09-16 14:00:00,18.46,17.42,22.0,23.33,0,0.179,0.036,1.238,0.693,2.4,4.367,0.0,1.03,1,-0.034,0.747,0.0
2022-09-16 15:00:00,19.65,18.45,22.0,23.33,0,0.194,1.633,1.514,0.988,2.4,6.535,0.0,0.94,1,-0.023,1.246,0.0
2022-09-16 16:00:00,19.44,17.62,24.19,23.33,0,0.19,1.233,2.678,0.695,1.742,6.348,0.0,0.95,0,0.0,1.205,0.0
2022-09-16 17:00:00,17.63,14.77,23.31,23.33,1,0.196,1.955,2.105,0.629,2.408,7.097,1.0,1.07,0,0.0,1.393,0.024
2022-09-16 18:00:00,16.86,14.58,22.85,23.33,2,0.083,1.737,1.422,0.212,2.946,6.316,2.0,1.06,0,0.0,0.523,0.969
2022-09-16 19:00:00,17.89,15.29,22.39,23.33,2,0.104,2.47,2.746,0.768,3.083,9.067,2.0,1.06,0,0.0,0.941,1.882
2022-09-16 20:00:00,17.21,15.28,23.58,23.33,3,0.081,1.276,2.374,0.325,3.125,7.1,3.0,1.05,0,0.0,0.572,0.757
2022-09-16 21:00:00,17.87,16.15,22.0,23.33,2,0.093,1.068,1.07,0.965,3.2,6.302,2.0,0.99,1,-0.004,0.582,2.66
2022-09-16 22:00:00,19.09,17.88,23.37,23.33,2,0.117,0.717,2.109,0.458,2.79,6.074,2.0,1.05,0,0.0,0.712,0.074
2022-09-16 23:00:00,17.32,14.57,22.12,23.33,2,0.092,1.192,2.806,0.874,3.163,8.036,2.0,0.98,0,0.0,0.741,2.415
2022-09-17 00:00:00,17.66,15.09,22.0,23.33,0,0.118,2.182,1.741,0.846,2.4,7.17,0.0,0.92,0,0.0,0.843,0.0
2022-09-17 01:00:00,17.68,16.35,22.24,23.33,2,0.09,0.106,2.334,0.817,3.129,6.386,2.0,0.98,0,0.0,0.575,2.19
2022-09-17 02:00:00,18.4,16.37,22.55,23.33,2,0.093,2.445,2.928,0.467,3.035,8.875,2.0,0.93,0,0.0,0.822,1.561
2022-09-17 03:00:00,15.23,13.25,22.94,23.33,2,0.105,2.483,2.226,0.467,2.918,8.094,2.0,0.98,0,0.0,0.851,0.777
2022-09-17 04:00:00,16.79,14.54,23.28,23.33,2,0.11,1.495,0.756,1.063,2.815,6.129,2.0,0.96,0,0.0,0.677,0.095
2022-09-17 05:00:00,17.54,14.65,22.0,23.33,0,0.1,0.829,1.111,0.213,2.4,4.553,0.0,1.02,0,0.0,0.456,0.0
2022-09-17 06:00:00,18.46,16.3,22.03,23.33,3,0.115,0.558,1.988,0.382,3.591,6.518,3.0,0.97,1,-0.007,0.745,3.898
2022-09-17 07:00:00,16.69,14.61,22.53,23.33,2,0.082,0.691,1.189,0.81,3.041,5.731,2.0,1.04,1,-0.042,0.426,1.6
2022-09-17 08:00:00,15.24,14.14,24.81,23.33,2,0.117,0.125,2.894,1.017,2.358,6.394,2.0,1.0,0,0.0,0.747,2.952
2022-09-17 09:00:00,17.67,16.54,22.0,23.33,1,0.088,1.188,1.513,0.558,2.8,6.06,1.0,1.08,1,-0.025,0.508,1.33
2022-09-17 10:00:00,16.35,14.97,23.2,23.33,1,0.162,0.143,1.643,0.853,2.441,5.081,1.0,0.92,0,0.0,0.825,0.135
2022-09-17 11:00:00,15.72,14.66,24.79,23.33,2,0.147,1.796,2.254,0.757,2.362,7.169,2.0,1.04,1,-0.002,1.049,2.928
2022-09-17 12:00:00,16.22,13.74,22.0,23.33,0,0.198,0.93,1.811,0.265,2.4,5.405,0.0,1.03,0,0.0,1.072,0.0
2022-09-17 13:00:00,16.6,14.15,23.47,23.33,2,0.174,0.498,1.455,0.822,2.758,5.534,2.0,1.09,1,-0.045,0.921,0.286
2022-09-17 14:00:00,16.12,14.84,22.04,23.33,1,0.148,1.362,0.692,1.014,2.789,5.856,1.0,0.97,1,0.039,0.904,1.293
2022-09-17 15:00:00,14.45,11.78,22.39,23.33,1,0.161,2.434,1.991,1.192,2.682,8.3,1.0,0.96,1,-0.026,1.312,0.936
2022-09-17 16:00:00,17.49,16.18,22.04,23.33,0,0.173,1.738,2.669,0.23,2.389,7.026,0.0,0.93,1,0.017,1.231,0.0
2022-09-17 17:00:00,17.81,16.21,22.12,23.33,1,0.172,1.229,2.214,0.86,2.763,7.067,1.0,0.95,1,0.03,1.245,1.208
2022-09-17 18:00:00,17.13,15.63,26.27,23.33,3,0.113,1.942,1.454,0.615,2.32,6.331,3.0,1.0,0,0.0,0.713,8.809
2022-09-17 19:00:00,15.28,13.54,24.01,23.33,2,0.084,1.844,0.819,0.21,2.596,5.469,2.0,1.07,1,-0.016,0.444,1.367
2022-09-17 20:00:00,16.16,14.65,24.32,23.33,3,0.089,2.229,2.541,0.814,2.903,8.488,3.0,0.96,0,0.0,0.754,2.976
2022-09-17 21:00:00,16.3,14.32,23.59,23.33,3,0.1,0.512,2.854,0.322,3.123,6.811,3.0,0.93,0,0.0,0.682,0.781
2022-09-17 22:00:00,16.85,15.04,22.0,23.33,3,0.113,2.147,1.471,0.579,3.6,7.796,3.0,0.95,0,0.0,0.883,3.99
2022-09-17 23:00:00,16.87,13.89,23.47,23.33,1,0.086,0.753,2.322,0.461,2.358,5.893,1.0,0.92,1,-0.034,0.472,0.144
2022-09-18 00:00:00,15.41,14.3,24.29,23.33,0,0.102,2.352,1.527,0.561,1.714,6.154,0.0,1.09,0,0.0,0.627,0.0
2022-09-18 01:00:00,16.18,14.89,22.0,23.33,0,0.108,0.703,1.756,0.693,2.4,5.551,0.0,1.07,1,-0.036,0.566,0.0
2022-09-18 02:00:00,16.5,15.39,24.16,23.33,1,0.114,2.317,2.591,0.559,2.152,7.62,1.0,0.96,1,-0.05,0.822,0.828
2022-09-18 03:00:00,17.45,15.2,23.85,23.33,0,0.117,2.409,0.709,0.753,1.846,5.717,0.0,0.95,0,0.0,0.671,0.0
2022-09-18 04:00:00,16.65,15.54,25.22,23.33,1,0.111,0.364,1.826,0.439,1.833,4.461,1.0,1.08,0,0.0,0.497,1.892
2022-09-18 05:00:00,16.69,14.01,22.5,23.33,2,0.106,2.436,1.037,0.835,3.05,7.359,2.0,0.9,1,0.049,0.829,1.663
2022-09-18 06:00:00,15.94,13.91,22.0,23.33,2,0.097,0.214,1.35,1.054,3.2,5.818,2.0,1.02,1,0.026,0.592,2.66
2022-09-18 07:00:00,17.22,15.16,22.57,23.33,3,0.084,0.546,2.111,0.424,3.43,6.512,3.0,1.08,0,0.0,0.55,2.292
2022-09-18 08:00:00,16.17,14.05,24.72,23.33,2,0.108,1.11,0.568,0.708,2.383,4.77,3.0,1.0,0,0.0,0.517,2.785
2022-09-18 09:00:00,14.86,13.52,22.0,23.33,3,0.12,2.484,1.985,0.849,3.6,8.917,3.0,0.9,0,0.0,1.067,3.99
2022-09-18 10:00:00,17.08,15.69,22.0,23.33,0,0.143,1.221,1.209,0.765,2.4,5.595,0.0,0.94,0,0.0,0.799,0.0
2022-09-18 11:00:00,16.34,14.7,23.11,23.33,0,0.171,1.376,2.174,0.566,2.068,6.183,0.0,1.08,0,0.0,1.059,0.0
2022-09-18 12:00:00,15.16,12.97,22.47,23.33,0,0.155,1.736,0.854,0.842,2.259,5.692,0.0,0.9,1,0.0,0.882,0.0
2022-09-18 13:00:00,15.08,13.66,23.01,23.33,2,0.146,2.421,2.34,0.228,2.897,7.886,2.0,0.98,1,0.015,1.164,0.641
2022-09-18 14:00:00,15.82,14.59,24.13,23.33,0,0.165,1.958,2.114,0.57,1.76,6.402,0.0,1.06,1,0.01,1.069,0.0
2022-09-18 15:00:00,15.95,13.01,22.34,23.33,0,0.195,0.56,2.928,0.733,2.299,6.52,0.0,1.07,0,0.0,1.271,0.0
2022-09-18 16:00:00,15.65,14.61,22.0,23.33,1,0.183,0.757,2.778,0.221,2.8,6.556,1.0,1.0,0,0.0,1.203,1.33
2022-09-18 17:00:00,15.74,13.13,25.45,23.33,1,0.189,0.244,1.208,0.708,1.764,3.924,1.0,0.95,1,-0.013,0.729,2.123
2022-09-18 18:00:00,17.09,14.52,22.0,23.33,1,0.118,1.611,0.568,0.854,2.8,5.834,1.0,1.02,1,-0.045,0.642,1.33
2022-09-18 19:00:00,16.43,14.84,22.0,23.33,3,0.108,0.452,2.138,0.959,3.6,7.149,3.0,0.95,0,0.0,0.771,3.99
2022-09-18 20:00:00,15.52,14.25,24.32,23.33,3,0.089,0.644,2.007,0.313,2.903,5.867,3.0,0.95,1,-0.004,0.521,2.983
2022-09-18 21:00:00,16.25,14.95,22.54,23.33,2,0.093,2.22,0.569,1.191,3.038,7.018,3.0,1.06,1,0.026,0.678,1.583
2022-09-18 22:00:00,14.25,11.85,22.92,23.33,1,0.117,0.817,0.807,0.806,2.523,4.953,1.0,0.93,1,-0.029,0.549,0.406
2022-09-18 23:00:00,15.65,13.36,23.58,23.33,2,0.115,1.417,1.962,0.563,2.726,6.668,2.0,0.9,1,-0.006,0.764,0.499
2022-09-19 00:00:00,17.04,14.47,24.3,23.33,1,0.096,0.994,2.78,0.449,2.11,6.332,1.0,0.97,1,-0.032,0.577,0.97
2022-09-19 01:00:00,14.99,12.11,22.6,23.33,0,0.082,0.185,2.766,0.773,2.22,5.944,0.0,1.0,0,0.0,0.485,0.0
2022-09-19 02:00:00,14.33,11.95,24.82,23.33,2,0.082,0.907,0.879,1.082,2.353,5.22,2.0,1.04,1,0.035,0.463,2.988
2022-09-19 03:00:00,14.51,13.2,22.0,23.33,0,0.091,1.02,1.461,0.721,2.4,5.602,0.0,1.06,0,0.0,0.512,0.0
2022-09-19 04:00:00,14.05,12.57,23.91,23.33,0,0.105,2.239,0.608,0.861,1.826,5.535,0.0,1.03,0,0.0,0.582,0.0
2022-09-19 05:00:00,14.34,11.65,22.0,23.33,2,0.103,0.811,1.673,0.558,3.2,6.242,2.0,1.03,0,0.0,0.645,2.66
2022-09-19 06:00:00,14.74,13.32,24.65,23.33,1,0.105,0.948,2.383,0.588,2.006,5.925,1.0,1.03,0,0.0,0.624,1.317
2022-09-19 07:00:00,13.69,12.54,23.17,23.33,2,0.109,1.957,2.475,0.486,2.849,7.767,2.0,0.95,1,-0.021,0.823,0.319
2022-09-19 08:00:00,15.09,12.69,22.19,23.33,1,0.081,1.897,1.747,0.906,2.742,7.293,1.0,0.98,0,0.0,0.589,1.137
2022-09-19 09:00:00,15.97,14.16,23.8,23.33,2,0.084,1.996,0.74,0.559,2.661,5.956,2.0,1.02,1,-0.005,0.496,0.931
2022-09-19 10:00:00,14.14,11.3,24.07,23.33,0,0.192,2.384,1.453,0.391,1.778,6.007,0.0,0.91,0,0.0,1.156,0.0
2022-09-19 11:00:00,16.56,14.26,23.77,23.33,0,0.193,1.989,2.83,0.569,1.869,7.257,0.0,0.96,0,0.0,1.4,0.0
2022-09-19 12:00:00,15.54,14.36,22.0,23.33,0,0.154,1.019,1.074,1.054,2.4,5.547,0.0,0.98,1,-0.03,0.822,0.0
2022-09-19 13:00:00,16.05,13.16,22.42,23.33,0,0.194,2.054,1.299,0.938,2.274,6.566,0.0,1.01,0,0.0,1.272,0.0
2022-09-19 14:00:00,14.36,12.84,23.0,23.33,1,0.16,1.272,2.367,0.535,2.501,6.675,1.0,1.0,1,-0.011,1.06,0.335
2022-09-19 15:00:00,15.86,14.19,22.95,23.33,0,0.159,0.694,2.334,1.107,2.115,6.25,0.0,1.04,0,0.0,0.991,0.0
2022-09-19 16:00:00,13.91,12.11,23.9,23.33,0,0.184,0.757,2.781,0.275,1.83,5.643,0.0,0.99,1,0.029,1.065,0.0
2022-09-19 17:00:00,15.89,14.79,22.0,23.33,0,0.158,0.56,1.47,0.25,2.4,4.68,0.0,1.08,0,0.0,0.741,0.0
2022-09-19 18:00:00,15.17,13.18,23.4,23.33,2,0.109,0.362,1.786,0.327,2.78,5.256,2.0,0.98,1,0.032,0.607,0.142
2022-09-19 19:00:00,15.55,14.31,22.65,23.33,1,0.091,0.461,1.668,0.316,2.604,5.051,1.0,1.01,0,0.0,0.459,0.678
2022-09-19 20:00:00,13.82,12.02,22.0,23.33,3,0.12,0.158,2.819,0.288,3.6,6.865,3.0,0.9,1,0.017,0.839,3.99
2022-09-19 21:00:00,14.11,12.41,22.11,23.33,3,0.087,2.221,2.423,0.861,3.567,9.073,3.0,0.96,1,-0.01,0.783,3.663
2022-09-19 22:00:00,15.6,13.06,22.74,23.33,3,0.089,2.328,2.579,0.801,3.377,9.084,3.0,1.07,0,0.0,0.805,1.762
2022-09-19 23:00:00,14.06,11.46,22.0,23.33,3,0.092,1.467,0.833,0.848,3.6,6.747,3.0,0.97,0,0.0,0.618,3.99
2022-09-20 00:00:00,15.48,14.17,22.16,23.33,0,0.119,2.101,2.48,0.888,2.352,7.822,0.0,0.95,1,-0.015,0.916,0.0
2022-09-20 01:00:00,13.66,11.92,22.0,23.33,0,0.12,0.459,1.582,0.957,2.4,5.398,0.0,1.01,1,-0.02,0.625,0.0
2022-09-20 02:00:00,15.88,14.13,23.64,23.33,1,0.112,2.254,0.558,0.407,2.308,5.528,1.0,0.92,0,0.0,0.618,0.309
2022-09-20 03:00:00,13.81,12.5,22.03,23.33,2,0.105,1.266,0.65,0.822,3.19,5.928,2.0,1.01,1,0.005,0.629,2.593
2022-09-20 04:00:00,15.6,13.01,22.74,23.33,0,0.101,0.168,2.195,0.78,2.177,5.32,0.0,0.96,1,-0.045,0.492,0.0
2022-09-20 05:00:00,15.69,13.27,24.85,23.33,1,0.119,0.353,1.43,1.144,1.945,4.872,1.0,0.98,1,0.028,0.607,1.521
2022-09-20 06:00:00,14.38,13.0,24.19,23.33,3,0.108,0.772,2.67,0.432,2.942,6.817,3.0,1.06,1,-0.036,0.699,2.59
2022-09-20 07:00:00,15.67,13.94,24.08,23.33,3,0.118,0.109,2.336,0.259,2.975,5.678,3.0,1.03,1,-0.037,0.632,2.258
2022-09-20 08:00:00,15.37,14.15,22.4,23.33,3,0.093,0.773,0.554,0.853,3.48,5.661,3.0,0.99,1,-0.03,0.494,2.79
2022-09-20 09:00:00,14.58,12.33,23.65,23.33,2,0.093,0.15,2.217,0.94,2.705,6.012,2.0,1.02,1,0.008,0.569,0.643
2022-09-20 10:00:00,14.13,12.89,22.72,23.33,2,0.18,0.59,0.981,0.483,2.984,5.038,2.0,1.05,0,0.0,0.908,1.221
2022-09-20 11:00:00,13.2,10.23,22.76,23.33,0,0.184,0.664,1.556,0.771,2.171,5.162,0.0,1.05,1,-0.013,0.936,0.0
2022-09-20 12:00:00,15.53,12.97,23.49,23.33,0,0.189,2.486,2.062,0.26,1.953,6.76,1.0,0.94,1,0.043,1.319,0.0
2022-09-20 13:00:00,13.64,11.86,22.28,23.33,0,0.187,0.589,2.682,1.16,2.315,6.746,0.0,0.96,1,0.035,1.296,0.0
2022-09-20 14:00:00,15.32,13.16,24.79,23.33,2,0.181,0.598,1.64,0.31,2.363,4.911,2.0,0.97,0,0.0,0.888,2.923
2022-09-20 15:00:00,14.99,12.16,22.81,23.33,0,0.166,1.717,2.521,0.268,2.158,6.663,0.0,0.94,0,0.0,1.109,0.0
2022-09-20 16:00:00,15.95,13.85,23.74,23.33,2,0.199,2.148,2.457,0.244,2.677,7.527,2.0,0.9,1,0.037,1.535,0.824
2022-09-20 17:00:00,15.0,13.65,24.75,23.33,0,0.174,0.968,1.536,0.627,1.576,4.707,0.0,0.93,1,0.028,0.848,0.0
2022-09-20 18:00:00,15.0,13.24,24.24,23.33,2,0.105,2.189,1.752,0.297,2.529,6.767,2.0,1.06,0,0.0,0.711,1.816
2022-09-20 19:00:00,16.09,13.4,22.0,23.33,1,0.1,0.85,2.251,0.945,2.8,6.846,1.0,1.01,0,0.0,0.686,1.33
2022-09-20 20:00:00,15.72,13.44,23.53,23.33,3,0.119,0.493,0.578,1.099,3.14,5.309,3.0,0.97,1,-0.047,0.583,0.612
2022-09-20 21:00:00,15.74,13.44,24.02,23.33,3,0.108,0.824,2.727,0.46,2.994,7.005,3.0,1.02,1,-0.032,0.722,2.073
2022-09-20 22:00:00,15.92,13.19,24.07,23.33,1,0.09,1.523,2.425,0.829,2.179,6.956,1.0,1.05,1,0.043,0.669,0.74
2022-09-20 23:00:00,13.95,11.16,22.0,23.33,1,0.116,0.918,1.124,0.242,2.8,5.084,1.0,0.97,1,0.011,0.602,1.33
2022-09-21 00:00:00,16.28,13.44,22.21,23.33,0,0.092,1.682,2.953,0.587,2.337,7.558,0.0,0.99,0,0.0,0.694,0.0
2022-09-21 01:00:00,16.17,14.98,24.19,23.33,1,0.095,0.592,0.948,0.493,2.142,4.176,1.0,0.91,1,0.001,0.397,0.863
2022-09-21 02:00:00,14.58,12.49,22.09,23.33,2,0.084,1.752,2.785,0.429,3.174,8.141,1.0,1.02,1,0.033,0.717,2.488
2022-09-21 03:00:00,15.39,12.91,22.64,23.33,1,0.116,0.869,1.311,0.845,2.608,5.632,1.0,0.97,1,0.043,0.696,0.69
2022-09-21 04:00:00,15.64,13.12,24.89,23.33,2,0.091,1.14,2.408,0.33,2.333,6.21,2.0,0.99,0,0.0,0.568,3.122
2022-09-21 05:00:00,15.58,13.37,22.94,23.33,0,0.09,1.394,1.641,1.061,2.117,6.213,0.0,0.98,0,0.0,0.561,0.0
2022-09-21 06:00:00,16.09,14.76,22.13,23.33,3,0.117,1.716,2.341,0.865,3.562,8.483,3.0,1.03,1,-0.018,0.973,3.606
2022-09-21 07:00:00,17.23,14.64,22.0,23.33,3,0.112,0.597,0.889,0.911,3.6,5.997,3.0,1.01,1,-0.003,0.67,3.99
2022-09-21 08:00:00,16.93,14.49,23.4,23.33,3,0.086,2.09,1.174,1.135,3.18,7.579,3.0,0.98,1,0.039,0.688,0.208
2022-09-21 09:00:00,14.58,13.41,22.0,23.33,3,0.111,1.805,0.75,1.142,3.6,7.297,3.0,0.9,1,0.029,0.837,3.99
2022-09-21 10:00:00,16.56,14.63,22.7,23.33,2,0.157,0.585,2.663,0.752,2.989,6.989,2.0,1.02,0,0.0,1.098,1.254
2022-09-21 11:00:00,17.32,15.97,23.4,23.33,1,0.147,2.437,1.241,0.695,2.38,6.754,1.0,1.08,1,-0.043,0.948,0.07
2022-09-21 12:00:00,16.42,14.75,24.56,23.33,0,0.144,1.662,2.236,0.535,1.632,6.066,0.0,1.05,1,-0.046,0.827,0.0
2022-09-21 13:00:00,17.18,16.14,23.8,23.33,0,0.185,1.131,2.551,0.916,1.86,6.457,0.0,1.1,1,-0.037,1.16,0.0
2022-09-21 14:00:00,18.15,16.35,22.14,23.33,0,0.15,0.394,2.754,0.738,2.357,6.243,0.0,0.93,1,0.008,0.944,0.0
2022-09-21 15:00:00,17.22,15.12,24.41,23.33,2,0.195,1.333,0.766,1.133,2.476,5.707,2.0,0.94,0,0.0,1.112,2.168
2022-09-21 16:00:00,16.5,14.26,22.64,23.33,0,0.162,0.412,2.733,0.439,2.208,5.791,0.0,1.01,1,0.044,0.983,0.0
2022-09-21 17:00:00,17.35,15.02,22.0,23.33,2,0.18,1.074,0.993,0.51,3.2,5.777,2.0,0.95,0,0.0,1.041,2.66
2022-09-21 18:00:00,16.5,13.83,22.79,23.33,2,0.111,1.022,2.342,0.516,2.962,6.842,1.0,0.91,1,-0.021,0.736,1.073
2022-09-21 19:00:00,16.44,15.01,24.73,23.33,2,0.081,1.8,2.322,1.006,2.382,7.51,2.0,0.98,1,-0.034,0.577,2.792
2022-09-21 20:00:00,16.12,14.88,23.2,23.33,1,0.098,0.481,0.521,0.299,2.441,3.742,1.0,0.96,1,0.035,0.402,0.132
2022-09-21 21:00:00,18.09,15.39,23.02,23.33,1,0.086,2.055,1.052,0.656,2.495,6.257,1.0,0.95,1,-0.004,0.534,0.315
2022-09-21 22:00:00,15.77,14.46,24.96,23.33,3,0.113,0.815,1.73,0.628,2.711,5.883,3.0,1.09,0,0.0,0.664,4.904
2022-09-21 23:00:00,18.18,15.24,22.0,23.33,2,0.093,1.11,1.55,0.273,3.2,6.133,2.0,0.95,0,0.0,0.568,2.66
2022-09-22 00:00:00,17.21,14.53,22.0,23.33,1,0.098,1.931,2.796,0.611,2.8,8.138,1.0,0.93,1,-0.039,0.76,1.33
2022-09-22 01:00:00,15.38,13.38,22.0,23.33,1,0.097,1.563,1.399,0.713,2.8,6.476,1.0,0.93,0,0.0,0.629,1.33
2022-09-22 02:00:00,17.21,14.25,23.45,23.33,1,0.111,0.77,2.842,0.265,2.366,6.243,1.0,1.06,0,0.0,0.692,0.117
2022-09-22 03:00:00,14.81,13.61,23.2,23.33,0,0.099,0.966,1.649,0.71,2.04,5.364,0.0,1.04,1,-0.014,0.519,0.0
2022-09-22 04:00:00,17.6,15.99,24.85,23.33,2,0.112,0.764,2.911,1.159,2.345,7.179,2.0,0.93,1,0.017,0.818,3.043
2022-09-22 05:00:00,17.93,15.65,23.29,23.33,0,0.083,1.487,2.343,1.179,2.012,7.022,0.0,0.94,0,0.0,0.582,0.0
2022-09-22 06:00:00,16.52,14.82,22.52,23.33,3,0.088,0.832,2.573,0.732,3.445,7.582,3.0,1.05,0,0.0,0.665,2.445
2022-09-22 07:00:00,17.3,14.45,23.0,23.33,2,0.102,1.814,0.762,0.715,2.899,6.191,2.0,0.95,0,0.0,0.632,0.656
2022-09-22 08:00:00,19.2,18.07,23.14,23.33,3,0.118,1.449,1.965,0.486,3.258,7.158,3.0,1.1,1,-0.0,0.843,0.566
2022-09-22 09:00:00,16.82,14.72,22.0,23.33,3,0.083,0.364,0.857,1.197,3.6,6.018,3.0,1.01,0,0.0,0.499,3.99
2022-09-22 10:00:00,16.34,14.15,26.25,23.33,0,0.173,0.776,1.244,0.474,1.124,3.618,0.0,0.94,1,0.017,0.643,0.0
2022-09-22 11:00:00,18.95,16.64,23.62,23.33,0,0.187,0.554,2.059,0.653,1.913,5.178,0.0,1.07,1,-0.039,0.931,0.0
2022-09-22 12:00:00,19.5,17.99,23.25,23.33,1,0.157,0.976,2.316,0.203,2.424,5.919,2.0,0.96,0,0.0,0.929,0.078
2022-09-22 13:00:00,17.62,15.89,23.74,23.33,1,0.151,1.29,0.598,0.549,2.279,4.716,1.0,0.96,0,0.0,0.712,0.408
2022-09-22 14:00:00,18.7,16.02,23.85,23.33,2,0.143,1.267,1.827,0.271,2.645,6.01,2.0,0.97,1,0.041,0.902,1.043
2022-09-22 15:00:00,19.11,17.72,22.83,23.33,0,0.174,1.886,1.913,0.944,2.151,6.894,0.0,1.05,0,0.0,1.202,0.0
2022-09-22 16:00:00,17.11,14.45,22.24,23.33,1,0.181,0.473,0.697,0.761,2.727,4.658,1.0,0.93,1,0.008,0.853,1.087
2022-09-22 17:00:00,17.44,15.32,23.72,23.33,1,0.16,2.366,1.752,0.772,2.284,7.174,1.0,0.98,1,-0.04,1.105,0.389
2022-09-22 18:00:00,19.24,16.71,23.46,23.33,1,0.105,0.857,2.285,0.487,2.361,5.989,1.0,0.91,0,0.0,0.629,0.133
2022-09-22 19:00:00,19.77,17.35,22.03,23.33,1,0.107,0.751,0.633,1.015,2.792,5.19,1.0,1.07,0,0.0,0.557,1.302
2022-09-22 20:00:00,18.73,17.32,24.7,23.33,1,0.085,1.713,2.401,0.203,1.989,6.306,1.0,0.97,1,0.029,0.565,1.373
2022-09-22 21:00:00,17.37,15.23,23.35,23.33,3,0.118,2.014,1.941,0.534,3.194,7.683,3.0,0.95,0,0.0,0.905,0.066
2022-09-22 22:00:00,20.32,17.59,23.88,23.33,3,0.094,0.946,2.583,0.859,3.037,7.426,3.0,1.02,0,0.0,0.695,1.637
2022-09-22 23:00:00,17.89,16.02,24.67,23.33,3,0.109,1.867,1.045,1.108,2.799,6.819,3.0,1.04,0,0.0,0.74,4.021
2022-09-23 00:00:00,18.17,15.24,23.03,23.33,0,0.101,2.209,2.583,0.435,2.092,7.319,0.0,1.06,1,0.049,0.788,0.0
2022-09-23 01:00:00,18.93,17.03,23.38,23.33,1,0.089,1.917,0.736,0.741,2.386,5.78,1.0,0.97,1,-0.031,0.483,0.05
2022-09-23 02:00:00,20.23,18.94,23.97,23.33,2,0.114,0.085,1.51,0.738,2.608,4.941,2.0,1.06,0,0.0,0.563,1.284
2022-09-23 03:00:00,19.62,17.84,22.13,23.33,1,0.113,2.068,0.999,1.074,2.761,6.902,1.0,0.99,1,-0.035,0.743,1.2
2022-09-23 04:00:00,19.27,16.36,23.06,23.33,1,0.096,1.936,2.69,0.251,2.481,7.357,1.0,0.92,0,0.0,0.705,0.265
2022-09-23 05:00:00,19.4,17.76,23.15,23.33,0,0.104,1.673,2.262,0.624,2.055,6.615,0.0,1.07,1,-0.022,0.663,0.0
2022-09-23 06:00:00,19.07,16.34,22.0,23.33,2,0.09,1.9,0.563,0.382,3.2,6.046,2.0,1.01,0,0.0,0.546,2.66
2022-09-23 07:00:00,19.68,16.92,25.78,23.33,3,0.108,2.449,0.524,0.222,2.466,5.66,3.0,1.02,0,0.0,0.609,7.353
2022-09-23 08:00:00,16.68,14.98,22.0,23.33,2,0.092,1.078,1.228,0.347,3.2,5.853,2.0,1.09,1,-0.01,0.53,2.66
2022-09-23 09:00:00,19.01,17.84,22.0,23.33,1,0.114,0.168,0.858,1.176,2.8,5.003,2.0,1.01,0,0.0,0.569,1.33
2022-09-23 10:00:00,19.64,17.19,24.58,23.33,1,0.184,1.152,2.076,0.415,2.027,5.67,1.0,0.9,0,0.0,1.046,1.247
2022-09-23 11:00:00,18.34,16.72,23.86,23.33,1,0.159,0.116,2.159,1.135,2.243,5.654,1.0,1.07,1,0.018,0.918,0.526
2022-09-23 12:00:00,19.97,17.4,22.0,23.33,0,0.146,0.736,2.855,0.405,2.4,6.396,0.0,0.96,1,0.04,0.975,0.0
2022-09-23 13:00:00,19.47,17.59,23.73,23.33,0,0.183,1.467,2.88,1.131,1.881,7.36,0.0,1.0,1,0.025,1.372,0.0
2022-09-23 14:00:00,21.53,19.56,24.76,23.33,1,0.158,0.774,2.147,0.855,1.972,5.747,1.0,0.94,1,0.033,0.941,1.431
2022-09-23 15:00:00,21.44,18.89,22.96,23.33,0,0.15,1.713,0.514,0.313,2.111,4.652,0.0,0.96,0,0.0,0.698,0.0
2022-09-23 16:00:00,19.5,17.74,26.12,23.33,1,0.149,2.055,1.397,0.782,1.564,5.799,1.0,1.04,0,0.0,0.863,2.789
2022-09-23 17:00:00,19.91,18.03,22.0,23.33,0,0.159,1.051,1.783,0.519,2.4,5.752,0.0,0.99,0,0.0,0.914,0.0
2022-09-23 18:00:00,20.09,18.33,23.83,23.33,2,0.108,2.25,1.748,0.583,2.65,7.232,2.0,1.03,0,0.0,0.783,1.005
2022-09-23 19:00:00,19.81,18.07,24.4,23.33,3,0.103,0.2,2.008,0.64,2.88,5.728,3.0,1.06,0,0.0,0.591,3.21
2022-09-23 20:00:00,20.55,18.5,24.07,23.33,3,0.119,2.1,2.901,0.623,2.979,8.603,3.0,0.97,1,-0.018,1.01,2.219
2022-09-23 21:00:00,19.7,17.08,22.75,23.33,3,0.12,2.071,2.713,0.864,3.374,9.022,3.0,1.01,0,0.0,1.083,1.726
2022-09-23 22:00:00,19.43,17.7,22.65,23.33,2,0.115,0.805,0.772,0.968,3.005,5.55,2.0,1.06,0,0.0,0.637,1.357
2022-09-23 23:00:00,21.28,19.23,23.53,23.33,2,0.11,0.747,1.165,0.529,2.74,5.181,2.0,1.04,0,0.0,0.572,0.406
2022-09-24 00:00:00,21.39,19.05,23.98,23.33,0,0.095,0.763,2.583,1.124,1.806,6.276,0.0,1.01,0,0.0,0.599,0.0
2022-09-24 01:00:00,20.06,18.52,23.72,23.33,0,0.11,2.028,2.561,1.138,1.883,7.611,0.0,0.98,1,0.016,0.854,0.0
2022-09-24 02:00:00,21.86,20.31,24.25,23.33,0,0.118,2.079,1.188,0.241,1.726,5.234,0.0,0.98,0,0.0,0.619,0.0
2022-09-24 03:00:00,20.44,17.57,22.0,23.33,0,0.081,0.824,2.326,0.215,2.4,5.766,0.0,0.99,0,0.0,0.467,0.0
2022-09-24 04:00:00,21.43,18.98,22.73,23.33,1,0.102,1.481,2.18,0.625,2.582,6.869,1.0,0.97,1,-0.021,0.677,0.603
2022-09-24 05:00:00,22.1,19.94,22.0,23.33,0,0.089,0.347,1.684,0.791,2.4,5.222,0.0,1.04,1,-0.02,0.443,0.0
2022-09-24 06:00:00,21.35,19.05,22.54,23.33,2,0.102,1.172,1.004,0.478,3.039,5.692,2.0,0.93,1,-0.045,0.537,1.587
2022-09-24 07:00:00,21.94,20.88,24.22,23.33,2,0.099,2.497,2.722,0.459,2.535,8.213,2.0,1.09,1,-0.025,0.785,1.777
2022-09-24 08:00:00,21.07,18.84,23.13,23.33,2,0.103,0.397,2.195,0.878,2.861,6.331,2.0,1.06,1,-0.008,0.644,0.401
2022-09-24 09:00:00,21.5,19.48,26.13,23.33,2,0.102,2.369,0.922,0.802,1.962,6.055,2.0,0.96,0,0.0,0.618,5.596
2022-09-24 10:00:00,21.6,19.5,23.23,23.33,2,0.149,2.061,2.262,0.367,2.83,7.52,2.0,0.91,0,0.0,1.118,0.196
2022-09-24 11:00:00,21.16,19.44,23.07,23.33,0,0.158,2.431,2.354,1.085,2.079,7.947,0.0,1.04,1,-0.046,1.213,0.0
2022-09-24 12:00:00,21.84,20.68,23.13,23.33,1,0.186,0.449,2.717,0.88,2.462,6.508,1.0,1.05,0,0.0,1.21,0.203
2022-09-24 13:00:00,20.57,19.19,22.23,23.33,1,0.158,0.534,1.057,0.563,2.73,4.883,2.0,1.09,0,0.0,0.773,1.095
2022-09-24 14:00:00,21.74,18.84,22.93,23.33,0,0.165,0.042,2.972,0.884,2.121,6.018,0.0,0.95,0,0.0,0.99,0.0
2022-09-24 15:00:00,22.05,20.24,24.35,23.33,2,0.158,1.812,0.883,0.313,2.494,5.502,2.0,0.92,0,0.0,0.87,2.047
2022-09-24 16:00:00,22.19,20.26,23.14,23.33,0,0.145,1.61,2.002,0.668,2.059,6.339,1.0,1.08,1,-0.02,0.898,0.0
2022-09-24 17:00:00,22.31,21.21,22.05,23.33,0,0.196,0.445,2.143,0.369,2.386,5.343,0.0,0.95,0,0.0,1.049,0.0
2022-09-24 18:00:00,22.6,21.53,22.0,23.33,2,0.104,1.978,1.547,0.241,3.2,6.967,2.0,1.04,0,0.0,0.724,2.66
2022-09-24 19:00:00,23.25,20.82,22.46,23.33,2,0.103,0.748,1.688,0.538,3.062,6.036,2.0,0.91,1,0.013,0.636,1.74
2022-09-24 20:00:00,23.76,21.68,23.09,23.33,3,0.105,0.337,2.727,0.351,3.273,6.689,3.0,1.05,1,0.049,0.754,0.724
2022-09-24 21:00:00,22.34,20.33,24.43,23.33,3,0.094,1.056,2.113,0.834,2.87,6.873,3.0,0.93,1,-0.046,0.601,3.307
2022-09-24 22:00:00,21.9,20.41,22.0,23.33,2,0.093,0.227,1.743,0.874,3.2,6.044,2.0,1.04,0,0.0,0.56,2.66
2022-09-24 23:00:00,22.17,19.68,22.62,23.33,1,0.104,0.658,0.821,0.349,2.615,4.443,1.0,1.01,0,0.0,0.464,0.714
2022-09-25 00:00:00,22.84,21.5,23.17,23.33,0,0.085,0.928,0.518,0.225,2.048,3.719,0.0,1.09,1,-0.005,0.312,0.0
2022-09-25 01:00:00,23.08,21.7,22.0,23.33,1,0.09,2.13,0.812,0.993,2.8,6.735,1.0,0.91,0,0.0,0.607,1.33
2022-09-25 02:00:00,22.78,20.85,22.0,23.33,1,0.082,1.981,2.89,0.202,2.8,7.874,1.0,0.96,0,0.0,0.643,1.33
2022-09-25 03:00:00,22.36,20.79,22.18,23.33,0,0.083,1.107,2.41,0.544,2.345,6.406,0.0,0.91,1,0.043,0.574,0.0
2022-09-25 04:00:00,23.31,21.82,22.04,23.33,1,0.09,1.811,2.918,0.695,2.787,8.21,1.0,1.08,0,0.0,0.737,1.285
2022-09-25 05:00:00,24.06,21.77,23.23,23.33,0,0.081,1.422,0.589,1.019,2.031,5.06,1.0,1.02,0,0.0,0.409,0.0
2022-09-25 06:00:00,24.59,22.28,22.81,23.33,2,0.09,0.852,2.201,1.039,2.958,7.049,2.0,1.01,0,0.0,0.633,1.045
2022-09-25 07:00:00,23.55,20.9,22.33,23.33,3,0.106,1.815,0.611,0.925,3.5,6.85,3.0,0.93,0,0.0,0.727,2.989
2022-09-25 08:00:00,23.8,21.97,23.51,23.33,3,0.082,1.709,2.455,0.447,3.146,7.757,3.0,1.0,0,0.0,0.64,0.551
2022-09-25 09:00:00,23.4,22.25,25.07,23.33,2,0.097,1.548,1.452,0.92,2.28,6.2,2.0,0.98,0,0.0,0.604,3.475
2022-09-25 10:00:00,24.41,22.86,24.97,23.33,1,0.197,1.545,0.739,0.447,1.91,4.641,1.0,0.96,0,0.0,0.915,1.637
2022-09-25 11:00:00,23.7,20.74,22.0,23.33,0,0.156,1.707,1.92,0.415,2.4,6.442,0.0,1.05,0,0.0,1.004,0.0
2022-09-25 12:00:00,25.24,23.04,23.69,23.33,1,0.145,0.961,1.2,0.747,2.292,5.201,1.0,0.91,0,0.0,0.756,0.362
2022-09-25 13:00:00,22.99,20.57,22.79,23.33,1,0.169,2.173,2.149,0.879,2.564,7.765,1.0,1.03,1,0.002,1.311,0.544
2022-09-25 14:00:00,24.53,23.51,23.19,23.33,1,0.191,0.406,2.145,0.253,2.444,5.248,1.0,1.06,1,0.024,1.029,0.144
2022-09-25 15:00:00,25.3,23.26,22.52,23.33,2,0.173,2.21,2.263,0.26,3.043,7.776,2.0,1.08,0,0.0,1.346,1.616
